Date,Time,Time Zone,Category,Item,SKU,Qty,Price Point Name,Gross Sales,Discounts,Net Sales,Tax,Transaction ID,Payment ID,Device Name,Notes,Details,Event Type,Location,Dining Option,Customer Name,Customer ID,Customer Reference ID
01/01/2025,06:45:58 PM,America/Chicago,Household & Cleaning,Batteries AA 4-Pack,HHC-012,2,Regular,$12.98,$0.00,$12.98,$0.91,SQ20250101000035,PMT20250101000035,Register 2,,,Payment,Corner Store #1,,,,
01/01/2025,04:36:18 PM,America/Chicago,Health & OTC,Digital Thermometer,HOT-012,1,Regular,$3.99,$0.00,$3.99,$0.28,SQ20250101000043,PMT20250101000043,Mobile POS,,,Payment,Corner Store #1,,,,
01/01/2025,05:35:45 PM,America/Chicago,Frozen Foods,Frozen French Fries Bag,FRZ-004,2,Regular,$11.98,$0.00,$11.98,$0.84,SQ20250101000057,PMT20250101000057,Mobile POS,,,Payment,Corner Store #1,,,,
01/01/2025,05:35:45 PM,America/Chicago,Bakery,Glazed Donut,BAK-006,1,Regular,$4.99,$0.00,$4.99,$0.35,SQ20250101000057,PMT20250101000057,Register 2,,,Payment,Corner Store #1,,,,
01/01/2025,05:35:45 PM,America/Chicago,Household & Cleaning,Toilet Paper 4-Pack,HHC-002,2,Regular,$5.98,$0.00,$5.98,$0.42,SQ20250101000057,PMT20250101000057,Register 2,,,Payment,Corner Store #1,,,,
01/01/2025,05:35:45 PM,America/Chicago,Beverages,Energy Drink Sugar-Free 16oz,BEV-012,1,Regular,$3.99,$0.00,$3.99,$0.28,SQ20250101000057,PMT20250101000057,Register 2,,,Payment,Corner Store #1,,,,
01/01/2025,05:35:45 PM,America/Chicago,Personal Care,Toothbrush Single,PCR-002,1,Regular,$8.49,$0.00,$8.49,$0.59,SQ20250101000057,PMT20250101000057,Register 2,,,Payment,Corner Store #1,,,,
01/02/2025,04:01:40 PM,America/Chicago,Beverages,Iced Latte Bottle 13oz,BEV-015,1,Regular,$1.99,$0.00,$1.99,$0.14,SQ20250102000089,PMT20250102000089,Register 1,,,Payment,Corner Store #1,,,,
01/02/2025,03:05:25 PM,America/Chicago,Snacks,Tortilla Chips Family Size,SNK-011,1,Regular,$2.99,$0.00,$2.99,$0.21,SQ20250102000113,PMT20250102000113,Mobile POS,,,Payment,Corner Store #1,,,,
01/02/2025,03:05:25 PM,America/Chicago,Dairy,2% Milk 1 Gallon,DAI-002,1,Regular,$4.49,$0.00,$4.49,$0.31,SQ20250102000113,PMT20250102000113,Register 1,,,Payment,Corner Store #1,,,,
01/02/2025,03:05:25 PM,America/Chicago,Beverages,Bottled Water 16.9oz,BEV-008,2,Regular,$7.98,$0.00,$7.98,$0.56,SQ20250102000113,PMT20250102000113,Register 2,,,Payment,Corner Store #1,,,,
01/02/2025,03:05:25 PM,America/Chicago,Bakery,Pound Cake Slice,BAK-012,1,Regular,$5.49,$0.00,$5.49,$0.38,SQ20250102000113,PMT20250102000113,Mobile POS,,,Payment,Corner Store #1,,,,
01/02/2025,03:05:25 PM,America/Chicago,Grocery & Pantry,Hot Sauce Bottle,GRO-014,1,Regular,$2.99,$0.00,$2.99,$0.21,SQ20250102000113,PMT20250102000113,Register 2,,,Payment,Corner Store #1,,,,
01/02/2025,07:41:23 AM,America/Chicago,Beverages,Orange Juice 12oz,BEV-013,1,Regular,$2.49,$0.00,$2.49,$0.17,SQ20250102000132,PMT20250102000132,Mobile POS,,,Payment,Corner Store #1,,,,
01/02/2025,04:38:39 PM,America/Chicago,Beverages,Diet Coke 20oz Bottle,BEV-002,1,Regular,$3.49,$0.00,$3.49,$0.24,SQ20250102000166,PMT20250102000166,Register 2,,,Payment,Corner Store #1,,Danielle Wheeler,CUST212168,a8499b92-6b52-42e3-94fc-dd549e8fc965
01/03/2025,01:29:16 PM,America/Chicago,Grocery & Pantry,Spaghetti Pasta Box,GRO-002,1,Regular,$4.99,$0.00,$4.99,$0.35,SQ20250103000212,PMT20250103000212,Mobile POS,,,Payment,Corner Store #1,,,,
01/03/2025,01:46:44 PM,America/Chicago,Health & OTC,First Aid Spray,HOT-009,1,Regular,$10.99,$0.00,$10.99,$0.77,SQ20250103000225,PMT20250103000225,Mobile POS,,,Payment,Corner Store #1,,Richard Rodriguez,CUST286340,787f2425-dbcc-4477-89e9-db0adf465290
01/03/2025,01:46:44 PM,America/Chicago,Health & OTC,First Aid Spray,HOT-009,1,Regular,$10.99,$0.00,$10.99,$0.77,SQ20250103000225,PMT20250103000225,Mobile POS,,,Payment,Corner Store #1,,Richard Rodriguez,CUST286340,787f2425-dbcc-4477-89e9-db0adf465290
01/03/2025,11:24:44 AM,America/Chicago,Household & Cleaning,Plastic Wrap Roll,HHC-009,1,Regular,$7.49,-$0.75,$6.74,$0.47,SQ20250103000266,PMT20250103000266,Register 1,,,Payment,Corner Store #1,,,,
01/03/2025,11:24:44 AM,America/Chicago,Grocery & Pantry,White Rice 2lb Bag,GRO-001,1,Regular,$4.49,$0.00,$4.49,$0.31,SQ20250103000266,PMT20250103000266,Register 2,,,Payment,Corner Store #1,,,,
01/03/2025,11:24:44 AM,America/Chicago,Beverages,Orange Juice 12oz,BEV-013,2,Regular,$4.98,$0.00,$4.98,$0.35,SQ20250103000266,PMT20250103000266,Register 1,,,Payment,Corner Store #1,,,,
01/03/2025,02:32:49 PM,America/Chicago,Frozen Foods,Frozen Corn Dogs 4-Pack,FRZ-012,1,Regular,$5.99,$0.00,$5.99,$0.42,SQ20250103000276,PMT20250103000276,Register 2,,,Payment,Corner Store #1,,,,
01/04/2025,11:34:36 AM,America/Chicago,Frozen Foods,Frozen Mozzarella Sticks Bag,FRZ-013,2,Regular,$12.98,$0.00,$12.98,$0.91,SQ20250104000306,PMT20250104000306,Register 2,,,Payment,Corner Store #1,,Sandra Kelley,CUST785428,dc8aee30-be60-43f7-a8be-9288e5af6e39
01/04/2025,08:43:47 AM,America/Chicago,Health & OTC,Vitamin C Tablets Bottle,HOT-006,1,Regular,$11.49,$0.00,$11.49,$0.80,SQ20250104000328,PMT20250104000328,Mobile POS,,,Payment,Corner Store #1,,,,
01/04/2025,07:32:35 PM,America/Chicago,Beverages,Energy Drink Sugar-Free 16oz,BEV-012,1,Regular,$3.99,$0.00,$3.99,$0.28,SQ20250104000367,PMT20250104000367,Mobile POS,,,Payment,Corner Store #1,,,,
01/04/2025,07:32:35 PM,America/Chicago,Bakery,Chocolate Donut,BAK-007,1,Regular,$1.99,$0.00,$1.99,$0.14,SQ20250104000367,PMT20250104000367,Register 2,,,Payment,Corner Store #1,,,,
01/05/2025,02:41:23 PM,America/Chicago,Beverages,Iced Latte Bottle 13oz,BEV-015,1,Regular,$1.99,$0.00,$1.99,$0.14,SQ20250105000383,PMT20250105000383,Register 1,,,Payment,Corner Store #1,,Stephen Sanchez,CUST506281,ab0e664e-9c3e-42d5-91e1-aa9676f72255
01/05/2025,02:41:23 PM,America/Chicago,Snacks,Beef Jerky Original 2.85oz,SNK-007,2,Regular,$4.98,$0.00,$4.98,$0.35,SQ20250105000383,PMT20250105000383,Register 1,,,Payment,Corner Store #1,,Stephen Sanchez,CUST506281,ab0e664e-9c3e-42d5-91e1-aa9676f72255
01/05/2025,05:32:39 PM,America/Chicago,Dairy,String Cheese Pack,DAI-007,2,Regular,$7.98,$0.00,$7.98,$0.56,SQ20250105000389,PMT20250105000389,Mobile POS,,,Payment,Corner Store #1,,,,
01/05/2025,05:18:51 PM,America/Chicago,Bakery,Cinnamon Roll,BAK-010,1,Regular,$5.49,$0.00,$5.49,$0.38,SQ20250105000424,PMT20250105000424,Register 2,,,Payment,Corner Store #1,,,,
01/06/2025,06:33:41 PM,America/Chicago,Household & Cleaning,Sandwich Bags Box,HHC-010,1,Regular,$5.99,$0.00,$5.99,$0.42,SQ20250106000466,PMT20250106000466,Mobile POS,,,Payment,Corner Store #1,,,,
01/06/2025,06:33:41 PM,America/Chicago,Personal Care,Travel Size Body Wash,PCR-014,2,Regular,$10.98,$0.00,$10.98,$0.77,SQ20250106000466,PMT20250106000466,Register 2,,,Payment,Corner Store #1,,,,
01/06/2025,07:44:57 PM,America/Chicago,Snacks,Mixed Nuts 1.5oz,SNK-014,1,Regular,$1.99,$0.00,$1.99,$0.14,SQ20250106000468,PMT20250106000468,Register 1,,,Payment,Corner Store #1,,,,
01/07/2025,11:01:59 AM,America/Chicago,Snacks,Rice Cakes Snack Pack,SNK-013,1,Regular,$1.99,$0.00,$1.99,$0.14,SQ20250107000520,PMT20250107000520,Register 1,,,Payment,Corner Store #1,,,,
01/07/2025,11:01:59 AM,America/Chicago,Beverages,Energy Drink Original 16oz,BEV-011,1,Regular,$3.49,$0.00,$3.49,$0.24,SQ20250107000520,PMT20250107000520,Mobile POS,,,Payment,Corner Store #1,,,,
01/07/2025,03:59:21 PM,America/Chicago,Candy,Milky Way Bar,CDY-012,1,Regular,$1.49,$0.00,$1.49,$0.10,SQ20250107000526,PMT20250107000526,Register 1,,,Payment,Corner Store #1,,,,
01/08/2025,07:44:25 PM,America/Chicago,Frozen Foods,Frozen Mixed Vegetables Bag,FRZ-006,2,Regular,$5.00,$0.00,$5.00,$0.35,SQ20250108000559,PMT20250108000559,Mobile POS,,,Payment,Corner Store #1,,,,
01/08/2025,06:00:30 PM,America/Chicago,Health & OTC,First Aid Spray,HOT-009,1,Regular,$10.99,$0.00,$10.99,$0.77,SQ20250108000613,PMT20250108000613,Mobile POS,,,Payment,Corner Store #1,,,,
01/08/2025,06:00:30 PM,America/Chicago,Grocery & Pantry,Instant Oatmeal Packets,GRO-010,2,Regular,$2.98,$0.00,$2.98,$0.21,SQ20250108000613,PMT20250108000613,Register 2,,,Payment,Corner Store #1,,,,
01/08/2025,06:00:30 PM,America/Chicago,Snacks,Rice Cakes Snack Pack,SNK-013,1,Regular,$1.99,$0.00,$1.99,$0.14,SQ20250108000613,PMT20250108000613,Register 1,,,Payment,Corner Store #1,,,,
01/08/2025,06:00:30 PM,America/Chicago,Personal Care,Travel Size Shampoo,PCR-005,1,Regular,$3.99,$0.00,$3.99,$0.28,SQ20250108000613,PMT20250108000613,Register 2,,,Payment,Corner Store #1,,,,
01/08/2025,06:00:30 PM,America/Chicago,Snacks,Tortilla Chips Family Size,SNK-011,1,Regular,$2.99,$0.00,$2.99,$0.21,SQ20250108000613,PMT20250108000613,Mobile POS,,,Payment,Corner Store #1,,,,
01/09/2025,06:58:19 PM,America/Chicago,Personal Care,Travel Size Shampoo,PCR-005,1,Regular,$3.99,$0.00,$3.99,$0.28,SQ20250109000643,PMT20250109000643,Register 2,,,Payment,Corner Store #1,,,,
01/09/2025,11:02:58 AM,America/Chicago,Household & Cleaning,Matches Box,HHC-014,1,Regular,$11.49,$0.00,$11.49,$0.80,SQ20250109000648,PMT20250109000648,Register 2,,,Payment,Corner Store #1,,,,
01/09/2025,11:02:58 AM,America/Chicago,Personal Care,Toothbrush Single,PCR-002,3,Regular,$25.47,$0.00,$25.47,$1.78,SQ20250109000648,PMT20250109000648,Register 1,,,Payment,Corner Store #1,,,,
01/09/2025,08:49:44 AM,America/Chicago,Candy,Starburst Original Bag,CDY-006,1,Regular,$1.49,$0.00,$1.49,$0.10,SQ20250109000652,PMT20250109000652,Register 1,,,Payment,Corner Store #1,,,,
01/10/2025,06:30:47 PM,America/Chicago,Candy,Twix Bar,CDY-008,1,Regular,$1.49,$0.00,$1.49,$0.10,SQ20250110000733,PMT20250110000733,Mobile POS,,,Payment,Corner Store #1,,Mr. Andrew Foster,CUST653071,345512f7-01f7-47ec-8e06-30cd996d5c50
01/10/2025,06:30:47 PM,America/Chicago,Dairy,American Cheese Slices,DAI-014,1,Regular,$7.50,$0.00,$7.50,$0.53,SQ20250110000733,PMT20250110000733,Register 1,,,Payment,Corner Store #1,,Mr. Andrew Foster,CUST653071,345512f7-01f7-47ec-8e06-30cd996d5c50
01/10/2025,08:22:50 PM,America/Chicago,Grocery & Pantry,Pasta Sauce Jar,GRO-003,1,Regular,$4.99,$0.00,$4.99,$0.35,SQ20250110000760,PMT20250110000760,Register 1,,,Payment,Corner Store #1,,,,
01/10/2025,04:34:58 PM,America/Chicago,Beverages,Pepsi 20oz Bottle,BEV-004,3,Regular,$10.47,$0.00,$10.47,$0.73,SQ20250110000765,PMT20250110000765,Register 2,,,Payment,Corner Store #1,,,,
01/10/2025,04:34:58 PM,America/Chicago,Personal Care,Travel Size Shampoo,PCR-005,1,Regular,$3.99,$0.00,$3.99,$0.28,SQ20250110000765,PMT20250110000765,Register 1,,,Payment,Corner Store #1,,,,
01/11/2025,06:59:07 PM,America/Chicago,Frozen Foods,Frozen Pepperoni Pizza,FRZ-001,1,Regular,$8.49,$0.00,$8.49,$0.59,SQ20250111000770,PMT20250111000770,Register 1,,,Payment,Corner Store #1,,Sabrina Briggs,CUST130990,4187222b-257d-4e52-9a51-65ca3c7c1d85
01/11/2025,06:59:07 PM,America/Chicago,Personal Care,Cotton Swabs Box,PCR-010,1,Regular,$1.99,$0.00,$1.99,$0.14,SQ20250111000770,PMT20250111000770,Register 1,,,Payment,Corner Store #1,,Sabrina Briggs,CUST130990,4187222b-257d-4e52-9a51-65ca3c7c1d85
01/11/2025,05:08:17 PM,America/Chicago,Dairy,2% Milk 1 Gallon,DAI-002,1,Regular,$4.49,$0.00,$4.49,$0.31,SQ20250111000771,PMT20250111000771,Register 2,,,Payment,Corner Store #1,,Lance Wolf,CUST308915,f387e1bd-2d59-42c6-934a-5a2fa7cf705c
01/11/2025,05:08:17 PM,America/Chicago,Frozen Foods,Frozen Breakfast Sandwich,FRZ-008,2,Regular,$12.98,$0.00,$12.98,$0.91,SQ20250111000771,PMT20250111000771,Register 1,,,Payment,Corner Store #1,,Lance Wolf,CUST308915,f387e1bd-2d59-42c6-934a-5a2fa7cf705c
01/11/2025,05:08:17 PM,America/Chicago,Candy,Kit Kat Bar,CDY-007,1,Regular,$2.99,$0.00,$2.99,$0.21,SQ20250111000771,PMT20250111000771,Register 2,,,Payment,Corner Store #1,,Lance Wolf,CUST308915,f387e1bd-2d59-42c6-934a-5a2fa7cf705c
01/11/2025,05:08:17 PM,America/Chicago,Personal Care,Hand Sanitizer 2oz,PCR-007,3,Regular,$10.47,$0.00,$10.47,$0.73,SQ20250111000771,PMT20250111000771,Mobile POS,,,Payment,Corner Store #1,,Lance Wolf,CUST308915,f387e1bd-2d59-42c6-934a-5a2fa7cf705c
01/11/2025,04:39:06 PM,America/Chicago,Personal Care,Deodorant Stick,PCR-006,1,Regular,$2.99,$0.00,$2.99,$0.21,SQ20250111000852,PMT20250111000852,Register 2,,,Payment,Corner Store #1,,,,
01/11/2025,06:18:58 PM,America/Chicago,Beverages,Orange Juice 12oz,BEV-013,1,Regular,$2.49,$0.00,$2.49,$0.17,SQ20250111000859,PMT20250111000859,Mobile POS,,,Payment,Corner Store #1,,Cynthia Wallace,CUST840632,c8a723e9-bfa0-46c2-809c-b50648f1096d
01/11/2025,06:18:58 PM,America/Chicago,Grocery & Pantry,Hot Sauce Bottle,GRO-014,1,Regular,$2.99,$0.00,$2.99,$0.21,SQ20250111000859,PMT20250111000859,Register 1,,,Payment,Corner Store #1,,Cynthia Wallace,CUST840632,c8a723e9-bfa0-46c2-809c-b50648f1096d
01/11/2025,06:18:58 PM,America/Chicago,Bakery,Pound Cake Slice,BAK-012,1,Regular,$5.49,$0.00,$5.49,$0.38,SQ20250111000859,PMT20250111000859,Register 1,,,Payment,Corner Store #1,,Cynthia Wallace,CUST840632,c8a723e9-bfa0-46c2-809c-b50648f1096d
01/11/2025,06:18:58 PM,America/Chicago,Beverages,Energy Drink Original 16oz,BEV-011,1,Regular,$3.49,$0.00,$3.49,$0.24,SQ20250111000859,PMT20250111000859,Register 2,,,Payment,Corner Store #1,,Cynthia Wallace,CUST840632,c8a723e9-bfa0-46c2-809c-b50648f1096d
01/12/2025,08:03:33 AM,America/Chicago,Snacks,Lay's Classic Chips 1oz,SNK-001,1,Regular,$1.99,$0.00,$1.99,$0.14,SQ20250112000870,PMT20250112000870,Register 1,,,Payment,Corner Store #1,,Brenda Wright,CUST661483,5f07c1a5-dfc6-40ce-bb07-fd31a4244f23
01/12/2025,09:48:59 AM,America/Chicago,Candy,Starburst Original Bag,CDY-006,1,Regular,$1.49,$0.00,$1.49,$0.10,SQ20250112000914,PMT20250112000914,Mobile POS,,,Payment,Corner Store #1,,Kimberly Acosta,CUST910822,c6b33fe6-1c76-4df6-ac5a-6c93871c0884
01/12/2025,09:37:10 AM,America/Chicago,Bakery,White Sandwich Bread,BAK-001,2,Regular,$6.98,$0.00,$6.98,$0.49,SQ20250112000932,PMT20250112000932,Mobile POS,,,Payment,Corner Store #1,,,,
01/12/2025,09:37:10 AM,America/Chicago,Personal Care,Cotton Swabs Box,PCR-010,1,Regular,$1.99,$0.00,$1.99,$0.14,SQ20250112000932,PMT20250112000932,Mobile POS,,,Payment,Corner Store #1,,,,
01/13/2025,06:50:07 PM,America/Chicago,Bakery,Chocolate Donut,BAK-007,2,Regular,$3.98,$0.00,$3.98,$0.28,SQ20250113000948,PMT20250113000948,Mobile POS,,,Payment,Corner Store #1,,,,
01/13/2025,09:48:13 AM,America/Chicago,Dairy,Whole Milk Half Gallon,DAI-003,1,Regular,$6.49,$0.00,$6.49,$0.45,SQ20250113000975,PMT20250113000975,Mobile POS,,,Payment,Corner Store #1,,Theresa Jones,CUST612867,83599af6-5d01-455f-a7fd-64c4a334058a
01/13/2025,09:48:13 AM,America/Chicago,Health & OTC,Eye Drops Bottle,HOT-014,1,Regular,$2.50,$0.00,$2.50,$0.18,SQ20250113000975,PMT20250113000975,Register 1,,,Payment,Corner Store #1,,Theresa Jones,CUST612867,83599af6-5d01-455f-a7fd-64c4a334058a
01/13/2025,09:48:13 AM,America/Chicago,Dairy,Heavy Whipping Cream Pint,DAI-015,3,Regular,$22.47,-$2.25,$20.22,$1.42,SQ20250113000975,PMT20250113000975,Register 2,,,Payment,Corner Store #1,,Theresa Jones,CUST612867,83599af6-5d01-455f-a7fd-64c4a334058a
01/14/2025,06:37:08 PM,America/Chicago,Personal Care,Mouthwash 8oz,PCR-003,1,Regular,$4.99,$0.00,$4.99,$0.35,SQ20250114001012,PMT20250114001012,Mobile POS,,,Payment,Corner Store #1,,Allison Spencer,CUST922312,fba6abf7-cdbc-4653-b7a7-e8b75e70f65f
01/14/2025,06:37:08 PM,America/Chicago,Frozen Foods,Frozen French Fries Bag,FRZ-004,2,Regular,$11.98,$0.00,$11.98,$0.84,SQ20250114001012,PMT20250114001012,Register 2,,,Payment,Corner Store #1,,Allison Spencer,CUST922312,fba6abf7-cdbc-4653-b7a7-e8b75e70f65f
01/14/2025,06:37:08 PM,America/Chicago,Beverages,Energy Drink Sugar-Free 16oz,BEV-012,1,Regular,$3.99,-$0.40,$3.59,$0.25,SQ20250114001012,PMT20250114001012,Mobile POS,,,Payment,Corner Store #1,,Allison Spencer,CUST922312,fba6abf7-cdbc-4653-b7a7-e8b75e70f65f
01/14/2025,06:37:08 PM,America/Chicago,Grocery & Pantry,Canned Corn,GRO-005,1,Regular,$4.99,$0.00,$4.99,$0.35,SQ20250114001012,PMT20250114001012,Register 1,,,Payment,Corner Store #1,,Allison Spencer,CUST922312,fba6abf7-cdbc-4653-b7a7-e8b75e70f65f
01/14/2025,06:37:08 PM,America/Chicago,Snacks,Rice Cakes Snack Pack,SNK-013,3,Regular,$5.97,$0.00,$5.97,$0.42,SQ20250114001012,PMT20250114001012,Mobile POS,,,Payment,Corner Store #1,,Allison Spencer,CUST922312,fba6abf7-cdbc-4653-b7a7-e8b75e70f65f
01/14/2025,09:37:20 PM,America/Chicago,Beverages,Bottled Water 16.9oz,BEV-008,1,Regular,$3.99,$0.00,$3.99,$0.28,SQ20250114001015,PMT20250114001015,Register 1,,,Payment,Corner Store #1,,,,
01/14/2025,09:37:20 PM,America/Chicago,Personal Care,Facial Tissues Box,PCR-008,1,Regular,$5.49,$0.00,$5.49,$0.38,SQ20250114001015,PMT20250114001015,Mobile POS,,,Payment,Corner Store #1,,,,
01/14/2025,09:37:20 PM,America/Chicago,Frozen Foods,Frozen Mozzarella Sticks Bag,FRZ-013,2,Regular,$12.98,$0.00,$12.98,$0.91,SQ20250114001015,PMT20250114001015,Register 1,,,Payment,Corner Store #1,,,,
01/14/2025,09:37:20 PM,America/Chicago,Personal Care,Band-Aids Box,PCR-011,1,Regular,$5.49,$0.00,$5.49,$0.38,SQ20250114001015,PMT20250114001015,Mobile POS,,,Payment,Corner Store #1,,,,
01/14/2025,09:37:20 PM,America/Chicago,Beverages,Iced Tea Lemon 18.5oz,BEV-010,1,Regular,$3.49,$0.00,$3.49,$0.24,SQ20250114001015,PMT20250114001015,Register 2,,,Payment,Corner Store #1,,,,
01/15/2025,05:13:25 PM,America/Chicago,Bakery,Chocolate Chip Muffin,BAK-005,3,Regular,$10.47,$0.00,$10.47,$0.73,SQ20250115001046,PMT20250115001046,Register 2,,,Payment,Corner Store #1,,Thomas Brown,CUST213927,4ddb1b36-272c-4588-84a2-576c1fc905f8
01/15/2025,05:13:25 PM,America/Chicago,Health & OTC,Allergy Relief Tablets,HOT-003,1,Regular,$13.49,$0.00,$13.49,$0.94,SQ20250115001046,PMT20250115001046,Mobile POS,,,Payment,Corner Store #1,,Thomas Brown,CUST213927,4ddb1b36-272c-4588-84a2-576c1fc905f8
01/15/2025,05:38:18 PM,America/Chicago,Grocery & Pantry,White Rice 2lb Bag,GRO-001,1,Regular,$4.49,$0.00,$4.49,$0.31,SQ20250115001068,PMT20250115001068,Mobile POS,,,Payment,Corner Store #1,,John Harris,CUST643962,dc8a4922-5005-480f-a4c7-78a59b4e164b
01/15/2025,05:38:18 PM,America/Chicago,Bakery,White Sandwich Bread,BAK-001,1,Regular,$3.49,$0.00,$3.49,$0.24,SQ20250115001068,PMT20250115001068,Mobile POS,,,Payment,Corner Store #1,,John Harris,CUST643962,dc8a4922-5005-480f-a4c7-78a59b4e164b
01/15/2025,05:38:18 PM,America/Chicago,Beverages,Sprite 20oz Bottle,BEV-003,1,Regular,$1.49,$0.00,$1.49,$0.10,SQ20250115001068,PMT20250115001068,Mobile POS,,,Payment,Corner Store #1,,John Harris,CUST643962,dc8a4922-5005-480f-a4c7-78a59b4e164b
01/15/2025,05:38:18 PM,America/Chicago,Candy,Sour Patch Kids Bag,CDY-010,1,Regular,$1.99,$0.00,$1.99,$0.14,SQ20250115001068,PMT20250115001068,Register 1,,,Payment,Corner Store #1,,John Harris,CUST643962,dc8a4922-5005-480f-a4c7-78a59b4e164b
01/15/2025,11:14:09 AM,America/Chicago,Candy,Milky Way Bar,CDY-012,1,Regular,$1.49,$0.00,$1.49,$0.10,SQ20250115001083,PMT20250115001083,Register 2,,,Payment,Corner Store #1,,,,
01/16/2025,01:35:02 PM,America/Chicago,Personal Care,Hand Sanitizer 2oz,PCR-007,1,Regular,$3.49,$0.00,$3.49,$0.24,SQ20250116001114,PMT20250116001114,Mobile POS,,,Payment,Corner Store #1,,Gary Wells,CUST254546,e4a4474c-9b33-43a4-a620-f9a974fd33d1
01/16/2025,06:59:35 PM,America/Chicago,Beverages,Sprite 20oz Bottle,BEV-003,1,Regular,$1.49,$0.00,$1.49,$0.10,SQ20250116001128,PMT20250116001128,Register 1,,,Payment,Corner Store #1,,,,
01/16/2025,07:05:39 PM,America/Chicago,Beverages,Energy Drink Original 16oz,BEV-011,3,Regular,$10.47,$0.00,$10.47,$0.73,SQ20250116001138,PMT20250116001138,Register 2,,,Payment,Corner Store #1,,,,
01/17/2025,07:47:32 PM,America/Chicago,Health & OTC,Eye Drops Bottle,HOT-014,3,Regular,$7.50,$0.00,$7.50,$0.53,SQ20250117001173,PMT20250117001173,Register 2,,,Payment,Corner Store #1,,Joshua Fitzpatrick,CUST509668,1bf645f6-2324-4211-8588-fc1bb2384849
01/17/2025,07:47:32 PM,America/Chicago,Household & Cleaning,Dish Soap 12oz,HHC-003,3,Regular,$17.97,$0.00,$17.97,$1.26,SQ20250117001173,PMT20250117001173,Register 2,,,Payment,Corner Store #1,,Joshua Fitzpatrick,CUST509668,1bf645f6-2324-4211-8588-fc1bb2384849
01/17/2025,07:47:32 PM,America/Chicago,Household & Cleaning,Dish Soap 12oz,HHC-003,1,Regular,$5.99,$0.00,$5.99,$0.42,SQ20250117001173,PMT20250117001173,Register 1,,,Payment,Corner Store #1,,Joshua Fitzpatrick,CUST509668,1bf645f6-2324-4211-8588-fc1bb2384849
01/17/2025,07:47:32 PM,America/Chicago,Bakery,Wheat Sandwich Bread,BAK-002,1,Regular,$5.99,-$0.60,$5.39,$0.38,SQ20250117001173,PMT20250117001173,Mobile POS,,,Payment,Corner Store #1,,Joshua Fitzpatrick,CUST509668,1bf645f6-2324-4211-8588-fc1bb2384849
01/17/2025,02:46:45 PM,America/Chicago,Grocery & Pantry,Instant Oatmeal Packets,GRO-010,1,Regular,$1.49,$0.00,$1.49,$0.10,SQ20250117001196,PMT20250117001196,Mobile POS,,,Payment,Corner Store #1,,Ashley Bird,CUST873704,a42d0cd7-fd35-4f6a-b450-388748d90846
01/17/2025,02:46:45 PM,America/Chicago,Bakery,Hot Dog Buns 8-Pack,BAK-014,2,Regular,$10.98,$0.00,$10.98,$0.77,SQ20250117001196,PMT20250117001196,Mobile POS,,,Payment,Corner Store #1,,Ashley Bird,CUST873704,a42d0cd7-fd35-4f6a-b450-388748d90846
01/17/2025,02:46:45 PM,America/Chicago,Health & OTC,Nasal Spray,HOT-013,1,Regular,$12.49,$0.00,$12.49,$0.87,SQ20250117001196,PMT20250117001196,Mobile POS,,,Payment,Corner Store #1,,Ashley Bird,CUST873704,a42d0cd7-fd35-4f6a-b450-388748d90846
01/17/2025,02:46:45 PM,America/Chicago,Beverages,Coca-Cola 20oz Bottle,BEV-001,1,Regular,$3.49,$0.00,$3.49,$0.24,SQ20250117001196,PMT20250117001196,Mobile POS,,,Payment,Corner Store #1,,Ashley Bird,CUST873704,a42d0cd7-fd35-4f6a-b450-388748d90846
01/17/2025,04:10:01 PM,America/Chicago,Frozen Foods,Frozen Corn Dogs 4-Pack,FRZ-012,1,Regular,$5.99,$0.00,$5.99,$0.42,SQ20250117001218,PMT20250117001218,Register 1,,,Payment,Corner Store #1,,,,
01/17/2025,04:10:01 PM,America/Chicago,Household & Cleaning,Batteries AA 4-Pack,HHC-012,1,Regular,$6.49,$0.00,$6.49,$0.45,SQ20250117001218,PMT20250117001218,Register 1,,,Payment,Corner Store #1,,,,
01/17/2025,04:10:01 PM,America/Chicago,Snacks,Beef Jerky Original 2.85oz,SNK-007,1,Regular,$2.49,$0.00,$2.49,$0.17,SQ20250117001218,PMT20250117001218,Register 1,,,Payment,Corner Store #1,,,,
01/17/2025,04:10:01 PM,America/Chicago,Grocery & Pantry,Pasta Sauce Jar,GRO-003,1,Regular,$4.99,$0.00,$4.99,$0.35,SQ20250117001218,PMT20250117001218,Mobile POS,,,Payment,Corner Store #1,,,,
01/17/2025,04:10:01 PM,America/Chicago,Snacks,Mixed Nuts 1.5oz,SNK-014,1,Regular,$1.99,$0.00,$1.99,$0.14,SQ20250117001218,PMT20250117001218,Register 2,,,Payment,Corner Store #1,,,,
01/18/2025,04:27:21 PM,America/Chicago,Beverages,Iced Latte Bottle 13oz,BEV-015,1,Regular,$1.99,$0.00,$1.99,$0.14,SQ20250118001263,PMT20250118001263,Register 2,,,Payment,Corner Store #1,,Kendra Luna,CUST943668,c194f97f-00e3-4026-95b6-de85390239d9
01/18/2025,04:27:21 PM,America/Chicago,Frozen Foods,Frozen Pot Pie,FRZ-014,1,Regular,$6.99,$0.00,$6.99,$0.49,SQ20250118001263,PMT20250118001263,Mobile POS,,,Payment,Corner Store #1,,Kendra Luna,CUST943668,c194f97f-00e3-4026-95b6-de85390239d9
01/18/2025,04:27:21 PM,America/Chicago,Dairy,Whole Milk Half Gallon,DAI-003,1,Regular,$6.49,$0.00,$6.49,$0.45,SQ20250118001263,PMT20250118001263,Register 1,,,Payment,Corner Store #1,,Kendra Luna,CUST943668,c194f97f-00e3-4026-95b6-de85390239d9
01/18/2025,04:34:18 PM,America/Chicago,Health & OTC,First Aid Spray,HOT-009,2,Regular,$21.98,$0.00,$21.98,$1.54,SQ20250118001283,PMT20250118001283,Mobile POS,,,Payment,Corner Store #1,,,,
01/18/2025,04:34:18 PM,America/Chicago,Beverages,Orange Juice 12oz,BEV-013,1,Regular,$2.49,$0.00,$2.49,$0.17,SQ20250118001283,PMT20250118001283,Mobile POS,,,Payment,Corner Store #1,,,,
01/18/2025,04:34:18 PM,America/Chicago,Health & OTC,Allergy Relief Tablets,HOT-003,1,Regular,$13.49,$0.00,$13.49,$0.94,SQ20250118001283,PMT20250118001283,Mobile POS,,,Payment,Corner Store #1,,,,
01/18/2025,01:39:21 PM,America/Chicago,Beverages,Mountain Dew 20oz Bottle,BEV-005,1,Regular,$3.49,$0.00,$3.49,$0.24,SQ20250118001290,PMT20250118001290,Mobile POS,,,Payment,Corner Store #1,,,,
01/18/2025,01:39:21 PM,America/Chicago,Beverages,Orange Juice 12oz,BEV-013,1,Regular,$2.49,$0.00,$2.49,$0.17,SQ20250118001290,PMT20250118001290,Register 2,,,Payment,Corner Store #1,,,,
01/19/2025,08:26:03 AM,America/Chicago,Household & Cleaning,Air Freshener Spray,HHC-011,1,Regular,$6.49,$0.00,$6.49,$0.45,SQ20250119001346,PMT20250119001346,Mobile POS,,,Payment,Corner Store #1,,,,
01/19/2025,08:26:03 AM,America/Chicago,Household & Cleaning,Aluminum Foil Roll,HHC-008,3,Regular,$13.47,$0.00,$13.47,$0.94,SQ20250119001346,PMT20250119001346,Register 1,,,Payment,Corner Store #1,,,,
01/19/2025,07:35:34 PM,America/Chicago,Beverages,Iced Tea Lemon 18.5oz,BEV-010,1,Regular,$3.49,$0.00,$3.49,$0.24,SQ20250119001380,PMT20250119001380,Mobile POS,,,Payment,Corner Store #1,,,,
01/19/2025,03:03:50 PM,America/Chicago,Personal Care,Facial Tissues Box,PCR-008,2,Regular,$10.98,$0.00,$10.98,$0.77,SQ20250119001392,PMT20250119001392,Register 1,,,Payment,Corner Store #1,,,,
01/20/2025,04:21:57 PM,America/Chicago,Bakery,Pound Cake Slice,BAK-012,1,Regular,$5.49,$0.00,$5.49,$0.38,SQ20250120001422,PMT20250120001422,Mobile POS,,,Payment,Corner Store #1,,,,
01/20/2025,07:50:02 AM,America/Chicago,Grocery & Pantry,Sugar 2lb Bag,GRO-015,1,Regular,$5.99,$0.00,$5.99,$0.42,SQ20250120001436,PMT20250120001436,Mobile POS,,,Payment,Corner Store #1,,,,
01/20/2025,07:50:02 AM,America/Chicago,Grocery & Pantry,Canned Tuna,GRO-006,2,Regular,$5.98,$0.00,$5.98,$0.42,SQ20250120001436,PMT20250120001436,Register 2,,,Payment,Corner Store #1,,,,
01/21/2025,08:15:00 AM,America/Chicago,Grocery & Pantry,Instant Oatmeal Packets,GRO-010,3,Regular,$4.47,$0.00,$4.47,$0.31,SQ20250121001482,PMT20250121001482,Mobile POS,,,Payment,Corner Store #1,,,,
01/21/2025,07:44:22 AM,America/Chicago,Grocery & Pantry,Spaghetti Pasta Box,GRO-002,1,Regular,$4.99,$0.00,$4.99,$0.35,SQ20250121001526,PMT20250121001526,Register 1,,,Payment,Corner Store #1,,,,
01/21/2025,07:44:22 AM,America/Chicago,Personal Care,Hand Sanitizer 2oz,PCR-007,1,Regular,$3.49,-$0.35,$3.14,$0.22,SQ20250121001526,PMT20250121001526,Register 2,,,Payment,Corner Store #1,,,,
01/22/2025,07:32:39 PM,America/Chicago,Grocery & Pantry,Hot Sauce Bottle,GRO-014,2,Regular,$5.98,$0.00,$5.98,$0.42,SQ20250122001550,PMT20250122001550,Mobile POS,,,Payment,Corner Store #1,,,,
01/22/2025,07:32:39 PM,America/Chicago,Snacks,Cheese Crackers Pack,SNK-009,1,Regular,$3.49,$0.00,$3.49,$0.24,SQ20250122001550,PMT20250122001550,Register 1,,,Payment,Corner Store #1,,,,
01/22/2025,05:34:44 PM,America/Chicago,Personal Care,Travel Size Shampoo,PCR-005,1,Regular,$3.99,$0.00,$3.99,$0.28,SQ20250122001555,PMT20250122001555,Mobile POS,,,Payment,Corner Store #1,,Lisa Cervantes,CUST792837,eb2ec80e-4c25-4823-8cf4-ffb0b4bba73f
01/22/2025,05:34:44 PM,America/Chicago,Beverages,Sprite 20oz Bottle,BEV-003,1,Regular,$1.49,$0.00,$1.49,$0.10,SQ20250122001555,PMT20250122001555,Register 2,,,Payment,Corner Store #1,,Lisa Cervantes,CUST792837,eb2ec80e-4c25-4823-8cf4-ffb0b4bba73f
01/23/2025,01:57:21 PM,America/Chicago,Frozen Foods,Frozen French Fries Bag,FRZ-004,1,Regular,$5.99,$0.00,$5.99,$0.42,SQ20250123001597,PMT20250123001597,Register 1,,,Payment,Corner Store #1,,,,
01/23/2025,01:57:21 PM,America/Chicago,Snacks,Cheese Crackers Pack,SNK-009,1,Regular,$3.49,$0.00,$3.49,$0.24,SQ20250123001597,PMT20250123001597,Mobile POS,,,Payment,Corner Store #1,,,,
01/23/2025,01:57:21 PM,America/Chicago,Personal Care,Cotton Swabs Box,PCR-010,1,Regular,$1.99,$0.00,$1.99,$0.14,SQ20250123001597,PMT20250123001597,Register 2,,,Payment,Corner Store #1,,,,
01/23/2025,01:15:05 PM,America/Chicago,Grocery & Pantry,Pasta Sauce Jar,GRO-003,1,Regular,$4.99,$0.00,$4.99,$0.35,SQ20250123001599,PMT20250123001599,Register 1,,,Payment,Corner Store #1,,,,
01/23/2025,01:15:05 PM,America/Chicago,Snacks,Mixed Nuts 1.5oz,SNK-014,1,Regular,$1.99,$0.00,$1.99,$0.14,SQ20250123001599,PMT20250123001599,Register 2,,,Payment,Corner Store #1,,,,
01/23/2025,01:15:05 PM,America/Chicago,Bakery,Banana Bread Slice,BAK-011,3,Regular,$5.97,$0.00,$5.97,$0.42,SQ20250123001599,PMT20250123001599,Mobile POS,,,Payment,Corner Store #1,,,,
01/23/2025,06:48:24 PM,America/Chicago,Personal Care,Hair Gel Small,PCR-013,1,Regular,$7.49,$0.00,$7.49,$0.52,SQ20250123001607,PMT20250123001607,Mobile POS,,,Payment,Corner Store #1,,,,
01/23/2025,06:48:24 PM,America/Chicago,Personal Care,Cotton Swabs Box,PCR-010,2,Regular,$3.98,$0.00,$3.98,$0.28,SQ20250123001607,PMT20250123001607,Mobile POS,,,Payment,Corner Store #1,,,,
01/23/2025,06:48:24 PM,America/Chicago,Beverages,Gatorade Lemon-Lime 28oz,BEV-006,1,Regular,$1.49,$0.00,$1.49,$0.10,SQ20250123001607,PMT20250123001607,Register 2,,,Payment,Corner Store #1,,,,
01/24/2025,05:45:35 PM,America/Chicago,Grocery & Pantry,Instant Ramen Noodles,GRO-011,1,Regular,$3.49,-$0.35,$3.14,$0.22,SQ20250124001665,PMT20250124001665,Mobile POS,,,Payment,Corner Store #1,,,,
01/24/2025,11:10:18 AM,America/Chicago,Snacks,Lay's Classic Chips 1oz,SNK-001,1,Regular,$1.99,-$0.20,$1.79,$0.13,SQ20250124001700,PMT20250124001700,Mobile POS,,,Payment,Corner Store #1,,,,
01/24/2025,02:27:55 PM,America/Chicago,Frozen Foods,Frozen Burritos 4-Pack,FRZ-003,3,Regular,$26.97,-$2.70,$24.27,$1.70,SQ20250124001721,PMT20250124001721,Mobile POS,,,Payment,Corner Store #1,,Patricia Smith,CUST395048,373aedf8-431e-430f-8387-f74d1149d096
01/25/2025,06:53:41 PM,America/Chicago,Bakery,Wheat Sandwich Bread,BAK-002,2,Regular,$11.98,$0.00,$11.98,$0.84,SQ20250125001733,PMT20250125001733,Register 1,,,Payment,Corner Store #1,,,,
01/25/2025,10:22:24 AM,America/Chicago,Grocery & Pantry,Sugar 2lb Bag,GRO-015,2,Regular,$11.98,$0.00,$11.98,$0.84,SQ20250125001765,PMT20250125001765,Mobile POS,,,Payment,Corner Store #1,,,,
01/25/2025,10:22:24 AM,America/Chicago,Household & Cleaning,Toilet Paper 4-Pack,HHC-002,1,Regular,$2.99,$0.00,$2.99,$0.21,SQ20250125001765,PMT20250125001765,Mobile POS,,,Payment,Corner Store #1,,,,
01/25/2025,12:23:01 PM,America/Chicago,Beverages,Iced Tea Lemon 18.5oz,BEV-010,1,Regular,$3.49,$0.00,$3.49,$0.24,SQ20250125001804,PMT20250125001804,Register 2,,,Payment,Corner Store #1,,Richard Richards,CUST308716,7316ce64-2a14-4a96-9b0c-62eb27c8fc6c
01/25/2025,12:23:01 PM,America/Chicago,Snacks,Rice Cakes Snack Pack,SNK-013,1,Regular,$1.99,$0.00,$1.99,$0.14,SQ20250125001804,PMT20250125001804,Register 2,,,Payment,Corner Store #1,,Richard Richards,CUST308716,7316ce64-2a14-4a96-9b0c-62eb27c8fc6c
01/26/2025,02:32:09 PM,America/Chicago,Grocery & Pantry,Canned Black Beans,GRO-004,1,Regular,$6.49,$0.00,$6.49,$0.45,SQ20250126001853,PMT20250126001853,Register 2,,,Payment,Corner Store #1,,Rebecca Mayo,CUST253806,7acc9970-5bee-4570-b69f-75c5c82ba1be
01/26/2025,02:32:09 PM,America/Chicago,Grocery & Pantry,Canned Black Beans,GRO-004,2,Regular,$12.98,$0.00,$12.98,$0.91,SQ20250126001853,PMT20250126001853,Register 2,,,Payment,Corner Store #1,,Rebecca Mayo,CUST253806,7acc9970-5bee-4570-b69f-75c5c82ba1be
01/26/2025,02:32:09 PM,America/Chicago,Frozen Foods,Frozen Chocolate Ice Cream Pint,FRZ-011,1,Regular,$8.49,$0.00,$8.49,$0.59,SQ20250126001853,PMT20250126001853,Register 2,,,Payment,Corner Store #1,,Rebecca Mayo,CUST253806,7acc9970-5bee-4570-b69f-75c5c82ba1be
01/26/2025,02:32:09 PM,America/Chicago,Bakery,White Sandwich Bread,BAK-001,1,Regular,$3.49,$0.00,$3.49,$0.24,SQ20250126001853,PMT20250126001853,Mobile POS,,,Payment,Corner Store #1,,Rebecca Mayo,CUST253806,7acc9970-5bee-4570-b69f-75c5c82ba1be
01/26/2025,04:14:30 PM,America/Chicago,Beverages,Iced Latte Bottle 13oz,BEV-015,2,Regular,$3.98,$0.00,$3.98,$0.28,SQ20250126001861,PMT20250126001861,Mobile POS,,,Payment,Corner Store #1,,,,
01/26/2025,04:14:30 PM,America/Chicago,Frozen Foods,Frozen Ice Cream Sandwiches 6-Pack,FRZ-009,1,Regular,$2.50,$0.00,$2.50,$0.18,SQ20250126001861,PMT20250126001861,Register 2,,,Payment,Corner Store #1,,,,
01/27/2025,12:28:31 PM,America/Chicago,Frozen Foods,Frozen Pepperoni Pizza,FRZ-001,1,Regular,$8.49,$0.00,$8.49,$0.59,SQ20250127001888,PMT20250127001888,Register 2,,,Payment,Corner Store #1,,,,
01/27/2025,08:01:03 AM,America/Chicago,Health & OTC,Antacid Tablets Roll,HOT-005,1,Regular,$5.49,$0.00,$5.49,$0.38,SQ20250127001920,PMT20250127001920,Register 2,,,Payment,Corner Store #1,,,,
01/27/2025,08:01:03 AM,America/Chicago,Health & OTC,Ibuprofen Tablets Small Bottle,HOT-001,2,Regular,$18.98,$0.00,$18.98,$1.33,SQ20250127001920,PMT20250127001920,Register 2,,,Payment,Corner Store #1,,,,
01/27/2025,09:18:56 AM,America/Chicago,Health & OTC,Cough Drops Bag,HOT-004,1,Regular,$13.49,-$1.35,$12.14,$0.85,SQ20250127001928,PMT20250127001928,Mobile POS,,,Payment,Corner Store #1,,Margaret Tanner,CUST844474,35adde88-43e4-4668-82ea-d2df725656e3
01/28/2025,04:51:08 PM,America/Chicago,Candy,Reese's Peanut Butter Cups,CDY-004,2,Regular,$2.98,$0.00,$2.98,$0.21,SQ20250128001953,PMT20250128001953,Register 2,,,Payment,Corner Store #1,,,,
01/28/2025,05:30:35 PM,America/Chicago,Personal Care,Travel Size Shampoo,PCR-005,1,Regular,$3.99,$0.00,$3.99,$0.28,SQ20250128001962,PMT20250128001962,Register 1,,,Payment,Corner Store #1,,David Williams,CUST794346,7daec949-d700-4461-8cb6-b0ba925f8199
01/29/2025,07:32:02 AM,America/Chicago,Personal Care,Bar Soap 2-Pack,PCR-004,2,Regular,$7.98,$0.00,$7.98,$0.56,SQ20250129002002,PMT20250129002002,Mobile POS,,,Payment,Corner Store #1,,Barbara Todd,CUST465585,2acb4fbd-fbff-4a7d-b2f5-b1762c41cbd3
01/29/2025,07:32:02 AM,America/Chicago,Household & Cleaning,LED Light Bulbs 2-Pack,HHC-013,1,Regular,$2.49,$0.00,$2.49,$0.17,SQ20250129002002,PMT20250129002002,Register 1,,,Payment,Corner Store #1,,Barbara Todd,CUST465585,2acb4fbd-fbff-4a7d-b2f5-b1762c41cbd3
01/29/2025,07:01:32 PM,America/Chicago,Health & OTC,Nasal Spray,HOT-013,1,Regular,$12.49,$0.00,$12.49,$0.87,SQ20250129002011,PMT20250129002011,Register 1,,,Payment,Corner Store #1,,,,
01/30/2025,04:33:42 PM,America/Chicago,Household & Cleaning,Sponges 3-Pack,HHC-007,1,Regular,$9.49,$0.00,$9.49,$0.66,SQ20250130002085,PMT20250130002085,Mobile POS,,,Payment,Corner Store #1,,,,
01/30/2025,04:33:42 PM,America/Chicago,Household & Cleaning,Plastic Wrap Roll,HHC-009,1,Regular,$7.49,$0.00,$7.49,$0.52,SQ20250130002085,PMT20250130002085,Register 2,,,Payment,Corner Store #1,,,,
01/30/2025,04:33:42 PM,America/Chicago,Bakery,Wheat Sandwich Bread,BAK-002,2,Regular,$11.98,-$1.20,$10.78,$0.75,SQ20250130002085,PMT20250130002085,Mobile POS,,,Payment,Corner Store #1,,,,
01/30/2025,12:04:20 PM,America/Chicago,Household & Cleaning,Plastic Wrap Roll,HHC-009,1,Regular,$7.49,-$0.75,$6.74,$0.47,SQ20250130002119,PMT20250130002119,Mobile POS,,,Payment,Corner Store #1,,,,
01/30/2025,12:04:20 PM,America/Chicago,Snacks,Peanut Butter Crackers Pack,SNK-010,1,Regular,$3.49,$0.00,$3.49,$0.24,SQ20250130002119,PMT20250130002119,Mobile POS,,,Payment,Corner Store #1,,,,
01/30/2025,12:04:20 PM,America/Chicago,Household & Cleaning,Sponges 3-Pack,HHC-007,1,Regular,$9.49,$0.00,$9.49,$0.66,SQ20250130002119,PMT20250130002119,Register 2,,,Payment,Corner Store #1,,,,
01/31/2025,12:35:14 PM,America/Chicago,Candy,Reese's Peanut Butter Cups,CDY-004,1,Regular,$1.49,$0.00,$1.49,$0.10,SQ20250131002160,PMT20250131002160,Register 2,,,Payment,Corner Store #1,,,,
01/31/2025,05:08:31 PM,America/Chicago,Snacks,Cheese Crackers Pack,SNK-009,2,Regular,$6.98,$0.00,$6.98,$0.49,SQ20250131002172,PMT20250131002172,Register 2,,,Payment,Corner Store #1,,Mark Smith,CUST759686,c606ddc4-c2dd-401d-b59a-15334605ec0e
01/31/2025,08:10:24 AM,America/Chicago,Household & Cleaning,Dish Soap 12oz,HHC-003,1,Regular,$5.99,$0.00,$5.99,$0.42,SQ20250131002176,PMT20250131002176,Register 2,,,Payment,Corner Store #1,,Phillip Burns,CUST372442,2120bfba-1689-40b8-879d-db62c37944c1
02/01/2025,07:00:32 AM,America/Chicago,Health & OTC,Cough Drops Bag,HOT-004,1,Regular,$13.49,-$1.35,$12.14,$0.85,SQ20250201002206,PMT20250201002206,Register 2,,,Payment,Corner Store #1,,,,
02/01/2025,07:00:32 AM,America/Chicago,Bakery,Butter Croissant,BAK-008,1,Regular,$5.99,$0.00,$5.99,$0.42,SQ20250201002206,PMT20250201002206,Register 1,,,Payment,Corner Store #1,,,,
02/01/2025,07:00:32 AM,America/Chicago,Bakery,Cinnamon Roll,BAK-010,3,Regular,$16.47,$0.00,$16.47,$1.15,SQ20250201002206,PMT20250201002206,Register 2,,,Payment,Corner Store #1,,,,
02/01/2025,08:25:34 AM,America/Chicago,Beverages,Diet Coke 20oz Bottle,BEV-002,1,Regular,$3.49,$0.00,$3.49,$0.24,SQ20250201002212,PMT20250201002212,Register 1,,,Payment,Corner Store #1,,Gail Barron,CUST510265,ff02f5b0-57bd-46c9-a240-063bfed747be
02/01/2025,08:25:34 AM,America/Chicago,Candy,Reese's Peanut Butter Cups,CDY-004,1,Regular,$1.49,$0.00,$1.49,$0.10,SQ20250201002212,PMT20250201002212,Register 2,,,Payment,Corner Store #1,,Gail Barron,CUST510265,ff02f5b0-57bd-46c9-a240-063bfed747be
02/01/2025,05:46:03 PM,America/Chicago,Beverages,Iced Tea Lemon 18.5oz,BEV-010,1,Regular,$3.49,$0.00,$3.49,$0.24,SQ20250201002256,PMT20250201002256,Register 2,,,Payment,Corner Store #1,,,,
02/01/2025,07:48:37 AM,America/Chicago,Candy,Starburst Original Bag,CDY-006,2,Regular,$2.98,$0.00,$2.98,$0.21,SQ20250201002281,PMT20250201002281,Register 1,,,Payment,Corner Store #1,,Parker Davis,CUST146275,0279e2ab-0bbf-4334-a3ea-2d7fc219a845
02/01/2025,07:16:06 AM,America/Chicago,Snacks,Lay's Classic Chips 1oz,SNK-001,1,Regular,$1.99,$0.00,$1.99,$0.14,SQ20250201002298,PMT20250201002298,Register 2,,,Payment,Corner Store #1,,,,
02/01/2025,07:16:06 AM,America/Chicago,Grocery & Pantry,Instant Oatmeal Packets,GRO-010,1,Regular,$1.49,$0.00,$1.49,$0.10,SQ20250201002298,PMT20250201002298,Register 1,,,Payment,Corner Store #1,,,,
02/01/2025,07:16:06 AM,America/Chicago,Grocery & Pantry,Hot Sauce Bottle,GRO-014,2,Regular,$5.98,$0.00,$5.98,$0.42,SQ20250201002298,PMT20250201002298,Register 1,,,Payment,Corner Store #1,,,,
02/02/2025,03:56:29 PM,America/Chicago,Health & OTC,Nasal Spray,HOT-013,2,Regular,$24.98,$0.00,$24.98,$1.75,SQ20250202002330,PMT20250202002330,Register 2,,,Payment,Corner Store #1,,,,
02/02/2025,05:20:04 PM,America/Chicago,Dairy,2% Milk 1 Gallon,DAI-002,1,Regular,$4.49,$0.00,$4.49,$0.31,SQ20250202002347,PMT20250202002347,Register 1,,,Payment,Corner Store #1,,Daniel Schneider,CUST866895,142e3df0-3c28-45dc-912d-aea8673d2920
02/02/2025,05:20:04 PM,America/Chicago,Beverages,Energy Drink Sugar-Free 16oz,BEV-012,1,Regular,$3.99,$0.00,$3.99,$0.28,SQ20250202002347,PMT20250202002347,Register 2,,,Payment,Corner Store #1,,Daniel Schneider,CUST866895,142e3df0-3c28-45dc-912d-aea8673d2920
02/02/2025,05:20:04 PM,America/Chicago,Personal Care,Bar Soap 2-Pack,PCR-004,1,Regular,$3.99,$0.00,$3.99,$0.28,SQ20250202002347,PMT20250202002347,Mobile POS,,,Payment,Corner Store #1,,Daniel Schneider,CUST866895,142e3df0-3c28-45dc-912d-aea8673d2920
02/02/2025,11:29:28 AM,America/Chicago,Personal Care,Hair Gel Small,PCR-013,1,Regular,$7.49,$0.00,$7.49,$0.52,SQ20250202002394,PMT20250202002394,Register 2,,,Payment,Corner Store #1,,,,
02/03/2025,11:45:11 AM,America/Chicago,Personal Care,Toothpaste Tube,PCR-001,1,Regular,$5.99,$0.00,$5.99,$0.42,SQ20250203002442,PMT20250203002442,Register 2,,,Payment,Corner Store #1,,,,
02/03/2025,07:29:12 PM,America/Chicago,Beverages,Iced Latte Bottle 13oz,BEV-015,1,Regular,$1.99,$0.00,$1.99,$0.14,SQ20250203002455,PMT20250203002455,Register 1,,,Payment,Corner Store #1,,Kristina Young,CUST866143,b2357a3c-cc7f-4517-8bfd-4a31c8c85ad6
02/03/2025,07:29:12 PM,America/Chicago,Health & OTC,First Aid Spray,HOT-009,1,Regular,$10.99,$0.00,$10.99,$0.77,SQ20250203002455,PMT20250203002455,Register 1,,,Payment,Corner Store #1,,Kristina Young,CUST866143,b2357a3c-cc7f-4517-8bfd-4a31c8c85ad6
02/03/2025,07:29:12 PM,America/Chicago,Snacks,Trail Mix Pouch 2oz,SNK-006,1,Regular,$3.99,$0.00,$3.99,$0.28,SQ20250203002455,PMT20250203002455,Register 2,,,Payment,Corner Store #1,,Kristina Young,CUST866143,b2357a3c-cc7f-4517-8bfd-4a31c8c85ad6
02/03/2025,11:58:38 AM,America/Chicago,Dairy,Sour Cream 8oz,DAI-010,1,Regular,$5.99,$0.00,$5.99,$0.42,SQ20250203002469,PMT20250203002469,Register 1,,,Payment,Corner Store #1,,,,
02/03/2025,11:58:38 AM,America/Chicago,Household & Cleaning,Toilet Paper 4-Pack,HHC-002,1,Regular,$2.99,$0.00,$2.99,$0.21,SQ20250203002469,PMT20250203002469,Register 2,,,Payment,Corner Store #1,,,,
02/03/2025,11:58:38 AM,America/Chicago,Grocery & Pantry,Instant Oatmeal Packets,GRO-010,1,Regular,$1.49,-$0.15,$1.34,$0.09,SQ20250203002469,PMT20250203002469,Register 1,,,Payment,Corner Store #1,,,,
02/03/2025,11:58:38 AM,America/Chicago,Beverages,Iced Latte Bottle 13oz,BEV-015,1,Regular,$1.99,$0.00,$1.99,$0.14,SQ20250203002469,PMT20250203002469,Register 1,,,Payment,Corner Store #1,,,,
02/03/2025,11:58:38 AM,America/Chicago,Personal Care,Cotton Swabs Box,PCR-010,1,Regular,$1.99,-$0.20,$1.79,$0.13,SQ20250203002469,PMT20250203002469,Register 2,,,Payment,Corner Store #1,,,,
02/04/2025,05:17:51 PM,America/Chicago,Beverages,Chocolate Milk 14oz,BEV-014,1,Regular,$4.50,$0.00,$4.50,$0.32,SQ20250204002506,PMT20250204002506,Register 2,,,Payment,Corner Store #1,,,,
02/04/2025,11:38:27 AM,America/Chicago,Snacks,Cheese Crackers Pack,SNK-009,1,Regular,$3.49,$0.00,$3.49,$0.24,SQ20250204002519,PMT20250204002519,Mobile POS,,,Payment,Corner Store #1,,,,
02/05/2025,01:38:51 PM,America/Chicago,Beverages,Orange Juice 12oz,BEV-013,1,Regular,$2.49,$0.00,$2.49,$0.17,SQ20250205002565,PMT20250205002565,Mobile POS,,,Payment,Corner Store #1,,,,
02/05/2025,03:03:45 PM,America/Chicago,Beverages,Orange Juice 12oz,BEV-013,1,Regular,$2.49,$0.00,$2.49,$0.17,SQ20250205002586,PMT20250205002586,Register 2,,,Payment,Corner Store #1,,,,
02/05/2025,03:03:45 PM,America/Chicago,Dairy,Butter Stick 4oz,DAI-005,1,Regular,$6.99,$0.00,$6.99,$0.49,SQ20250205002586,PMT20250205002586,Mobile POS,,,Payment,Corner Store #1,,,,
02/05/2025,03:03:45 PM,America/Chicago,Frozen Foods,Frozen Pot Pie,FRZ-014,1,Regular,$6.99,$0.00,$6.99,$0.49,SQ20250205002586,PMT20250205002586,Mobile POS,,,Payment,Corner Store #1,,,,
02/06/2025,12:39:32 PM,America/Chicago,Health & OTC,Eye Drops Bottle,HOT-014,2,Regular,$5.00,$0.00,$5.00,$0.35,SQ20250206002634,PMT20250206002634,Mobile POS,,,Payment,Corner Store #1,,,,
02/06/2025,12:39:32 PM,America/Chicago,Grocery & Pantry,Hot Sauce Bottle,GRO-014,1,Regular,$2.99,$0.00,$2.99,$0.21,SQ20250206002634,PMT20250206002634,Register 1,,,Payment,Corner Store #1,,,,
02/06/2025,12:39:32 PM,America/Chicago,Frozen Foods,Frozen Breakfast Sandwich,FRZ-008,3,Regular,$19.47,-$1.95,$17.52,$1.23,SQ20250206002634,PMT20250206002634,Mobile POS,,,Payment,Corner Store #1,,,,
02/06/2025,12:39:32 PM,America/Chicago,Household & Cleaning,Air Freshener Spray,HHC-011,2,Regular,$12.98,$0.00,$12.98,$0.91,SQ20250206002634,PMT20250206002634,Mobile POS,,,Payment,Corner Store #1,,,,
02/06/2025,04:28:33 PM,America/Chicago,Beverages,Sparkling Water Lime 12oz,BEV-009,1,Regular,$1.99,$0.00,$1.99,$0.14,SQ20250206002661,PMT20250206002661,Register 2,,,Payment,Corner Store #1,,Mason Lewis,CUST786694,9a1e0036-5cba-4496-a848-92402fd90ce1
02/06/2025,04:28:33 PM,America/Chicago,Frozen Foods,Frozen French Fries Bag,FRZ-004,2,Regular,$11.98,$0.00,$11.98,$0.84,SQ20250206002661,PMT20250206002661,Register 1,,,Payment,Corner Store #1,,Mason Lewis,CUST786694,9a1e0036-5cba-4496-a848-92402fd90ce1
02/06/2025,04:28:33 PM,America/Chicago,Snacks,Tortilla Chips Family Size,SNK-011,1,Regular,$2.99,$0.00,$2.99,$0.21,SQ20250206002661,PMT20250206002661,Register 1,,,Payment,Corner Store #1,,Mason Lewis,CUST786694,9a1e0036-5cba-4496-a848-92402fd90ce1
02/06/2025,04:28:33 PM,America/Chicago,Candy,Twix Bar,CDY-008,1,Regular,$1.49,$0.00,$1.49,$0.10,SQ20250206002661,PMT20250206002661,Register 2,,,Payment,Corner Store #1,,Mason Lewis,CUST786694,9a1e0036-5cba-4496-a848-92402fd90ce1
02/06/2025,04:28:33 PM,America/Chicago,Health & OTC,First Aid Spray,HOT-009,1,Regular,$10.99,$0.00,$10.99,$0.77,SQ20250206002661,PMT20250206002661,Register 2,,,Payment,Corner Store #1,,Mason Lewis,CUST786694,9a1e0036-5cba-4496-a848-92402fd90ce1
02/06/2025,09:11:53 PM,America/Chicago,Snacks,Pita Chips Sea Salt 1.5oz,SNK-015,2,Regular,$6.98,$0.00,$6.98,$0.49,SQ20250206002667,PMT20250206002667,Register 2,,,Payment,Corner Store #1,,Mr. Daniel Martin,CUST919464,3e612d66-05bf-4618-a930-b0c4d5576899
02/06/2025,09:11:53 PM,America/Chicago,Personal Care,Band-Aids Box,PCR-011,1,Regular,$5.49,$0.00,$5.49,$0.38,SQ20250206002667,PMT20250206002667,Register 1,,,Payment,Corner Store #1,,Mr. Daniel Martin,CUST919464,3e612d66-05bf-4618-a930-b0c4d5576899
02/06/2025,09:11:53 PM,America/Chicago,Household & Cleaning,Aluminum Foil Roll,HHC-008,1,Regular,$4.49,$0.00,$4.49,$0.31,SQ20250206002667,PMT20250206002667,Register 2,,,Payment,Corner Store #1,,Mr. Daniel Martin,CUST919464,3e612d66-05bf-4618-a930-b0c4d5576899
02/07/2025,05:17:17 PM,America/Chicago,Personal Care,Bar Soap 2-Pack,PCR-004,1,Regular,$3.99,$0.00,$3.99,$0.28,SQ20250207002720,PMT20250207002720,Register 2,,,Payment,Corner Store #1,,,,
02/07/2025,08:06:58 PM,America/Chicago,Personal Care,Toothbrush Single,PCR-002,1,Regular,$8.49,$0.00,$8.49,$0.59,SQ20250207002736,PMT20250207002736,Register 1,,,Payment,Corner Store #1,,,,
02/07/2025,08:06:58 PM,America/Chicago,Frozen Foods,Frozen Corn Dogs 4-Pack,FRZ-012,1,Regular,$5.99,-$0.60,$5.39,$0.38,SQ20250207002736,PMT20250207002736,Register 1,,,Payment,Corner Store #1,,,,
02/07/2025,08:06:58 PM,America/Chicago,Health & OTC,Antibacterial Ointment Tube,HOT-015,1,Regular,$9.99,$0.00,$9.99,$0.70,SQ20250207002736,PMT20250207002736,Register 2,,,Payment,Corner Store #1,,,,
02/07/2025,08:06:58 PM,America/Chicago,Health & OTC,Digital Thermometer,HOT-012,2,Regular,$7.98,$0.00,$7.98,$0.56,SQ20250207002736,PMT20250207002736,Register 2,,,Payment,Corner Store #1,,,,
02/07/2025,09:41:00 PM,America/Chicago,Personal Care,Bar Soap 2-Pack,PCR-004,1,Regular,$3.99,$0.00,$3.99,$0.28,SQ20250207002745,PMT20250207002745,Register 2,,,Payment,Corner Store #1,,,,
02/08/2025,12:27:08 PM,America/Chicago,Dairy,Large Eggs Dozen,DAI-004,1,Regular,$2.49,$0.00,$2.49,$0.17,SQ20250208002791,PMT20250208002791,Register 1,,,Payment,Corner Store #1,,,,
02/08/2025,12:27:08 PM,America/Chicago,Dairy,Large Eggs Dozen,DAI-004,2,Regular,$4.98,$0.00,$4.98,$0.35,SQ20250208002791,PMT20250208002791,Mobile POS,,,Payment,Corner Store #1,,,,
02/08/2025,12:41:55 PM,America/Chicago,Frozen Foods,Frozen Mozzarella Sticks Bag,FRZ-013,1,Regular,$6.49,-$0.65,$5.84,$0.41,SQ20250208002792,PMT20250208002792,Register 2,,,Payment,Corner Store #1,,Kevin Johnson,CUST943539,61f6dfbe-114b-4c79-8200-79f51dc3c26e
02/08/2025,12:15:38 PM,America/Chicago,Frozen Foods,Frozen Chocolate Ice Cream Pint,FRZ-011,1,Regular,$8.49,$0.00,$8.49,$0.59,SQ20250208002809,PMT20250208002809,Register 2,,,Payment,Corner Store #1,,,,
02/08/2025,12:15:38 PM,America/Chicago,Personal Care,Band-Aids Box,PCR-011,2,Regular,$10.98,$0.00,$10.98,$0.77,SQ20250208002809,PMT20250208002809,Mobile POS,,,Payment,Corner Store #1,,,,
02/09/2025,06:15:11 PM,America/Chicago,Household & Cleaning,Aluminum Foil Roll,HHC-008,1,Regular,$4.49,$0.00,$4.49,$0.31,SQ20250209002858,PMT20250209002858,Register 2,,,Payment,Corner Store #1,,,,
02/09/2025,06:15:11 PM,America/Chicago,Grocery & Pantry,Hot Sauce Bottle,GRO-014,1,Regular,$2.99,$0.00,$2.99,$0.21,SQ20250209002858,PMT20250209002858,Register 1,,,Payment,Corner Store #1,,,,
02/09/2025,06:15:11 PM,America/Chicago,Household & Cleaning,Dish Soap 12oz,HHC-003,1,Regular,$5.99,$0.00,$5.99,$0.42,SQ20250209002858,PMT20250209002858,Register 1,,,Payment,Corner Store #1,,,,
02/09/2025,05:59:45 PM,America/Chicago,Beverages,Iced Latte Bottle 13oz,BEV-015,3,Regular,$5.97,$0.00,$5.97,$0.42,SQ20250209002869,PMT20250209002869,Mobile POS,,,Payment,Corner Store #1,,Justin Frederick,CUST159112,696929b2-0513-4da8-9819-93cc41f9994a
02/09/2025,05:59:45 PM,America/Chicago,Health & OTC,Cough Drops Bag,HOT-004,1,Regular,$13.49,$0.00,$13.49,$0.94,SQ20250209002869,PMT20250209002869,Mobile POS,,,Payment,Corner Store #1,,Justin Frederick,CUST159112,696929b2-0513-4da8-9819-93cc41f9994a
02/10/2025,12:25:20 PM,America/Chicago,Personal Care,Bar Soap 2-Pack,PCR-004,3,Regular,$11.97,$0.00,$11.97,$0.84,SQ20250210002905,PMT20250210002905,Mobile POS,,,Payment,Corner Store #1,,David Torres,CUST807168,c21f84fc-d0bc-4ad5-85f8-0d9b00060d5a
02/10/2025,12:25:20 PM,America/Chicago,Candy,M&M's Plain Bag,CDY-003,1,Regular,$1.99,-$0.20,$1.79,$0.13,SQ20250210002905,PMT20250210002905,Register 2,,,Payment,Corner Store #1,,David Torres,CUST807168,c21f84fc-d0bc-4ad5-85f8-0d9b00060d5a
02/10/2025,08:36:39 PM,America/Chicago,Household & Cleaning,Batteries AA 4-Pack,HHC-012,1,Regular,$6.49,$0.00,$6.49,$0.45,SQ20250210002943,PMT20250210002943,Register 1,,,Payment,Corner Store #1,,Dawn Little,CUST163145,0d559b64-e334-4bac-9c44-ebd132df8d45
02/10/2025,08:36:39 PM,America/Chicago,Dairy,Whole Milk 1 Gallon,DAI-001,1,Regular,$3.49,$0.00,$3.49,$0.24,SQ20250210002943,PMT20250210002943,Register 1,,,Payment,Corner Store #1,,Dawn Little,CUST163145,0d559b64-e334-4bac-9c44-ebd132df8d45
02/10/2025,08:36:39 PM,America/Chicago,Beverages,Gatorade Lemon-Lime 28oz,BEV-006,1,Regular,$1.49,$0.00,$1.49,$0.10,SQ20250210002943,PMT20250210002943,Mobile POS,,,Payment,Corner Store #1,,Dawn Little,CUST163145,0d559b64-e334-4bac-9c44-ebd132df8d45
02/11/2025,06:22:05 PM,America/Chicago,Household & Cleaning,Sponges 3-Pack,HHC-007,1,Regular,$9.49,$0.00,$9.49,$0.66,SQ20250211002959,PMT20250211002959,Register 2,,,Payment,Corner Store #1,,,,
02/11/2025,06:22:05 PM,America/Chicago,Beverages,Iced Tea Lemon 18.5oz,BEV-010,2,Regular,$6.98,$0.00,$6.98,$0.49,SQ20250211002959,PMT20250211002959,Register 2,,,Payment,Corner Store #1,,,,
02/11/2025,08:56:17 AM,America/Chicago,Snacks,Pretzels Snack Bag 1.5oz,SNK-004,1,Regular,$3.99,$0.00,$3.99,$0.28,SQ20250211002966,PMT20250211002966,Mobile POS,,,Payment,Corner Store #1,,,,
02/12/2025,05:11:48 PM,America/Chicago,Bakery,Wheat Sandwich Bread,BAK-002,1,Regular,$5.99,$0.00,$5.99,$0.42,SQ20250212003019,PMT20250212003019,Register 2,,,Payment,Corner Store #1,,,,
02/12/2025,05:11:48 PM,America/Chicago,Snacks,Pita Chips Sea Salt 1.5oz,SNK-015,1,Regular,$3.49,$0.00,$3.49,$0.24,SQ20250212003019,PMT20250212003019,Register 1,,,Payment,Corner Store #1,,,,
02/12/2025,01:15:49 PM,America/Chicago,Personal Care,Facial Tissues Box,PCR-008,1,Regular,$5.49,$0.00,$5.49,$0.38,SQ20250212003033,PMT20250212003033,Register 2,,,Payment,Corner Store #1,,,,
02/13/2025,04:10:11 PM,America/Chicago,Health & OTC,Ibuprofen Tablets Small Bottle,HOT-001,1,Regular,$9.49,$0.00,$9.49,$0.66,SQ20250213003073,PMT20250213003073,Register 1,,,Payment,Corner Store #1,,,,
02/13/2025,04:10:11 PM,America/Chicago,Personal Care,Hand Sanitizer 2oz,PCR-007,1,Regular,$3.49,$0.00,$3.49,$0.24,SQ20250213003073,PMT20250213003073,Mobile POS,,,Payment,Corner Store #1,,,,
02/13/2025,07:18:00 PM,America/Chicago,Snacks,Pita Chips Sea Salt 1.5oz,SNK-015,1,Regular,$3.49,$0.00,$3.49,$0.24,SQ20250213003117,PMT20250213003117,Register 1,,,Payment,Corner Store #1,,,,
02/13/2025,07:18:00 PM,America/Chicago,Bakery,Chocolate Donut,BAK-007,1,Regular,$1.99,$0.00,$1.99,$0.14,SQ20250213003117,PMT20250213003117,Mobile POS,,,Payment,Corner Store #1,,,,
02/13/2025,12:05:54 PM,America/Chicago,Household & Cleaning,Aluminum Foil Roll,HHC-008,1,Regular,$4.49,$0.00,$4.49,$0.31,SQ20250213003125,PMT20250213003125,Register 2,,,Payment,Corner Store #1,,,,
02/13/2025,12:05:54 PM,America/Chicago,Frozen Foods,Frozen Pot Pie,FRZ-014,1,Regular,$6.99,$0.00,$6.99,$0.49,SQ20250213003125,PMT20250213003125,Register 1,,,Payment,Corner Store #1,,,,
02/14/2025,06:30:05 PM,America/Chicago,Health & OTC,Cough Drops Bag,HOT-004,2,Regular,$26.98,$0.00,$26.98,$1.89,SQ20250214003149,PMT20250214003149,Register 2,,,Payment,Corner Store #1,,,,
02/14/2025,06:30:05 PM,America/Chicago,Dairy,Greek Yogurt Cup,DAI-008,1,Regular,$4.49,$0.00,$4.49,$0.31,SQ20250214003149,PMT20250214003149,Register 2,,,Payment,Corner Store #1,,,,
02/14/2025,12:00:20 PM,America/Chicago,Snacks,Rice Cakes Snack Pack,SNK-013,1,Regular,$1.99,$0.00,$1.99,$0.14,SQ20250214003170,PMT20250214003170,Register 1,,,Payment,Corner Store #1,,William Garcia,CUST875357,98dbf732-dde4-4194-bc12-d19850c1b8f7
02/14/2025,01:08:38 PM,America/Chicago,Health & OTC,Ibuprofen Tablets Small Bottle,HOT-001,1,Regular,$9.49,-$0.95,$8.54,$0.60,SQ20250214003178,PMT20250214003178,Register 2,,,Payment,Corner Store #1,,,,
02/14/2025,01:08:38 PM,America/Chicago,Personal Care,Travel Size Shampoo,PCR-005,1,Regular,$3.99,$0.00,$3.99,$0.28,SQ20250214003178,PMT20250214003178,Mobile POS,,,Payment,Corner Store #1,,,,
02/14/2025,01:08:38 PM,America/Chicago,Health & OTC,Digital Thermometer,HOT-012,3,Regular,$11.97,$0.00,$11.97,$0.84,SQ20250214003178,PMT20250214003178,Register 1,,,Payment,Corner Store #1,,,,
02/14/2025,01:08:38 PM,America/Chicago,Personal Care,Deodorant Stick,PCR-006,1,Regular,$2.99,$0.00,$2.99,$0.21,SQ20250214003178,PMT20250214003178,Register 2,,,Payment,Corner Store #1,,,,
02/15/2025,08:30:37 PM,America/Chicago,Bakery,Wheat Sandwich Bread,BAK-002,2,Regular,$11.98,$0.00,$11.98,$0.84,SQ20250215003247,PMT20250215003247,Mobile POS,,,Payment,Corner Store #1,,,,
02/15/2025,08:30:37 PM,America/Chicago,Beverages,Sprite 20oz Bottle,BEV-003,2,Regular,$2.98,$0.00,$2.98,$0.21,SQ20250215003247,PMT20250215003247,Register 1,,,Payment,Corner Store #1,,,,
02/15/2025,08:30:37 PM,America/Chicago,Beverages,Sparkling Water Lime 12oz,BEV-009,2,Regular,$3.98,$0.00,$3.98,$0.28,SQ20250215003247,PMT20250215003247,Mobile POS,,,Payment,Corner Store #1,,,,
02/15/2025,08:30:37 PM,America/Chicago,Beverages,Sparkling Water Lime 12oz,BEV-009,2,Regular,$3.98,$0.00,$3.98,$0.28,SQ20250215003247,PMT20250215003247,Register 1,,,Payment,Corner Store #1,,,,
02/15/2025,12:50:58 PM,America/Chicago,Health & OTC,First Aid Spray,HOT-009,1,Regular,$10.99,$0.00,$10.99,$0.77,SQ20250215003287,PMT20250215003287,Register 1,,,Payment,Corner Store #1,,,,
02/15/2025,12:50:58 PM,America/Chicago,Grocery & Pantry,Canned Tuna,GRO-006,1,Regular,$2.99,$0.00,$2.99,$0.21,SQ20250215003287,PMT20250215003287,Register 2,,,Payment,Corner Store #1,,,,
02/15/2025,12:50:58 PM,America/Chicago,Frozen Foods,Frozen Corn Dogs 4-Pack,FRZ-012,1,Regular,$5.99,$0.00,$5.99,$0.42,SQ20250215003287,PMT20250215003287,Register 1,,,Payment,Corner Store #1,,,,
02/15/2025,01:41:27 PM,America/Chicago,Grocery & Pantry,Sugar 2lb Bag,GRO-015,1,Regular,$5.99,$0.00,$5.99,$0.42,SQ20250215003308,PMT20250215003308,Register 2,,,Payment,Corner Store #1,,,,
02/15/2025,06:01:15 PM,America/Chicago,Household & Cleaning,Dish Soap 12oz,HHC-003,1,Regular,$5.99,$0.00,$5.99,$0.42,SQ20250215003315,PMT20250215003315,Register 2,,,Payment,Corner Store #1,,,,
02/16/2025,10:10:04 AM,America/Chicago,Household & Cleaning,Laundry Detergent Small,HHC-004,1,Regular,$6.49,$0.00,$6.49,$0.45,SQ20250216003339,PMT20250216003339,Register 2,,,Payment,Corner Store #1,,,,
02/16/2025,10:10:04 AM,America/Chicago,Snacks,Lay's Classic Chips 1oz,SNK-001,1,Regular,$1.99,$0.00,$1.99,$0.14,SQ20250216003339,PMT20250216003339,Register 2,,,Payment,Corner Store #1,,,,
02/16/2025,10:10:04 AM,America/Chicago,Grocery & Pantry,Instant Oatmeal Packets,GRO-010,1,Regular,$1.49,$0.00,$1.49,$0.10,SQ20250216003339,PMT20250216003339,Register 2,,,Payment,Corner Store #1,,,,
02/16/2025,10:10:04 AM,America/Chicago,Health & OTC,First Aid Spray,HOT-009,2,Regular,$21.98,-$2.20,$19.78,$1.38,SQ20250216003339,PMT20250216003339,Mobile POS,,,Payment,Corner Store #1,,,,
02/16/2025,10:10:04 AM,America/Chicago,Household & Cleaning,Matches Box,HHC-014,1,Regular,$11.49,$0.00,$11.49,$0.80,SQ20250216003339,PMT20250216003339,Register 2,,,Payment,Corner Store #1,,,,
02/16/2025,06:52:15 PM,America/Chicago,Bakery,Banana Bread Slice,BAK-011,1,Regular,$1.99,-$0.20,$1.79,$0.13,SQ20250216003366,PMT20250216003366,Register 2,,,Payment,Corner Store #1,,Aaron Jennings,CUST592715,91a4d796-b972-4eec-a563-7d1f57637902
02/16/2025,07:59:24 PM,America/Chicago,Beverages,Gatorade Lemon-Lime 28oz,BEV-006,1,Regular,$1.49,$0.00,$1.49,$0.10,SQ20250216003381,PMT20250216003381,Register 1,,,Payment,Corner Store #1,,,,
02/16/2025,07:15:02 PM,America/Chicago,Grocery & Pantry,Instant Ramen Noodles,GRO-011,1,Regular,$3.49,$0.00,$3.49,$0.24,SQ20250216003404,PMT20250216003404,Mobile POS,,,Payment,Corner Store #1,,Thomas Oconnor,CUST597623,53cc6b95-c689-4836-8f73-ab1c860c7b68
02/16/2025,07:15:02 PM,America/Chicago,Grocery & Pantry,Cereal Small Box,GRO-009,1,Regular,$1.49,$0.00,$1.49,$0.10,SQ20250216003404,PMT20250216003404,Register 1,,,Payment,Corner Store #1,,Thomas Oconnor,CUST597623,53cc6b95-c689-4836-8f73-ab1c860c7b68
02/16/2025,07:15:02 PM,America/Chicago,Beverages,Orange Juice 12oz,BEV-013,2,Regular,$4.98,$0.00,$4.98,$0.35,SQ20250216003404,PMT20250216003404,Mobile POS,,,Payment,Corner Store #1,,Thomas Oconnor,CUST597623,53cc6b95-c689-4836-8f73-ab1c860c7b68
02/16/2025,07:15:02 PM,America/Chicago,Personal Care,Travel Size Shampoo,PCR-005,1,Regular,$3.99,$0.00,$3.99,$0.28,SQ20250216003404,PMT20250216003404,Mobile POS,,,Payment,Corner Store #1,,Thomas Oconnor,CUST597623,53cc6b95-c689-4836-8f73-ab1c860c7b68
02/17/2025,07:22:07 PM,America/Chicago,Snacks,Rice Cakes Snack Pack,SNK-013,1,Regular,$1.99,$0.00,$1.99,$0.14,SQ20250217003419,PMT20250217003419,Register 1,,,Payment,Corner Store #1,,,,
02/17/2025,07:22:07 PM,America/Chicago,Snacks,Cheese Crackers Pack,SNK-009,1,Regular,$3.49,$0.00,$3.49,$0.24,SQ20250217003419,PMT20250217003419,Register 1,,,Payment,Corner Store #1,,,,
02/17/2025,07:22:07 PM,America/Chicago,Candy,M&M's Plain Bag,CDY-003,3,Regular,$5.97,$0.00,$5.97,$0.42,SQ20250217003419,PMT20250217003419,Register 2,,,Payment,Corner Store #1,,,,
02/17/2025,07:22:07 PM,America/Chicago,Beverages,Bottled Water 16.9oz,BEV-008,1,Regular,$3.99,$0.00,$3.99,$0.28,SQ20250217003419,PMT20250217003419,Register 2,,,Payment,Corner Store #1,,,,
02/17/2025,07:22:07 PM,America/Chicago,Grocery & Pantry,Instant Ramen Noodles,GRO-011,3,Regular,$10.47,$0.00,$10.47,$0.73,SQ20250217003419,PMT20250217003419,Mobile POS,,,Payment,Corner Store #1,,,,
02/17/2025,07:39:41 AM,America/Chicago,Frozen Foods,Frozen Pot Pie,FRZ-014,1,Regular,$6.99,$0.00,$6.99,$0.49,SQ20250217003459,PMT20250217003459,Register 1,,,Payment,Corner Store #1,,,,
02/17/2025,07:39:41 AM,America/Chicago,Personal Care,Toothbrush Single,PCR-002,1,Regular,$8.49,-$0.85,$7.64,$0.53,SQ20250217003459,PMT20250217003459,Register 1,,,Payment,Corner Store #1,,,,
02/17/2025,09:13:53 PM,America/Chicago,Health & OTC,Allergy Relief Tablets,HOT-003,1,Regular,$13.49,$0.00,$13.49,$0.94,SQ20250217003471,PMT20250217003471,Register 2,,,Payment,Corner Store #1,,,,
02/18/2025,04:49:40 PM,America/Chicago,Grocery & Pantry,Peanut Butter Jar,GRO-007,1,Regular,$1.99,$0.00,$1.99,$0.14,SQ20250218003499,PMT20250218003499,Mobile POS,,,Payment,Corner Store #1,,,,
02/18/2025,12:36:07 PM,America/Chicago,Grocery & Pantry,Instant Oatmeal Packets,GRO-010,1,Regular,$1.49,$0.00,$1.49,$0.10,SQ20250218003519,PMT20250218003519,Mobile POS,,,Payment,Corner Store #1,,,,
02/18/2025,12:36:07 PM,America/Chicago,Frozen Foods,Frozen Vanilla Ice Cream Pint,FRZ-010,2,Regular,$6.98,$0.00,$6.98,$0.49,SQ20250218003519,PMT20250218003519,Register 2,,,Payment,Corner Store #1,,,,
02/18/2025,12:36:07 PM,America/Chicago,Grocery & Pantry,Cereal Small Box,GRO-009,1,Regular,$1.49,$0.00,$1.49,$0.10,SQ20250218003519,PMT20250218003519,Register 2,,,Payment,Corner Store #1,,,,
02/18/2025,12:36:07 PM,America/Chicago,Beverages,Gatorade Lemon-Lime 28oz,BEV-006,1,Regular,$1.49,-$0.15,$1.34,$0.09,SQ20250218003519,PMT20250218003519,Mobile POS,,,Payment,Corner Store #1,,,,
02/18/2025,12:36:07 PM,America/Chicago,Dairy,2% Milk 1 Gallon,DAI-002,1,Regular,$4.49,$0.00,$4.49,$0.31,SQ20250218003519,PMT20250218003519,Register 1,,,Payment,Corner Store #1,,,,
02/19/2025,12:01:15 PM,America/Chicago,Frozen Foods,Frozen Chicken Nuggets Bag,FRZ-005,1,Regular,$3.49,$0.00,$3.49,$0.24,SQ20250219003543,PMT20250219003543,Register 1,,,Payment,Corner Store #1,,,,
02/19/2025,01:13:26 PM,America/Chicago,Health & OTC,Digital Thermometer,HOT-012,1,Regular,$3.99,$0.00,$3.99,$0.28,SQ20250219003569,PMT20250219003569,Register 1,,,Payment,Corner Store #1,,,,
02/19/2025,01:13:26 PM,America/Chicago,Bakery,Blueberry Muffin,BAK-004,1,Regular,$2.49,$0.00,$2.49,$0.17,SQ20250219003569,PMT20250219003569,Register 2,,,Payment,Corner Store #1,,,,
02/19/2025,01:13:26 PM,America/Chicago,Beverages,Iced Tea Lemon 18.5oz,BEV-010,1,Regular,$3.49,$0.00,$3.49,$0.24,SQ20250219003569,PMT20250219003569,Register 2,,,Payment,Corner Store #1,,,,
02/20/2025,12:51:47 PM,America/Chicago,Personal Care,Toothbrush Single,PCR-002,1,Regular,$8.49,-$0.85,$7.64,$0.53,SQ20250220003613,PMT20250220003613,Register 2,,,Payment,Corner Store #1,,,,
02/20/2025,09:06:08 AM,America/Chicago,Bakery,Flour Tortillas 10-Pack,BAK-015,1,Regular,$2.99,$0.00,$2.99,$0.21,SQ20250220003627,PMT20250220003627,Mobile POS,,,Payment,Corner Store #1,,,,
02/20/2025,09:06:08 AM,America/Chicago,Beverages,Coca-Cola 20oz Bottle,BEV-001,2,Regular,$6.98,$0.00,$6.98,$0.49,SQ20250220003627,PMT20250220003627,Register 2,,,Payment,Corner Store #1,,,,
02/21/2025,11:37:49 AM,America/Chicago,Bakery,Banana Bread Slice,BAK-011,1,Regular,$1.99,$0.00,$1.99,$0.14,SQ20250221003656,PMT20250221003656,Mobile POS,,,Payment,Corner Store #1,,,,
02/21/2025,11:37:49 AM,America/Chicago,Household & Cleaning,Plastic Wrap Roll,HHC-009,1,Regular,$7.49,$0.00,$7.49,$0.52,SQ20250221003656,PMT20250221003656,Register 1,,,Payment,Corner Store #1,,,,
02/21/2025,11:37:49 AM,America/Chicago,Household & Cleaning,Laundry Detergent Small,HHC-004,3,Regular,$19.47,$0.00,$19.47,$1.36,SQ20250221003656,PMT20250221003656,Mobile POS,,,Payment,Corner Store #1,,,,
02/21/2025,10:17:03 AM,America/Chicago,Dairy,Shredded Cheddar Cheese 8oz,DAI-006,1,Regular,$5.99,$0.00,$5.99,$0.42,SQ20250221003693,PMT20250221003693,Mobile POS,,,Payment,Corner Store #1,,,,
02/21/2025,07:15:48 AM,America/Chicago,Dairy,Whole Milk 1 Gallon,DAI-001,1,Regular,$3.49,$0.00,$3.49,$0.24,SQ20250221003715,PMT20250221003715,Register 1,,,Payment,Corner Store #1,,Stephanie Dominguez,CUST770048,a9151364-778a-469f-8b68-d94d40da9c7d
02/21/2025,07:15:48 AM,America/Chicago,Bakery,Dinner Rolls 8-Pack,BAK-009,1,Regular,$2.49,$0.00,$2.49,$0.17,SQ20250221003715,PMT20250221003715,Register 1,,,Payment,Corner Store #1,,Stephanie Dominguez,CUST770048,a9151364-778a-469f-8b68-d94d40da9c7d
02/21/2025,07:15:48 AM,America/Chicago,Frozen Foods,Frozen Chocolate Ice Cream Pint,FRZ-011,1,Regular,$8.49,$0.00,$8.49,$0.59,SQ20250221003715,PMT20250221003715,Mobile POS,,,Payment,Corner Store #1,,Stephanie Dominguez,CUST770048,a9151364-778a-469f-8b68-d94d40da9c7d
02/22/2025,05:01:47 PM,America/Chicago,Candy,Twix Bar,CDY-008,1,Regular,$1.49,$0.00,$1.49,$0.10,SQ20250222003760,PMT20250222003760,Register 1,,,Payment,Corner Store #1,,,,
02/22/2025,05:01:47 PM,America/Chicago,Grocery & Pantry,White Rice 2lb Bag,GRO-001,2,Regular,$8.98,$0.00,$8.98,$0.63,SQ20250222003760,PMT20250222003760,Mobile POS,,,Payment,Corner Store #1,,,,
02/22/2025,06:47:14 PM,America/Chicago,Personal Care,Mouthwash 8oz,PCR-003,1,Regular,$4.99,$0.00,$4.99,$0.35,SQ20250222003774,PMT20250222003774,Mobile POS,,,Payment,Corner Store #1,,Amanda Brown PhD,CUST431337,36308a60-1e41-42bb-a7cf-5ce00af5e4a9
02/22/2025,05:54:37 PM,America/Chicago,Grocery & Pantry,Hot Sauce Bottle,GRO-014,1,Regular,$2.99,$0.00,$2.99,$0.21,SQ20250222003783,PMT20250222003783,Mobile POS,,,Payment,Corner Store #1,,Kerry Buckley,CUST135259,7d283421-243f-45fe-bc47-16ad0970d09d
02/23/2025,06:13:21 PM,America/Chicago,Health & OTC,Allergy Relief Tablets,HOT-003,1,Regular,$13.49,$0.00,$13.49,$0.94,SQ20250223003799,PMT20250223003799,Register 2,,,Payment,Corner Store #1,,,,
02/23/2025,06:16:01 PM,America/Chicago,Household & Cleaning,Plastic Wrap Roll,HHC-009,2,Regular,$14.98,-$1.50,$13.48,$0.94,SQ20250223003821,PMT20250223003821,Register 1,,,Payment,Corner Store #1,,,,
02/23/2025,01:58:09 PM,America/Chicago,Snacks,Veggie Straws 1oz,SNK-012,1,Regular,$2.99,$0.00,$2.99,$0.21,SQ20250223003857,PMT20250223003857,Register 1,,,Payment,Corner Store #1,,,,
02/23/2025,01:58:09 PM,America/Chicago,Candy,Sour Patch Kids Bag,CDY-010,1,Regular,$1.99,$0.00,$1.99,$0.14,SQ20250223003857,PMT20250223003857,Register 1,,,Payment,Corner Store #1,,,,
02/23/2025,01:58:09 PM,America/Chicago,Bakery,Hot Dog Buns 8-Pack,BAK-014,1,Regular,$5.49,$0.00,$5.49,$0.38,SQ20250223003857,PMT20250223003857,Register 2,,,Payment,Corner Store #1,,,,
02/24/2025,04:26:21 PM,America/Chicago,Grocery & Pantry,Spaghetti Pasta Box,GRO-002,1,Regular,$4.99,$0.00,$4.99,$0.35,SQ20250224003882,PMT20250224003882,Mobile POS,,,Payment,Corner Store #1,,Christopher Cooper,CUST126470,2823442c-9a87-4357-8b8f-b475e2ebb2d2
02/24/2025,01:04:38 PM,America/Chicago,Beverages,Iced Tea Lemon 18.5oz,BEV-010,1,Regular,$3.49,$0.00,$3.49,$0.24,SQ20250224003903,PMT20250224003903,Register 2,,,Payment,Corner Store #1,,,,
02/24/2025,01:04:38 PM,America/Chicago,Health & OTC,Antibacterial Ointment Tube,HOT-015,1,Regular,$9.99,$0.00,$9.99,$0.70,SQ20250224003903,PMT20250224003903,Mobile POS,,,Payment,Corner Store #1,,,,
02/25/2025,12:12:26 PM,America/Chicago,Bakery,Hot Dog Buns 8-Pack,BAK-014,1,Regular,$5.49,$0.00,$5.49,$0.38,SQ20250225003917,PMT20250225003917,Mobile POS,,,Payment,Corner Store #1,,,,
02/25/2025,07:54:45 AM,America/Chicago,Health & OTC,Cough Drops Bag,HOT-004,1,Regular,$13.49,$0.00,$13.49,$0.94,SQ20250225003941,PMT20250225003941,Register 2,,,Payment,Corner Store #1,,,,
02/26/2025,03:51:18 PM,America/Chicago,Beverages,Chocolate Milk 14oz,BEV-014,2,Regular,$9.00,$0.00,$9.00,$0.63,SQ20250226003991,PMT20250226003991,Mobile POS,,,Payment,Corner Store #1,,,,
02/26/2025,06:03:43 PM,America/Chicago,Snacks,Mixed Nuts 1.5oz,SNK-014,2,Regular,$3.98,$0.00,$3.98,$0.28,SQ20250226003997,PMT20250226003997,Mobile POS,,,Payment,Corner Store #1,,William Franco,CUST550464,cb618d75-aa96-4dfb-a79b-265ab15f3994
02/27/2025,11:06:06 AM,America/Chicago,Health & OTC,Allergy Relief Tablets,HOT-003,1,Regular,$13.49,$0.00,$13.49,$0.94,SQ20250227004028,PMT20250227004028,Mobile POS,,,Payment,Corner Store #1,,,,
02/27/2025,11:06:06 AM,America/Chicago,Household & Cleaning,Matches Box,HHC-014,1,Regular,$11.49,$0.00,$11.49,$0.80,SQ20250227004028,PMT20250227004028,Register 1,,,Payment,Corner Store #1,,,,
02/27/2025,11:06:06 AM,America/Chicago,Grocery & Pantry,Instant Oatmeal Packets,GRO-010,1,Regular,$1.49,$0.00,$1.49,$0.10,SQ20250227004028,PMT20250227004028,Register 2,,,Payment,Corner Store #1,,,,
02/27/2025,11:06:06 AM,America/Chicago,Grocery & Pantry,White Rice 2lb Bag,GRO-001,2,Regular,$8.98,-$0.90,$8.08,$0.57,SQ20250227004028,PMT20250227004028,Register 1,,,Payment,Corner Store #1,,,,
02/27/2025,07:58:12 AM,America/Chicago,Grocery & Pantry,Canned Tuna,GRO-006,1,Regular,$2.99,$0.00,$2.99,$0.21,SQ20250227004046,PMT20250227004046,Register 1,,,Payment,Corner Store #1,,,,
02/28/2025,05:12:02 PM,America/Chicago,Bakery,Chocolate Donut,BAK-007,2,Regular,$3.98,$0.00,$3.98,$0.28,SQ20250228004087,PMT20250228004087,Register 1,,,Payment,Corner Store #1,,,,
02/28/2025,05:12:02 PM,America/Chicago,Bakery,Hot Dog Buns 8-Pack,BAK-014,1,Regular,$5.49,$0.00,$5.49,$0.38,SQ20250228004087,PMT20250228004087,Register 2,,,Payment,Corner Store #1,,,,
02/28/2025,05:12:02 PM,America/Chicago,Dairy,String Cheese Pack,DAI-007,1,Regular,$3.99,$0.00,$3.99,$0.28,SQ20250228004087,PMT20250228004087,Register 2,,,Payment,Corner Store #1,,,,
02/28/2025,07:49:40 PM,America/Chicago,Bakery,Wheat Sandwich Bread,BAK-002,2,Regular,$11.98,$0.00,$11.98,$0.84,SQ20250228004104,PMT20250228004104,Register 1,,,Payment,Corner Store #1,,Carlos Miller,CUST971605,1c99d366-c8b6-4c18-8355-853eb0d9751c
02/28/2025,01:48:28 PM,America/Chicago,Health & OTC,Digital Thermometer,HOT-012,1,Regular,$3.99,$0.00,$3.99,$0.28,SQ20250228004127,PMT20250228004127,Register 1,,,Payment,Corner Store #1,,,,
02/28/2025,01:48:28 PM,America/Chicago,Beverages,Orange Juice 12oz,BEV-013,2,Regular,$4.98,$0.00,$4.98,$0.35,SQ20250228004127,PMT20250228004127,Mobile POS,,,Payment,Corner Store #1,,,,
02/28/2025,12:38:05 PM,America/Chicago,Dairy,Heavy Whipping Cream Pint,DAI-015,1,Regular,$7.49,$0.00,$7.49,$0.52,SQ20250228004131,PMT20250228004131,Register 2,,,Payment,Corner Store #1,,,,
02/28/2025,12:38:05 PM,America/Chicago,Household & Cleaning,Aluminum Foil Roll,HHC-008,1,Regular,$4.49,$0.00,$4.49,$0.31,SQ20250228004131,PMT20250228004131,Register 1,,,Payment,Corner Store #1,,,,
02/28/2025,12:38:05 PM,America/Chicago,Grocery & Pantry,Canned Black Beans,GRO-004,1,Regular,$6.49,-$0.65,$5.84,$0.41,SQ20250228004131,PMT20250228004131,Mobile POS,,,Payment,Corner Store #1,,,,
03/01/2025,01:19:24 PM,America/Chicago,Snacks,Mixed Nuts 1.5oz,SNK-014,1,Regular,$1.99,$0.00,$1.99,$0.14,SQ20250301004184,PMT20250301004184,Mobile POS,,,Payment,Corner Store #1,,,,
03/01/2025,01:19:24 PM,America/Chicago,Snacks,Veggie Straws 1oz,SNK-012,1,Regular,$2.99,$0.00,$2.99,$0.21,SQ20250301004184,PMT20250301004184,Register 1,,,Payment,Corner Store #1,,,,
03/01/2025,05:45:15 PM,America/Chicago,Candy,M&M's Plain Bag,CDY-003,1,Regular,$1.99,$0.00,$1.99,$0.14,SQ20250301004232,PMT20250301004232,Register 1,,,Payment,Corner Store #1,,,,
03/01/2025,05:45:15 PM,America/Chicago,Snacks,Lay's Classic Chips 1oz,SNK-001,2,Regular,$3.98,$0.00,$3.98,$0.28,SQ20250301004232,PMT20250301004232,Register 1,,,Payment,Corner Store #1,,,,
03/01/2025,06:15:23 PM,America/Chicago,Snacks,Rice Cakes Snack Pack,SNK-013,1,Regular,$1.99,$0.00,$1.99,$0.14,SQ20250301004260,PMT20250301004260,Register 1,,,Payment,Corner Store #1,,,,
03/01/2025,02:57:40 PM,America/Chicago,Bakery,Chocolate Donut,BAK-007,2,Regular,$3.98,$0.00,$3.98,$0.28,SQ20250301004279,PMT20250301004279,Register 1,,,Payment,Corner Store #1,,,,
03/01/2025,06:36:00 PM,America/Chicago,Grocery & Pantry,Instant Oatmeal Packets,GRO-010,2,Regular,$2.98,$0.00,$2.98,$0.21,SQ20250301004299,PMT20250301004299,Register 1,,,Payment,Corner Store #1,,Corey Sanchez,CUST302274,7c420494-76d3-4b96-8f7f-963ed3c544a3
03/02/2025,12:41:32 PM,America/Chicago,Snacks,Pretzels Snack Bag 1.5oz,SNK-004,1,Regular,$3.99,$0.00,$3.99,$0.28,SQ20250302004308,PMT20250302004308,Mobile POS,,,Payment,Corner Store #1,,Tracey Tucker,CUST361092,e581620f-dc0d-4266-8e29-ed9a0518bd4d
03/02/2025,12:41:32 PM,America/Chicago,Beverages,Sparkling Water Lime 12oz,BEV-009,1,Regular,$1.99,$0.00,$1.99,$0.14,SQ20250302004308,PMT20250302004308,Register 2,,,Payment,Corner Store #1,,Tracey Tucker,CUST361092,e581620f-dc0d-4266-8e29-ed9a0518bd4d
03/02/2025,12:41:32 PM,America/Chicago,Personal Care,Hand Sanitizer 2oz,PCR-007,1,Regular,$3.49,$0.00,$3.49,$0.24,SQ20250302004308,PMT20250302004308,Register 1,,,Payment,Corner Store #1,,Tracey Tucker,CUST361092,e581620f-dc0d-4266-8e29-ed9a0518bd4d
03/02/2025,12:41:32 PM,America/Chicago,Health & OTC,Nasal Spray,HOT-013,1,Regular,$12.49,$0.00,$12.49,$0.87,SQ20250302004308,PMT20250302004308,Mobile POS,,,Payment,Corner Store #1,,Tracey Tucker,CUST361092,e581620f-dc0d-4266-8e29-ed9a0518bd4d
03/02/2025,12:41:32 PM,America/Chicago,Grocery & Pantry,Instant Oatmeal Packets,GRO-010,3,Regular,$4.47,$0.00,$4.47,$0.31,SQ20250302004308,PMT20250302004308,Register 1,,,Payment,Corner Store #1,,Tracey Tucker,CUST361092,e581620f-dc0d-4266-8e29-ed9a0518bd4d
03/02/2025,12:33:12 PM,America/Chicago,Beverages,Iced Latte Bottle 13oz,BEV-015,1,Regular,$1.99,$0.00,$1.99,$0.14,SQ20250302004334,PMT20250302004334,Mobile POS,,,Payment,Corner Store #1,,,,
03/02/2025,12:33:12 PM,America/Chicago,Grocery & Pantry,Peanut Butter Jar,GRO-007,2,Regular,$3.98,$0.00,$3.98,$0.28,SQ20250302004334,PMT20250302004334,Register 2,,,Payment,Corner Store #1,,,,
03/02/2025,12:33:12 PM,America/Chicago,Candy,Starburst Original Bag,CDY-006,1,Regular,$1.49,$0.00,$1.49,$0.10,SQ20250302004334,PMT20250302004334,Register 2,,,Payment,Corner Store #1,,,,
03/02/2025,08:08:41 AM,America/Chicago,Snacks,Tortilla Chips Family Size,SNK-011,1,Regular,$2.99,-$0.30,$2.69,$0.19,SQ20250302004337,PMT20250302004337,Register 2,,,Payment,Corner Store #1,,,,
03/02/2025,07:57:29 AM,America/Chicago,Dairy,American Cheese Slices,DAI-014,1,Regular,$7.50,$0.00,$7.50,$0.53,SQ20250302004391,PMT20250302004391,Register 1,,,Payment,Corner Store #1,,,,
03/02/2025,07:57:29 AM,America/Chicago,Beverages,Chocolate Milk 14oz,BEV-014,1,Regular,$4.50,$0.00,$4.50,$0.32,SQ20250302004391,PMT20250302004391,Register 2,,,Payment,Corner Store #1,,,,
03/02/2025,07:57:29 AM,America/Chicago,Household & Cleaning,Sandwich Bags Box,HHC-010,1,Regular,$5.99,$0.00,$5.99,$0.42,SQ20250302004391,PMT20250302004391,Mobile POS,,,Payment,Corner Store #1,,,,
03/03/2025,06:42:31 PM,America/Chicago,Snacks,Doritos Nacho Cheese 1oz,SNK-002,1,Regular,$2.49,$0.00,$2.49,$0.17,SQ20250303004418,PMT20250303004418,Register 1,,,Payment,Corner Store #1,,Carlos Gates DDS,CUST973060,ba098a27-4870-4a92-92f7-7d5dfec5ea47
03/03/2025,12:37:19 PM,America/Chicago,Personal Care,Toothpaste Tube,PCR-001,1,Regular,$5.99,$0.00,$5.99,$0.42,SQ20250303004424,PMT20250303004424,Register 1,,,Payment,Corner Store #1,,,,
03/03/2025,07:10:02 PM,America/Chicago,Snacks,Pretzels Snack Bag 1.5oz,SNK-004,1,Regular,$3.99,$0.00,$3.99,$0.28,SQ20250303004430,PMT20250303004430,Mobile POS,,,Payment,Corner Store #1,,,,
03/03/2025,07:41:39 AM,America/Chicago,Health & OTC,Electrolyte Powder Packet,HOT-008,1,Regular,$10.49,$0.00,$10.49,$0.73,SQ20250303004506,PMT20250303004506,Mobile POS,,,Payment,Corner Store #1,,Tina Carroll,CUST924665,cd32e712-0c76-4092-9cff-d7b6361c2373
03/04/2025,08:06:57 AM,America/Chicago,Frozen Foods,Frozen Corn Dogs 4-Pack,FRZ-012,3,Regular,$17.97,$0.00,$17.97,$1.26,SQ20250304004512,PMT20250304004512,Register 2,,,Payment,Corner Store #1,,,,
03/04/2025,08:06:57 AM,America/Chicago,Personal Care,Cotton Swabs Box,PCR-010,1,Regular,$1.99,$0.00,$1.99,$0.14,SQ20250304004512,PMT20250304004512,Register 1,,,Payment,Corner Store #1,,,,
03/04/2025,08:06:57 AM,America/Chicago,Grocery & Pantry,Sugar 2lb Bag,GRO-015,2,Regular,$11.98,$0.00,$11.98,$0.84,SQ20250304004512,PMT20250304004512,Register 2,,,Payment,Corner Store #1,,,,
03/04/2025,08:06:57 AM,America/Chicago,Candy,Twix Bar,CDY-008,1,Regular,$1.49,$0.00,$1.49,$0.10,SQ20250304004512,PMT20250304004512,Register 2,,,Payment,Corner Store #1,,,,
03/04/2025,08:06:57 AM,America/Chicago,Bakery,Chocolate Donut,BAK-007,1,Regular,$1.99,$0.00,$1.99,$0.14,SQ20250304004512,PMT20250304004512,Register 1,,,Payment,Corner Store #1,,,,
03/04/2025,07:12:49 PM,America/Chicago,Beverages,Iced Tea Lemon 18.5oz,BEV-010,1,Regular,$3.49,$0.00,$3.49,$0.24,SQ20250304004518,PMT20250304004518,Mobile POS,,,Payment,Corner Store #1,,,,
03/05/2025,07:42:29 PM,America/Chicago,Health & OTC,Digital Thermometer,HOT-012,1,Regular,$3.99,$0.00,$3.99,$0.28,SQ20250305004572,PMT20250305004572,Register 2,,,Payment,Corner Store #1,,,,
03/05/2025,08:40:28 AM,America/Chicago,Candy,Kit Kat Bar,CDY-007,2,Regular,$5.98,$0.00,$5.98,$0.42,SQ20250305004591,PMT20250305004591,Register 2,,,Payment,Corner Store #1,,,,
03/05/2025,08:40:28 AM,America/Chicago,Bakery,Chocolate Donut,BAK-007,1,Regular,$1.99,$0.00,$1.99,$0.14,SQ20250305004591,PMT20250305004591,Register 2,,,Payment,Corner Store #1,,,,
03/05/2025,08:40:28 AM,America/Chicago,Health & OTC,Ibuprofen Tablets Small Bottle,HOT-001,1,Regular,$9.49,$0.00,$9.49,$0.66,SQ20250305004591,PMT20250305004591,Mobile POS,,,Payment,Corner Store #1,,,,
03/06/2025,06:46:17 PM,America/Chicago,Bakery,Chocolate Donut,BAK-007,1,Regular,$1.99,$0.00,$1.99,$0.14,SQ20250306004654,PMT20250306004654,Register 2,,,Payment,Corner Store #1,,,,
03/06/2025,06:46:17 PM,America/Chicago,Grocery & Pantry,White Rice 2lb Bag,GRO-001,1,Regular,$4.49,$0.00,$4.49,$0.31,SQ20250306004654,PMT20250306004654,Register 1,,,Payment,Corner Store #1,,,,
03/06/2025,06:46:17 PM,America/Chicago,Dairy,2% Milk 1 Gallon,DAI-002,1,Regular,$4.49,$0.00,$4.49,$0.31,SQ20250306004654,PMT20250306004654,Register 2,,,Payment,Corner Store #1,,,,
03/06/2025,06:46:17 PM,America/Chicago,Snacks,Pork Rinds 2.5oz,SNK-008,2,Regular,$2.98,$0.00,$2.98,$0.21,SQ20250306004654,PMT20250306004654,Mobile POS,,,Payment,Corner Store #1,,,,
03/06/2025,07:53:47 PM,America/Chicago,Bakery,Blueberry Muffin,BAK-004,1,Regular,$2.49,$0.00,$2.49,$0.17,SQ20250306004675,PMT20250306004675,Register 2,,,Payment,Corner Store #1,,Jeremy Hunter,CUST512046,277fecc6-196b-48f1-9ed8-9c47bb88854e
03/06/2025,07:53:47 PM,America/Chicago,Frozen Foods,Frozen Burritos 4-Pack,FRZ-003,1,Regular,$8.99,$0.00,$8.99,$0.63,SQ20250306004675,PMT20250306004675,Mobile POS,,,Payment,Corner Store #1,,Jeremy Hunter,CUST512046,277fecc6-196b-48f1-9ed8-9c47bb88854e
03/07/2025,08:04:23 AM,America/Chicago,Grocery & Pantry,Instant Oatmeal Packets,GRO-010,1,Regular,$1.49,$0.00,$1.49,$0.10,SQ20250307004691,PMT20250307004691,Mobile POS,,,Payment,Corner Store #1,,,,
03/07/2025,07:23:53 AM,America/Chicago,Household & Cleaning,Plastic Wrap Roll,HHC-009,1,Regular,$7.49,$0.00,$7.49,$0.52,SQ20250307004720,PMT20250307004720,Register 2,,,Payment,Corner Store #1,,Brandon Arnold,CUST939670,a2bc491e-c1cd-49a4-9738-b27785764472
03/07/2025,06:26:09 PM,America/Chicago,Health & OTC,Digital Thermometer,HOT-012,1,Regular,$3.99,$0.00,$3.99,$0.28,SQ20250307004735,PMT20250307004735,Register 1,,,Payment,Corner Store #1,,,,
03/07/2025,06:26:09 PM,America/Chicago,Beverages,Energy Drink Sugar-Free 16oz,BEV-012,2,Regular,$7.98,$0.00,$7.98,$0.56,SQ20250307004735,PMT20250307004735,Register 1,,,Payment,Corner Store #1,,,,
03/08/2025,06:07:59 PM,America/Chicago,Grocery & Pantry,Pasta Sauce Jar,GRO-003,1,Regular,$4.99,$0.00,$4.99,$0.35,SQ20250308004752,PMT20250308004752,Register 2,,,Payment,Corner Store #1,,Jennifer Baker,CUST985887,ff1b654d-6c65-459d-a2ef-1e217fb32568
03/08/2025,06:07:59 PM,America/Chicago,Household & Cleaning,Sponges 3-Pack,HHC-007,1,Regular,$9.49,$0.00,$9.49,$0.66,SQ20250308004752,PMT20250308004752,Register 1,,,Payment,Corner Store #1,,Jennifer Baker,CUST985887,ff1b654d-6c65-459d-a2ef-1e217fb32568
03/08/2025,05:43:50 PM,America/Chicago,Beverages,Sprite 20oz Bottle,BEV-003,1,Regular,$1.49,$0.00,$1.49,$0.10,SQ20250308004805,PMT20250308004805,Register 2,,,Payment,Corner Store #1,,Rebecca Zimmerman,CUST397567,a4d78f64-1fb0-46cc-a529-2f568fa09a4c
03/08/2025,06:45:10 PM,America/Chicago,Grocery & Pantry,Sugar 2lb Bag,GRO-015,1,Regular,$5.99,$0.00,$5.99,$0.42,SQ20250308004810,PMT20250308004810,Register 1,,,Payment,Corner Store #1,,,,
03/08/2025,06:45:10 PM,America/Chicago,Beverages,Orange Juice 12oz,BEV-013,1,Regular,$2.49,$0.00,$2.49,$0.17,SQ20250308004810,PMT20250308004810,Register 2,,,Payment,Corner Store #1,,,,
03/08/2025,06:45:10 PM,America/Chicago,Grocery & Pantry,White Rice 2lb Bag,GRO-001,1,Regular,$4.49,$0.00,$4.49,$0.31,SQ20250308004810,PMT20250308004810,Register 1,,,Payment,Corner Store #1,,,,
03/09/2025,02:25:57 PM,America/Chicago,Health & OTC,Face Masks 5-Pack,HOT-011,1,Regular,$12.49,$0.00,$12.49,$0.87,SQ20250309004818,PMT20250309004818,Register 1,,,Payment,Corner Store #1,,,,
03/09/2025,02:25:57 PM,America/Chicago,Dairy,2% Milk 1 Gallon,DAI-002,1,Regular,$4.49,$0.00,$4.49,$0.31,SQ20250309004818,PMT20250309004818,Mobile POS,,,Payment,Corner Store #1,,,,
03/09/2025,04:13:51 PM,America/Chicago,Health & OTC,First Aid Spray,HOT-009,3,Regular,$32.97,$0.00,$32.97,$2.31,SQ20250309004826,PMT20250309004826,Register 1,,,Payment,Corner Store #1,,,,
03/09/2025,04:13:51 PM,America/Chicago,Personal Care,Toothpaste Tube,PCR-001,1,Regular,$5.99,$0.00,$5.99,$0.42,SQ20250309004826,PMT20250309004826,Register 1,,,Payment,Corner Store #1,,,,
03/09/2025,11:34:24 AM,America/Chicago,Frozen Foods,Frozen Vanilla Ice Cream Pint,FRZ-010,1,Regular,$3.49,$0.00,$3.49,$0.24,SQ20250309004866,PMT20250309004866,Register 1,,,Payment,Corner Store #1,,William Smith,CUST297259,45f72e6c-7b70-4f15-abfb-c97aeefa4d76
03/09/2025,11:34:24 AM,America/Chicago,Dairy,2% Milk 1 Gallon,DAI-002,1,Regular,$4.49,$0.00,$4.49,$0.31,SQ20250309004866,PMT20250309004866,Register 1,,,Payment,Corner Store #1,,William Smith,CUST297259,45f72e6c-7b70-4f15-abfb-c97aeefa4d76
03/09/2025,11:34:24 AM,America/Chicago,Grocery & Pantry,Ketchup Bottle,GRO-013,1,Regular,$5.99,$0.00,$5.99,$0.42,SQ20250309004866,PMT20250309004866,Register 2,,,Payment,Corner Store #1,,William Smith,CUST297259,45f72e6c-7b70-4f15-abfb-c97aeefa4d76
03/10/2025,05:57:45 PM,America/Chicago,Health & OTC,Allergy Relief Tablets,HOT-003,1,Regular,$13.49,$0.00,$13.49,$0.94,SQ20250310004919,PMT20250310004919,Register 1,,,Payment,Corner Store #1,,,,
03/10/2025,09:17:11 AM,America/Chicago,Beverages,Sprite 20oz Bottle,BEV-003,1,Regular,$1.49,$0.00,$1.49,$0.10,SQ20250310004922,PMT20250310004922,Mobile POS,,,Payment,Corner Store #1,,,,
03/10/2025,09:17:11 AM,America/Chicago,Household & Cleaning,Aluminum Foil Roll,HHC-008,1,Regular,$4.49,-$0.45,$4.04,$0.28,SQ20250310004922,PMT20250310004922,Register 1,,,Payment,Corner Store #1,,,,
03/10/2025,04:16:30 PM,America/Chicago,Candy,Skittles Original Bag,CDY-005,2,Regular,$4.98,$0.00,$4.98,$0.35,SQ20250310004930,PMT20250310004930,Register 1,,,Payment,Corner Store #1,,,,
03/10/2025,04:16:30 PM,America/Chicago,Frozen Foods,Frozen Pot Pie,FRZ-014,3,Regular,$20.97,$0.00,$20.97,$1.47,SQ20250310004930,PMT20250310004930,Register 1,,,Payment,Corner Store #1,,,,
03/11/2025,11:45:25 AM,America/Chicago,Candy,M&M's Peanut Bag,CDY-002,1,Regular,$2.49,$0.00,$2.49,$0.17,SQ20250311004972,PMT20250311004972,Register 1,,,Payment,Corner Store #1,,,,
03/11/2025,07:03:50 PM,America/Chicago,Health & OTC,First Aid Spray,HOT-009,2,Regular,$21.98,$0.00,$21.98,$1.54,SQ20250311004995,PMT20250311004995,Register 2,,,Payment,Corner Store #1,,Jill Sanchez,CUST991575,20afaf9e-0f7c-49ad-8b48-3935cc09de64
03/11/2025,07:03:50 PM,America/Chicago,Frozen Foods,Frozen Corn Dogs 4-Pack,FRZ-012,1,Regular,$5.99,$0.00,$5.99,$0.42,SQ20250311004995,PMT20250311004995,Mobile POS,,,Payment,Corner Store #1,,Jill Sanchez,CUST991575,20afaf9e-0f7c-49ad-8b48-3935cc09de64
03/12/2025,12:22:56 PM,America/Chicago,Snacks,Trail Mix Pouch 2oz,SNK-006,2,Regular,$7.98,$0.00,$7.98,$0.56,SQ20250312005040,PMT20250312005040,Register 2,,,Payment,Corner Store #1,,,,
03/12/2025,12:22:56 PM,America/Chicago,Frozen Foods,Frozen Popsicles 6-Pack,FRZ-015,1,Regular,$4.99,$0.00,$4.99,$0.35,SQ20250312005040,PMT20250312005040,Mobile POS,,,Payment,Corner Store #1,,,,
03/12/2025,12:22:56 PM,America/Chicago,Dairy,Shredded Cheddar Cheese 8oz,DAI-006,1,Regular,$5.99,$0.00,$5.99,$0.42,SQ20250312005040,PMT20250312005040,Register 2,,,Payment,Corner Store #1,,,,
03/12/2025,07:50:35 PM,America/Chicago,Grocery & Pantry,Canned Tuna,GRO-006,1,Regular,$2.99,$0.00,$2.99,$0.21,SQ20250312005045,PMT20250312005045,Register 2,,,Payment,Corner Store #1,,Cassandra Smith,CUST653792,19e79a3d-e920-4a24-8304-93f0d7c713b7
03/12/2025,07:50:35 PM,America/Chicago,Dairy,Butter Stick 4oz,DAI-005,1,Regular,$6.99,$0.00,$6.99,$0.49,SQ20250312005045,PMT20250312005045,Register 2,,,Payment,Corner Store #1,,Cassandra Smith,CUST653792,19e79a3d-e920-4a24-8304-93f0d7c713b7
03/13/2025,08:59:37 PM,America/Chicago,Candy,Snickers Bar,CDY-001,2,Regular,$4.98,$0.00,$4.98,$0.35,SQ20250313005096,PMT20250313005096,Mobile POS,,,Payment,Corner Store #1,,,,
03/13/2025,08:59:37 PM,America/Chicago,Candy,Milky Way Bar,CDY-012,1,Regular,$1.49,$0.00,$1.49,$0.10,SQ20250313005096,PMT20250313005096,Register 1,,,Payment,Corner Store #1,,,,
03/13/2025,08:59:37 PM,America/Chicago,Snacks,Lay's Classic Chips 1oz,SNK-001,1,Regular,$1.99,$0.00,$1.99,$0.14,SQ20250313005096,PMT20250313005096,Register 1,,,Payment,Corner Store #1,,,,
03/13/2025,08:59:37 PM,America/Chicago,Health & OTC,Allergy Relief Tablets,HOT-003,1,Regular,$13.49,$0.00,$13.49,$0.94,SQ20250313005096,PMT20250313005096,Register 2,,,Payment,Corner Store #1,,,,
03/13/2025,08:30:22 AM,America/Chicago,Dairy,Shredded Cheddar Cheese 8oz,DAI-006,1,Regular,$5.99,$0.00,$5.99,$0.42,SQ20250313005110,PMT20250313005110,Mobile POS,,,Payment,Corner Store #1,,,,
03/13/2025,08:30:22 AM,America/Chicago,Grocery & Pantry,Spaghetti Pasta Box,GRO-002,1,Regular,$4.99,$0.00,$4.99,$0.35,SQ20250313005110,PMT20250313005110,Register 1,,,Payment,Corner Store #1,,,,
03/13/2025,08:30:22 AM,America/Chicago,Health & OTC,First Aid Spray,HOT-009,1,Regular,$10.99,$0.00,$10.99,$0.77,SQ20250313005110,PMT20250313005110,Mobile POS,,,Payment,Corner Store #1,,,,
03/13/2025,08:30:22 AM,America/Chicago,Candy,Starburst Original Bag,CDY-006,1,Regular,$1.49,$0.00,$1.49,$0.10,SQ20250313005110,PMT20250313005110,Register 2,,,Payment,Corner Store #1,,,,
03/13/2025,04:19:18 PM,America/Chicago,Candy,M&M's Plain Bag,CDY-003,1,Regular,$1.99,$0.00,$1.99,$0.14,SQ20250313005112,PMT20250313005112,Mobile POS,,,Payment,Corner Store #1,,Jennifer Sullivan,CUST119482,030b4532-a7c2-4c68-81ff-94279477d9d7
03/13/2025,04:19:18 PM,America/Chicago,Bakery,Flour Tortillas 10-Pack,BAK-015,1,Regular,$2.99,$0.00,$2.99,$0.21,SQ20250313005112,PMT20250313005112,Mobile POS,,,Payment,Corner Store #1,,Jennifer Sullivan,CUST119482,030b4532-a7c2-4c68-81ff-94279477d9d7
03/13/2025,04:19:18 PM,America/Chicago,Health & OTC,Digital Thermometer,HOT-012,1,Regular,$3.99,$0.00,$3.99,$0.28,SQ20250313005112,PMT20250313005112,Register 2,,,Payment,Corner Store #1,,Jennifer Sullivan,CUST119482,030b4532-a7c2-4c68-81ff-94279477d9d7
03/14/2025,12:29:07 PM,America/Chicago,Personal Care,Travel Wet Wipes Pack,PCR-015,1,Regular,$4.49,$0.00,$4.49,$0.31,SQ20250314005122,PMT20250314005122,Register 2,,,Payment,Corner Store #1,,,,
03/14/2025,12:29:07 PM,America/Chicago,Snacks,Trail Mix Pouch 2oz,SNK-006,1,Regular,$3.99,$0.00,$3.99,$0.28,SQ20250314005122,PMT20250314005122,Mobile POS,,,Payment,Corner Store #1,,,,
03/14/2025,07:52:00 PM,America/Chicago,Frozen Foods,Frozen Corn Dogs 4-Pack,FRZ-012,1,Regular,$5.99,$0.00,$5.99,$0.42,SQ20250314005134,PMT20250314005134,Mobile POS,,,Payment,Corner Store #1,,,,
03/14/2025,07:52:00 PM,America/Chicago,Candy,M&M's Plain Bag,CDY-003,1,Regular,$1.99,$0.00,$1.99,$0.14,SQ20250314005134,PMT20250314005134,Register 1,,,Payment,Corner Store #1,,,,
03/14/2025,07:52:00 PM,America/Chicago,Candy,Starburst Original Bag,CDY-006,1,Regular,$1.49,$0.00,$1.49,$0.10,SQ20250314005134,PMT20250314005134,Register 1,,,Payment,Corner Store #1,,,,
03/14/2025,07:52:00 PM,America/Chicago,Beverages,Diet Coke 20oz Bottle,BEV-002,3,Regular,$10.47,$0.00,$10.47,$0.73,SQ20250314005134,PMT20250314005134,Mobile POS,,,Payment,Corner Store #1,,,,
03/14/2025,05:31:23 PM,America/Chicago,Personal Care,Hair Gel Small,PCR-013,1,Regular,$7.49,$0.00,$7.49,$0.52,SQ20250314005189,PMT20250314005189,Mobile POS,,,Payment,Corner Store #1,,,,
03/14/2025,05:31:23 PM,America/Chicago,Grocery & Pantry,Cereal Small Box,GRO-009,1,Regular,$1.49,$0.00,$1.49,$0.10,SQ20250314005189,PMT20250314005189,Register 2,,,Payment,Corner Store #1,,,,
03/14/2025,05:31:23 PM,America/Chicago,Snacks,Doritos Nacho Cheese 1oz,SNK-002,1,Regular,$2.49,$0.00,$2.49,$0.17,SQ20250314005189,PMT20250314005189,Mobile POS,,,Payment,Corner Store #1,,,,
03/14/2025,05:31:23 PM,America/Chicago,Personal Care,Cotton Swabs Box,PCR-010,1,Regular,$1.99,$0.00,$1.99,$0.14,SQ20250314005189,PMT20250314005189,Register 2,,,Payment,Corner Store #1,,,,
03/14/2025,05:31:23 PM,America/Chicago,Snacks,Pita Chips Sea Salt 1.5oz,SNK-015,1,Regular,$3.49,$0.00,$3.49,$0.24,SQ20250314005189,PMT20250314005189,Mobile POS,,,Payment,Corner Store #1,,,,
03/15/2025,06:33:56 PM,America/Chicago,Candy,Twix Bar,CDY-008,1,Regular,$1.49,$0.00,$1.49,$0.10,SQ20250315005212,PMT20250315005212,Mobile POS,,,Payment,Corner Store #1,,,,
03/15/2025,06:33:56 PM,America/Chicago,Snacks,Pork Rinds 2.5oz,SNK-008,1,Regular,$1.49,$0.00,$1.49,$0.10,SQ20250315005212,PMT20250315005212,Register 2,,,Payment,Corner Store #1,,,,
03/15/2025,06:33:56 PM,America/Chicago,Personal Care,Facial Tissues Box,PCR-008,1,Regular,$5.49,$0.00,$5.49,$0.38,SQ20250315005212,PMT20250315005212,Mobile POS,,,Payment,Corner Store #1,,,,
03/15/2025,06:33:56 PM,America/Chicago,Personal Care,Hair Gel Small,PCR-013,1,Regular,$7.49,$0.00,$7.49,$0.52,SQ20250315005212,PMT20250315005212,Register 2,,,Payment,Corner Store #1,,,,
03/15/2025,03:16:37 PM,America/Chicago,Bakery,Blueberry Muffin,BAK-004,1,Regular,$2.49,$0.00,$2.49,$0.17,SQ20250315005214,PMT20250315005214,Mobile POS,,,Payment,Corner Store #1,,Whitney Jones,CUST672916,c78e0272-c43b-47af-8120-053d1aefff21
03/15/2025,12:01:32 PM,America/Chicago,Beverages,Energy Drink Original 16oz,BEV-011,2,Regular,$6.98,$0.00,$6.98,$0.49,SQ20250315005277,PMT20250315005277,Register 2,,,Payment,Corner Store #1,,,,
03/15/2025,12:01:32 PM,America/Chicago,Personal Care,Toothbrush Single,PCR-002,1,Regular,$8.49,$0.00,$8.49,$0.59,SQ20250315005277,PMT20250315005277,Register 1,,,Payment,Corner Store #1,,,,
03/15/2025,08:47:11 PM,America/Chicago,Household & Cleaning,Dish Soap 12oz,HHC-003,1,Regular,$5.99,$0.00,$5.99,$0.42,SQ20250315005283,PMT20250315005283,Register 1,,,Payment,Corner Store #1,,,,
03/15/2025,08:47:11 PM,America/Chicago,Household & Cleaning,All-Purpose Cleaner Spray,HHC-005,3,Regular,$25.47,$0.00,$25.47,$1.78,SQ20250315005283,PMT20250315005283,Register 2,,,Payment,Corner Store #1,,,,
03/15/2025,08:47:11 PM,America/Chicago,Beverages,Bottled Water 16.9oz,BEV-008,1,Regular,$3.99,-$0.40,$3.59,$0.25,SQ20250315005283,PMT20250315005283,Mobile POS,,,Payment,Corner Store #1,,,,
03/16/2025,05:06:07 PM,America/Chicago,Grocery & Pantry,Spaghetti Pasta Box,GRO-002,1,Regular,$4.99,$0.00,$4.99,$0.35,SQ20250316005305,PMT20250316005305,Register 2,,,Payment,Corner Store #1,,Stacey Stewart,CUST763557,11489054-7b6c-4596-aa97-435dd9ff74eb
03/16/2025,05:06:07 PM,America/Chicago,Bakery,Hot Dog Buns 8-Pack,BAK-014,1,Regular,$5.49,$0.00,$5.49,$0.38,SQ20250316005305,PMT20250316005305,Mobile POS,,,Payment,Corner Store #1,,Stacey Stewart,CUST763557,11489054-7b6c-4596-aa97-435dd9ff74eb
03/16/2025,06:53:24 PM,America/Chicago,Household & Cleaning,Aluminum Foil Roll,HHC-008,1,Regular,$4.49,$0.00,$4.49,$0.31,SQ20250316005307,PMT20250316005307,Register 2,,,Payment,Corner Store #1,,,,
03/16/2025,05:23:21 PM,America/Chicago,Frozen Foods,Frozen Mixed Vegetables Bag,FRZ-006,1,Regular,$2.50,$0.00,$2.50,$0.18,SQ20250316005346,PMT20250316005346,Mobile POS,,,Payment,Corner Store #1,,Sandra Frederick,CUST315811,6d1e0d7d-1402-46ee-81e6-935f3c7ed208
03/17/2025,12:41:28 PM,America/Chicago,Dairy,Half and Half Pint,DAI-012,1,Regular,$2.99,$0.00,$2.99,$0.21,SQ20250317005405,PMT20250317005405,Register 1,,,Payment,Corner Store #1,,Ronald King,CUST425353,887fe19c-f7ba-49f9-802a-63cc4d5e42e8
03/17/2025,12:41:28 PM,America/Chicago,Beverages,Pepsi 20oz Bottle,BEV-004,1,Regular,$3.49,$0.00,$3.49,$0.24,SQ20250317005405,PMT20250317005405,Register 2,,,Payment,Corner Store #1,,Ronald King,CUST425353,887fe19c-f7ba-49f9-802a-63cc4d5e42e8
03/17/2025,11:33:04 AM,America/Chicago,Frozen Foods,Frozen French Fries Bag,FRZ-004,2,Regular,$11.98,$0.00,$11.98,$0.84,SQ20250317005408,PMT20250317005408,Register 1,,,Payment,Corner Store #1,,,,
03/17/2025,11:33:04 AM,America/Chicago,Household & Cleaning,Aluminum Foil Roll,HHC-008,2,Regular,$8.98,$0.00,$8.98,$0.63,SQ20250317005408,PMT20250317005408,Mobile POS,,,Payment,Corner Store #1,,,,
03/17/2025,11:33:04 AM,America/Chicago,Candy,M&M's Plain Bag,CDY-003,1,Regular,$1.99,$0.00,$1.99,$0.14,SQ20250317005408,PMT20250317005408,Register 1,,,Payment,Corner Store #1,,,,
03/17/2025,11:33:04 AM,America/Chicago,Dairy,Butter Stick 4oz,DAI-005,1,Regular,$6.99,$0.00,$6.99,$0.49,SQ20250317005408,PMT20250317005408,Register 2,,,Payment,Corner Store #1,,,,
03/17/2025,06:35:05 PM,America/Chicago,Snacks,Lay's Classic Chips 1oz,SNK-001,1,Regular,$1.99,$0.00,$1.99,$0.14,SQ20250317005450,PMT20250317005450,Register 1,,,Payment,Corner Store #1,,,,
03/17/2025,06:35:05 PM,America/Chicago,Bakery,Blueberry Muffin,BAK-004,1,Regular,$2.49,$0.00,$2.49,$0.17,SQ20250317005450,PMT20250317005450,Register 2,,,Payment,Corner Store #1,,,,
03/18/2025,12:03:48 PM,America/Chicago,Dairy,Butter Stick 4oz,DAI-005,1,Regular,$6.99,$0.00,$6.99,$0.49,SQ20250318005502,PMT20250318005502,Mobile POS,,,Payment,Corner Store #1,,,,
03/18/2025,12:03:48 PM,America/Chicago,Candy,M&M's Plain Bag,CDY-003,1,Regular,$1.99,$0.00,$1.99,$0.14,SQ20250318005502,PMT20250318005502,Register 2,,,Payment,Corner Store #1,,,,
03/18/2025,05:57:44 PM,America/Chicago,Beverages,Pepsi 20oz Bottle,BEV-004,1,Regular,$3.49,$0.00,$3.49,$0.24,SQ20250318005513,PMT20250318005513,Mobile POS,,,Payment,Corner Store #1,,,,
03/18/2025,05:57:44 PM,America/Chicago,Frozen Foods,Frozen Corn Dogs 4-Pack,FRZ-012,1,Regular,$5.99,$0.00,$5.99,$0.42,SQ20250318005513,PMT20250318005513,Register 1,,,Payment,Corner Store #1,,,,
03/18/2025,05:57:44 PM,America/Chicago,Frozen Foods,Frozen Corn Dogs 4-Pack,FRZ-012,1,Regular,$5.99,$0.00,$5.99,$0.42,SQ20250318005513,PMT20250318005513,Register 1,,,Payment,Corner Store #1,,,,
03/19/2025,04:52:33 PM,America/Chicago,Personal Care,Mouthwash 8oz,PCR-003,2,Regular,$9.98,$0.00,$9.98,$0.70,SQ20250319005535,PMT20250319005535,Register 2,,,Payment,Corner Store #1,,,,
03/19/2025,04:52:33 PM,America/Chicago,Beverages,Sparkling Water Lime 12oz,BEV-009,1,Regular,$1.99,$0.00,$1.99,$0.14,SQ20250319005535,PMT20250319005535,Mobile POS,,,Payment,Corner Store #1,,,,
03/19/2025,04:55:04 PM,America/Chicago,Grocery & Pantry,Canned Corn,GRO-005,3,Regular,$14.97,$0.00,$14.97,$1.05,SQ20250319005536,PMT20250319005536,Mobile POS,,,Payment,Corner Store #1,,,,
03/20/2025,10:15:19 AM,America/Chicago,Grocery & Pantry,Instant Oatmeal Packets,GRO-010,1,Regular,$1.49,$0.00,$1.49,$0.10,SQ20250320005590,PMT20250320005590,Mobile POS,,,Payment,Corner Store #1,,Michael Hicks Jr.,CUST807842,7ac067a6-9297-4aac-bcc2-ed1892aef13c
03/20/2025,12:33:34 PM,America/Chicago,Dairy,Whole Milk 1 Gallon,DAI-001,1,Regular,$3.49,$0.00,$3.49,$0.24,SQ20250320005593,PMT20250320005593,Register 2,,,Payment,Corner Store #1,,Patrick Bauer,CUST744922,fffcff63-7bf3-48f5-a24b-31d72e5c58ad
03/21/2025,05:48:28 PM,America/Chicago,Grocery & Pantry,White Rice 2lb Bag,GRO-001,2,Regular,$8.98,$0.00,$8.98,$0.63,SQ20250321005641,PMT20250321005641,Mobile POS,,,Payment,Corner Store #1,,,,
03/21/2025,05:48:28 PM,America/Chicago,Beverages,Bottled Water 16.9oz,BEV-008,1,Regular,$3.99,$0.00,$3.99,$0.28,SQ20250321005641,PMT20250321005641,Mobile POS,,,Payment,Corner Store #1,,,,
03/21/2025,05:48:28 PM,America/Chicago,Grocery & Pantry,Grape Jelly Jar,GRO-008,1,Regular,$3.49,$0.00,$3.49,$0.24,SQ20250321005641,PMT20250321005641,Register 2,,,Payment,Corner Store #1,,,,
03/21/2025,05:48:28 PM,America/Chicago,Snacks,Lay's Classic Chips 1oz,SNK-001,1,Regular,$1.99,$0.00,$1.99,$0.14,SQ20250321005641,PMT20250321005641,Register 1,,,Payment,Corner Store #1,,,,
03/21/2025,06:41:30 PM,America/Chicago,Household & Cleaning,Lighter Fluid,HHC-015,2,Regular,$7.98,$0.00,$7.98,$0.56,SQ20250321005682,PMT20250321005682,Mobile POS,,,Payment,Corner Store #1,,Desiree Patterson,CUST912613,ec7ef0ab-e1a2-4ffa-b7ed-70cff111be9e
03/21/2025,06:41:30 PM,America/Chicago,Grocery & Pantry,Instant Ramen Noodles,GRO-011,1,Regular,$3.49,$0.00,$3.49,$0.24,SQ20250321005682,PMT20250321005682,Register 2,,,Payment,Corner Store #1,,Desiree Patterson,CUST912613,ec7ef0ab-e1a2-4ffa-b7ed-70cff111be9e
03/21/2025,06:41:30 PM,America/Chicago,Beverages,Sprite 20oz Bottle,BEV-003,1,Regular,$1.49,$0.00,$1.49,$0.10,SQ20250321005682,PMT20250321005682,Register 1,,,Payment,Corner Store #1,,Desiree Patterson,CUST912613,ec7ef0ab-e1a2-4ffa-b7ed-70cff111be9e
03/21/2025,01:14:44 PM,America/Chicago,Frozen Foods,Frozen Mixed Vegetables Bag,FRZ-006,2,Regular,$5.00,$0.00,$5.00,$0.35,SQ20250321005702,PMT20250321005702,Mobile POS,,,Payment,Corner Store #1,,,,
03/22/2025,01:00:27 PM,America/Chicago,Frozen Foods,Frozen Mozzarella Sticks Bag,FRZ-013,3,Regular,$19.47,$0.00,$19.47,$1.36,SQ20250322005719,PMT20250322005719,Register 1,,,Payment,Corner Store #1,,Katherine Kelly,CUST399002,4c60b543-541b-489c-b5d9-c07c9d9363ea
03/22/2025,01:00:27 PM,America/Chicago,Health & OTC,Small Multivitamin Bottle,HOT-007,1,Regular,$5.49,$0.00,$5.49,$0.38,SQ20250322005719,PMT20250322005719,Register 2,,,Payment,Corner Store #1,,Katherine Kelly,CUST399002,4c60b543-541b-489c-b5d9-c07c9d9363ea
03/22/2025,01:00:27 PM,America/Chicago,Bakery,Chocolate Donut,BAK-007,1,Regular,$1.99,$0.00,$1.99,$0.14,SQ20250322005719,PMT20250322005719,Mobile POS,,,Payment,Corner Store #1,,Katherine Kelly,CUST399002,4c60b543-541b-489c-b5d9-c07c9d9363ea
03/22/2025,09:17:03 AM,America/Chicago,Bakery,Dinner Rolls 8-Pack,BAK-009,1,Regular,$2.49,$0.00,$2.49,$0.17,SQ20250322005735,PMT20250322005735,Register 1,,,Payment,Corner Store #1,,Jeffrey Franco,CUST369338,bf415c98-5a8e-4f05-a3ce-cf1e296df91f
03/22/2025,09:17:03 AM,America/Chicago,Dairy,2% Milk 1 Gallon,DAI-002,1,Regular,$4.49,$0.00,$4.49,$0.31,SQ20250322005735,PMT20250322005735,Mobile POS,,,Payment,Corner Store #1,,Jeffrey Franco,CUST369338,bf415c98-5a8e-4f05-a3ce-cf1e296df91f
03/22/2025,03:17:08 PM,America/Chicago,Grocery & Pantry,Ketchup Bottle,GRO-013,1,Regular,$5.99,$0.00,$5.99,$0.42,SQ20250322005759,PMT20250322005759,Register 1,,,Payment,Corner Store #1,,,,
03/22/2025,03:17:08 PM,America/Chicago,Health & OTC,Eye Drops Bottle,HOT-014,1,Regular,$2.50,$0.00,$2.50,$0.18,SQ20250322005759,PMT20250322005759,Mobile POS,,,Payment,Corner Store #1,,,,
03/22/2025,03:17:08 PM,America/Chicago,Health & OTC,Vitamin C Tablets Bottle,HOT-006,1,Regular,$11.49,$0.00,$11.49,$0.80,SQ20250322005759,PMT20250322005759,Register 2,,,Payment,Corner Store #1,,,,
03/22/2025,03:17:08 PM,America/Chicago,Bakery,Wheat Sandwich Bread,BAK-002,1,Regular,$5.99,$0.00,$5.99,$0.42,SQ20250322005759,PMT20250322005759,Mobile POS,,,Payment,Corner Store #1,,,,
03/22/2025,05:16:38 PM,America/Chicago,Household & Cleaning,Aluminum Foil Roll,HHC-008,1,Regular,$4.49,$0.00,$4.49,$0.31,SQ20250322005787,PMT20250322005787,Register 2,,,Payment,Corner Store #1,,Gregory Barnes,CUST911441,2e874651-0c2c-47fa-a525-aeaf51e11799
03/23/2025,07:39:06 AM,America/Chicago,Frozen Foods,Frozen Popsicles 6-Pack,FRZ-015,1,Regular,$4.99,$0.00,$4.99,$0.35,SQ20250323005847,PMT20250323005847,Register 1,,,Payment,Corner Store #1,,David Williams,CUST732210,471b0cc7-e233-4597-b129-ed2f25ec77e4
03/23/2025,07:39:06 AM,America/Chicago,Beverages,Orange Juice 12oz,BEV-013,1,Regular,$2.49,$0.00,$2.49,$0.17,SQ20250323005847,PMT20250323005847,Mobile POS,,,Payment,Corner Store #1,,David Williams,CUST732210,471b0cc7-e233-4597-b129-ed2f25ec77e4
03/23/2025,12:11:21 PM,America/Chicago,Health & OTC,Allergy Relief Tablets,HOT-003,2,Regular,$26.98,$0.00,$26.98,$1.89,SQ20250323005859,PMT20250323005859,Register 2,,,Payment,Corner Store #1,,,,
03/24/2025,11:21:07 AM,America/Chicago,Household & Cleaning,Sandwich Bags Box,HHC-010,1,Regular,$5.99,$0.00,$5.99,$0.42,SQ20250324005902,PMT20250324005902,Mobile POS,,,Payment,Corner Store #1,,,,
03/24/2025,11:21:07 AM,America/Chicago,Snacks,Veggie Straws 1oz,SNK-012,1,Regular,$2.99,$0.00,$2.99,$0.21,SQ20250324005902,PMT20250324005902,Register 1,,,Payment,Corner Store #1,,,,
03/24/2025,07:22:44 PM,America/Chicago,Beverages,Bottled Water 16.9oz,BEV-008,1,Regular,$3.99,$0.00,$3.99,$0.28,SQ20250324005903,PMT20250324005903,Mobile POS,,,Payment,Corner Store #1,,,,
03/24/2025,07:22:44 PM,America/Chicago,Bakery,Blueberry Muffin,BAK-004,1,Regular,$2.49,$0.00,$2.49,$0.17,SQ20250324005903,PMT20250324005903,Register 2,,,Payment,Corner Store #1,,,,
03/24/2025,07:22:44 PM,America/Chicago,Beverages,Energy Drink Original 16oz,BEV-011,1,Regular,$3.49,$0.00,$3.49,$0.24,SQ20250324005903,PMT20250324005903,Mobile POS,,,Payment,Corner Store #1,,,,
03/25/2025,01:28:18 PM,America/Chicago,Personal Care,Hand Sanitizer 2oz,PCR-007,1,Regular,$3.49,$0.00,$3.49,$0.24,SQ20250325005940,PMT20250325005940,Register 2,,,Payment,Corner Store #1,,,,
03/25/2025,01:57:10 PM,America/Chicago,Health & OTC,Digital Thermometer,HOT-012,1,Regular,$3.99,$0.00,$3.99,$0.28,SQ20250325005946,PMT20250325005946,Mobile POS,,,Payment,Corner Store #1,,,,
03/25/2025,01:57:10 PM,America/Chicago,Beverages,Orange Juice 12oz,BEV-013,2,Regular,$4.98,$0.00,$4.98,$0.35,SQ20250325005946,PMT20250325005946,Register 2,,,Payment,Corner Store #1,,,,
03/26/2025,05:05:45 PM,America/Chicago,Dairy,Cream Cheese 8oz,DAI-011,1,Regular,$6.99,$0.00,$6.99,$0.49,SQ20250326005999,PMT20250326005999,Register 1,,,Payment,Corner Store #1,,,,
03/26/2025,05:05:45 PM,America/Chicago,Personal Care,Mouthwash 8oz,PCR-003,1,Regular,$4.99,$0.00,$4.99,$0.35,SQ20250326005999,PMT20250326005999,Register 1,,,Payment,Corner Store #1,,,,
03/26/2025,05:05:45 PM,America/Chicago,Beverages,Iced Latte Bottle 13oz,BEV-015,1,Regular,$1.99,$0.00,$1.99,$0.14,SQ20250326005999,PMT20250326005999,Register 2,,,Payment,Corner Store #1,,,,
03/26/2025,05:00:03 PM,America/Chicago,Grocery & Pantry,Canned Tuna,GRO-006,2,Regular,$5.98,$0.00,$5.98,$0.42,SQ20250326006013,PMT20250326006013,Mobile POS,,,Payment,Corner Store #1,,,,
03/27/2025,12:49:07 PM,America/Chicago,Beverages,Sparkling Water Lime 12oz,BEV-009,1,Regular,$1.99,$0.00,$1.99,$0.14,SQ20250327006059,PMT20250327006059,Register 1,,,Payment,Corner Store #1,,,,
03/27/2025,12:49:07 PM,America/Chicago,Candy,Life Savers Roll,CDY-015,2,Regular,$5.98,$0.00,$5.98,$0.42,SQ20250327006059,PMT20250327006059,Register 2,,,Payment,Corner Store #1,,,,
03/27/2025,12:49:07 PM,America/Chicago,Candy,Twix Bar,CDY-008,1,Regular,$1.49,$0.00,$1.49,$0.10,SQ20250327006059,PMT20250327006059,Register 1,,,Payment,Corner Store #1,,,,
03/27/2025,06:38:25 PM,America/Chicago,Dairy,Whole Milk Half Gallon,DAI-003,1,Regular,$6.49,$0.00,$6.49,$0.45,SQ20250327006072,PMT20250327006072,Register 2,,,Payment,Corner Store #1,,,,
03/28/2025,09:43:15 PM,America/Chicago,Health & OTC,Antacid Tablets Roll,HOT-005,1,Regular,$5.49,$0.00,$5.49,$0.38,SQ20250328006126,PMT20250328006126,Register 1,,,Payment,Corner Store #1,,Aimee Farrell,CUST796932,91f448bb-2880-4cff-a035-d9af4a68bbad
03/28/2025,09:43:15 PM,America/Chicago,Personal Care,Band-Aids Box,PCR-011,1,Regular,$5.49,$0.00,$5.49,$0.38,SQ20250328006126,PMT20250328006126,Register 2,,,Payment,Corner Store #1,,Aimee Farrell,CUST796932,91f448bb-2880-4cff-a035-d9af4a68bbad
03/28/2025,05:22:25 PM,America/Chicago,Household & Cleaning,All-Purpose Cleaner Spray,HHC-005,2,Regular,$16.98,$0.00,$16.98,$1.19,SQ20250328006138,PMT20250328006138,Mobile POS,,,Payment,Corner Store #1,,,,
03/28/2025,05:01:48 PM,America/Chicago,Household & Cleaning,Batteries AA 4-Pack,HHC-012,2,Regular,$12.98,$0.00,$12.98,$0.91,SQ20250328006159,PMT20250328006159,Register 1,,,Payment,Corner Store #1,,Heather Jordan,CUST154823,362465c1-0dd8-463b-b6a2-bf6979315fc6
03/29/2025,04:35:37 PM,America/Chicago,Candy,Hershey's Milk Chocolate Bar,CDY-009,2,Regular,$5.98,$0.00,$5.98,$0.42,SQ20250329006208,PMT20250329006208,Mobile POS,,,Payment,Corner Store #1,,,,
03/29/2025,04:35:37 PM,America/Chicago,Beverages,Iced Latte Bottle 13oz,BEV-015,1,Regular,$1.99,$0.00,$1.99,$0.14,SQ20250329006208,PMT20250329006208,Mobile POS,,,Payment,Corner Store #1,,,,
03/29/2025,09:03:55 PM,America/Chicago,Beverages,Gatorade Fruit Punch 28oz,BEV-007,1,Regular,$2.49,$0.00,$2.49,$0.17,SQ20250329006223,PMT20250329006223,Register 1,,,Payment,Corner Store #1,,Jane Bruce,CUST990865,a254da12-6fff-45cc-ae26-f348b044db1b
03/29/2025,09:03:55 PM,America/Chicago,Health & OTC,Eye Drops Bottle,HOT-014,1,Regular,$2.50,$0.00,$2.50,$0.18,SQ20250329006223,PMT20250329006223,Register 2,,,Payment,Corner Store #1,,Jane Bruce,CUST990865,a254da12-6fff-45cc-ae26-f348b044db1b
03/29/2025,06:11:37 PM,America/Chicago,Candy,M&M's Peanut Bag,CDY-002,1,Regular,$2.49,$0.00,$2.49,$0.17,SQ20250329006228,PMT20250329006228,Register 2,,,Payment,Corner Store #1,,,,
03/30/2025,02:06:21 PM,America/Chicago,Bakery,Hamburger Buns 8-Pack,BAK-013,2,Regular,$5.98,$0.00,$5.98,$0.42,SQ20250330006251,PMT20250330006251,Register 2,,,Payment,Corner Store #1,,Ryan Pope,CUST404385,0110783e-3dd6-431b-ac5d-71336a2adcad
03/30/2025,01:14:00 PM,America/Chicago,Beverages,Coca-Cola 20oz Bottle,BEV-001,1,Regular,$3.49,$0.00,$3.49,$0.24,SQ20250330006280,PMT20250330006280,Register 1,,,Payment,Corner Store #1,,,,
03/30/2025,01:14:00 PM,America/Chicago,Candy,Hershey's Milk Chocolate Bar,CDY-009,1,Regular,$2.99,$0.00,$2.99,$0.21,SQ20250330006280,PMT20250330006280,Register 2,,,Payment,Corner Store #1,,,,
03/30/2025,01:14:00 PM,America/Chicago,Dairy,2% Milk 1 Gallon,DAI-002,1,Regular,$4.49,$0.00,$4.49,$0.31,SQ20250330006280,PMT20250330006280,Register 2,,,Payment,Corner Store #1,,,,
03/30/2025,06:04:12 PM,America/Chicago,Grocery & Pantry,Pasta Sauce Jar,GRO-003,1,Regular,$4.99,$0.00,$4.99,$0.35,SQ20250330006301,PMT20250330006301,Register 1,,,Payment,Corner Store #1,,,,
03/30/2025,06:04:12 PM,America/Chicago,Candy,Hershey's Milk Chocolate Bar,CDY-009,1,Regular,$2.99,$0.00,$2.99,$0.21,SQ20250330006301,PMT20250330006301,Register 2,,,Payment,Corner Store #1,,,,
03/30/2025,06:04:12 PM,America/Chicago,Frozen Foods,Frozen Ice Cream Sandwiches 6-Pack,FRZ-009,1,Regular,$2.50,$0.00,$2.50,$0.18,SQ20250330006301,PMT20250330006301,Mobile POS,,,Payment,Corner Store #1,,,,
03/31/2025,11:45:01 AM,America/Chicago,Bakery,Chocolate Donut,BAK-007,3,Regular,$5.97,$0.00,$5.97,$0.42,SQ20250331006319,PMT20250331006319,Register 1,,,Payment,Corner Store #1,,,,
03/31/2025,11:45:01 AM,America/Chicago,Personal Care,Bar Soap 2-Pack,PCR-004,1,Regular,$3.99,$0.00,$3.99,$0.28,SQ20250331006319,PMT20250331006319,Register 2,,,Payment,Corner Store #1,,,,
03/31/2025,11:45:01 AM,America/Chicago,Beverages,Sprite 20oz Bottle,BEV-003,1,Regular,$1.49,$0.00,$1.49,$0.10,SQ20250331006319,PMT20250331006319,Mobile POS,,,Payment,Corner Store #1,,,,
03/31/2025,07:06:53 PM,America/Chicago,Personal Care,Band-Aids Box,PCR-011,1,Regular,$5.49,$0.00,$5.49,$0.38,SQ20250331006358,PMT20250331006358,Mobile POS,,,Payment,Corner Store #1,,,,
03/31/2025,07:06:53 PM,America/Chicago,Household & Cleaning,Batteries AA 4-Pack,HHC-012,1,Regular,$6.49,$0.00,$6.49,$0.45,SQ20250331006358,PMT20250331006358,Register 2,,,Payment,Corner Store #1,,,,
03/31/2025,07:06:53 PM,America/Chicago,Bakery,Chocolate Chip Muffin,BAK-005,2,Regular,$6.98,$0.00,$6.98,$0.49,SQ20250331006358,PMT20250331006358,Register 1,,,Payment,Corner Store #1,,,,
04/01/2025,03:14:52 PM,America/Chicago,Dairy,String Cheese Pack,DAI-007,2,Regular,$7.98,$0.00,$7.98,$0.56,SQ20250401006398,PMT20250401006398,Register 1,,,Payment,Corner Store #1,,Richard Rodriguez,CUST745202,43839f12-1335-46c3-8de5-f4aff27815f6
04/01/2025,03:14:52 PM,America/Chicago,Beverages,Bottled Water 16.9oz,BEV-008,2,Regular,$7.98,$0.00,$7.98,$0.56,SQ20250401006398,PMT20250401006398,Mobile POS,,,Payment,Corner Store #1,,Richard Rodriguez,CUST745202,43839f12-1335-46c3-8de5-f4aff27815f6
04/01/2025,03:14:52 PM,America/Chicago,Beverages,Iced Latte Bottle 13oz,BEV-015,1,Regular,$1.99,$0.00,$1.99,$0.14,SQ20250401006398,PMT20250401006398,Mobile POS,,,Payment,Corner Store #1,,Richard Rodriguez,CUST745202,43839f12-1335-46c3-8de5-f4aff27815f6
04/01/2025,03:14:52 PM,America/Chicago,Beverages,Gatorade Lemon-Lime 28oz,BEV-006,1,Regular,$1.49,$0.00,$1.49,$0.10,SQ20250401006398,PMT20250401006398,Register 2,,,Payment,Corner Store #1,,Richard Rodriguez,CUST745202,43839f12-1335-46c3-8de5-f4aff27815f6
04/01/2025,11:12:28 AM,America/Chicago,Health & OTC,Nasal Spray,HOT-013,2,Regular,$24.98,$0.00,$24.98,$1.75,SQ20250401006422,PMT20250401006422,Mobile POS,,,Payment,Corner Store #1,,,,
04/01/2025,06:31:46 PM,America/Chicago,Beverages,Orange Juice 12oz,BEV-013,1,Regular,$2.49,$0.00,$2.49,$0.17,SQ20250401006430,PMT20250401006430,Register 1,,,Payment,Corner Store #1,,,,
04/01/2025,06:31:46 PM,America/Chicago,Beverages,Iced Tea Lemon 18.5oz,BEV-010,1,Regular,$3.49,$0.00,$3.49,$0.24,SQ20250401006430,PMT20250401006430,Register 1,,,Payment,Corner Store #1,,,,
04/02/2025,07:06:39 AM,America/Chicago,Snacks,Lay's Classic Chips 1oz,SNK-001,1,Regular,$1.99,$0.00,$1.99,$0.14,SQ20250402006455,PMT20250402006455,Mobile POS,,,Payment,Corner Store #1,,,,
04/02/2025,11:28:50 AM,America/Chicago,Personal Care,Cotton Swabs Box,PCR-010,1,Regular,$1.99,$0.00,$1.99,$0.14,SQ20250402006462,PMT20250402006462,Register 2,,,Payment,Corner Store #1,,,,
04/02/2025,11:28:50 AM,America/Chicago,Candy,Tic Tac Mints,CDY-014,2,Regular,$5.98,$0.00,$5.98,$0.42,SQ20250402006462,PMT20250402006462,Mobile POS,,,Payment,Corner Store #1,,,,
04/02/2025,05:56:56 PM,America/Chicago,Beverages,Energy Drink Original 16oz,BEV-011,1,Regular,$3.49,$0.00,$3.49,$0.24,SQ20250402006503,PMT20250402006503,Mobile POS,,,Payment,Corner Store #1,,,,
04/02/2025,05:56:56 PM,America/Chicago,Candy,Milky Way Bar,CDY-012,1,Regular,$1.49,$0.00,$1.49,$0.10,SQ20250402006503,PMT20250402006503,Register 2,,,Payment,Corner Store #1,,,,
04/02/2025,05:56:56 PM,America/Chicago,Personal Care,Cotton Swabs Box,PCR-010,2,Regular,$3.98,$0.00,$3.98,$0.28,SQ20250402006503,PMT20250402006503,Mobile POS,,,Payment,Corner Store #1,,,,
04/03/2025,04:33:29 PM,America/Chicago,Grocery & Pantry,Canned Tuna,GRO-006,1,Regular,$2.99,$0.00,$2.99,$0.21,SQ20250403006551,PMT20250403006551,Register 2,,,Payment,Corner Store #1,,Julian Turner,CUST313252,ed57a5c8-9110-4698-8c1e-172a15e9bee4
04/03/2025,04:33:29 PM,America/Chicago,Frozen Foods,Frozen Burritos 4-Pack,FRZ-003,1,Regular,$8.99,$0.00,$8.99,$0.63,SQ20250403006551,PMT20250403006551,Register 2,,,Payment,Corner Store #1,,Julian Turner,CUST313252,ed57a5c8-9110-4698-8c1e-172a15e9bee4
04/03/2025,11:52:54 AM,America/Chicago,Snacks,Doritos Nacho Cheese 1oz,SNK-002,2,Regular,$4.98,$0.00,$4.98,$0.35,SQ20250403006562,PMT20250403006562,Register 2,,,Payment,Corner Store #1,,Jeffrey Fisher,CUST312847,e99d6b91-0715-42d9-b616-b5036906b588
04/03/2025,07:21:02 PM,America/Chicago,Health & OTC,Ibuprofen Tablets Small Bottle,HOT-001,1,Regular,$9.49,$0.00,$9.49,$0.66,SQ20250403006577,PMT20250403006577,Register 1,,,Payment,Corner Store #1,,David Hunt,CUST955500,e660a8e0-8b13-4689-9ef2-a148209515d5
04/03/2025,08:30:08 AM,America/Chicago,Beverages,Orange Juice 12oz,BEV-013,3,Regular,$7.47,$0.00,$7.47,$0.52,SQ20250403006594,PMT20250403006594,Register 2,,,Payment,Corner Store #1,,,,
04/04/2025,06:36:00 PM,America/Chicago,Health & OTC,Allergy Relief Tablets,HOT-003,2,Regular,$26.98,$0.00,$26.98,$1.89,SQ20250404006655,PMT20250404006655,Mobile POS,,,Payment,Corner Store #1,,,,
04/04/2025,06:36:00 PM,America/Chicago,Health & OTC,Digital Thermometer,HOT-012,1,Regular,$3.99,$0.00,$3.99,$0.28,SQ20250404006655,PMT20250404006655,Register 2,,,Payment,Corner Store #1,,,,
04/04/2025,06:36:00 PM,America/Chicago,Frozen Foods,Frozen Popsicles 6-Pack,FRZ-015,1,Regular,$4.99,$0.00,$4.99,$0.35,SQ20250404006655,PMT20250404006655,Mobile POS,,,Payment,Corner Store #1,,,,
04/04/2025,10:02:20 AM,America/Chicago,Household & Cleaning,LED Light Bulbs 2-Pack,HHC-013,1,Regular,$2.49,$0.00,$2.49,$0.17,SQ20250404006664,PMT20250404006664,Mobile POS,,,Payment,Corner Store #1,,,,
04/04/2025,10:02:20 AM,America/Chicago,Frozen Foods,Frozen Corn Dogs 4-Pack,FRZ-012,3,Regular,$17.97,$0.00,$17.97,$1.26,SQ20250404006664,PMT20250404006664,Register 1,,,Payment,Corner Store #1,,,,
04/04/2025,10:02:20 AM,America/Chicago,Snacks,Lay's Classic Chips 1oz,SNK-001,1,Regular,$1.99,$0.00,$1.99,$0.14,SQ20250404006664,PMT20250404006664,Register 2,,,Payment,Corner Store #1,,,,
04/04/2025,01:56:17 PM,America/Chicago,Snacks,Rice Cakes Snack Pack,SNK-013,1,Regular,$1.99,$0.00,$1.99,$0.14,SQ20250404006676,PMT20250404006676,Mobile POS,,,Payment,Corner Store #1,,Laura Wells,CUST433950,e65664ac-9e54-4175-9b42-9d0e5a239f52
04/05/2025,06:48:49 PM,America/Chicago,Candy,M&M's Peanut Bag,CDY-002,1,Regular,$2.49,$0.00,$2.49,$0.17,SQ20250405006694,PMT20250405006694,Mobile POS,,,Payment,Corner Store #1,,Angela Johnston,CUST360581,9c7ab4e3-ee8b-49a3-848b-e725da6b0060
04/05/2025,10:41:56 AM,America/Chicago,Candy,Twix Bar,CDY-008,1,Regular,$1.49,-$0.15,$1.34,$0.09,SQ20250405006705,PMT20250405006705,Mobile POS,,,Payment,Corner Store #1,,,,
04/05/2025,10:41:56 AM,America/Chicago,Bakery,White Sandwich Bread,BAK-001,1,Regular,$3.49,$0.00,$3.49,$0.24,SQ20250405006705,PMT20250405006705,Mobile POS,,,Payment,Corner Store #1,,,,
04/05/2025,10:41:56 AM,America/Chicago,Candy,Milky Way Bar,CDY-012,2,Regular,$2.98,$0.00,$2.98,$0.21,SQ20250405006705,PMT20250405006705,Mobile POS,,,Payment,Corner Store #1,,,,
04/05/2025,10:41:56 AM,America/Chicago,Personal Care,Hand Sanitizer 2oz,PCR-007,2,Regular,$6.98,$0.00,$6.98,$0.49,SQ20250405006705,PMT20250405006705,Mobile POS,,,Payment,Corner Store #1,,,,
04/05/2025,06:56:34 PM,America/Chicago,Beverages,Iced Tea Lemon 18.5oz,BEV-010,3,Regular,$10.47,$0.00,$10.47,$0.73,SQ20250405006706,PMT20250405006706,Register 2,,,Payment,Corner Store #1,,,,
04/05/2025,06:56:34 PM,America/Chicago,Health & OTC,Eye Drops Bottle,HOT-014,1,Regular,$2.50,$0.00,$2.50,$0.18,SQ20250405006706,PMT20250405006706,Register 2,,,Payment,Corner Store #1,,,,
04/05/2025,06:56:34 PM,America/Chicago,Dairy,2% Milk 1 Gallon,DAI-002,1,Regular,$4.49,$0.00,$4.49,$0.31,SQ20250405006706,PMT20250405006706,Register 2,,,Payment,Corner Store #1,,,,
04/05/2025,06:56:34 PM,America/Chicago,Grocery & Pantry,Cereal Small Box,GRO-009,1,Regular,$1.49,$0.00,$1.49,$0.10,SQ20250405006706,PMT20250405006706,Mobile POS,,,Payment,Corner Store #1,,,,
04/06/2025,01:19:57 PM,America/Chicago,Household & Cleaning,Lighter Fluid,HHC-015,1,Regular,$3.99,-$0.40,$3.59,$0.25,SQ20250406006794,PMT20250406006794,Register 1,,,Payment,Corner Store #1,,,,
04/06/2025,05:39:53 PM,America/Chicago,Frozen Foods,Frozen Waffles 8-Pack,FRZ-007,3,Regular,$19.47,$0.00,$19.47,$1.36,SQ20250406006807,PMT20250406006807,Register 1,,,Payment,Corner Store #1,,,,
04/06/2025,05:39:53 PM,America/Chicago,Frozen Foods,Frozen Chocolate Ice Cream Pint,FRZ-011,1,Regular,$8.49,$0.00,$8.49,$0.59,SQ20250406006807,PMT20250406006807,Mobile POS,,,Payment,Corner Store #1,,,,
04/06/2025,07:22:18 PM,America/Chicago,Grocery & Pantry,Spaghetti Pasta Box,GRO-002,1,Regular,$4.99,$0.00,$4.99,$0.35,SQ20250406006846,PMT20250406006846,Register 1,,,Payment,Corner Store #1,,,,
04/06/2025,07:22:18 PM,America/Chicago,Grocery & Pantry,Instant Oatmeal Packets,GRO-010,1,Regular,$1.49,$0.00,$1.49,$0.10,SQ20250406006846,PMT20250406006846,Register 2,,,Payment,Corner Store #1,,,,
04/06/2025,07:22:18 PM,America/Chicago,Dairy,Shredded Cheddar Cheese 8oz,DAI-006,1,Regular,$5.99,$0.00,$5.99,$0.42,SQ20250406006846,PMT20250406006846,Register 1,,,Payment,Corner Store #1,,,,
04/06/2025,07:22:18 PM,America/Chicago,Frozen Foods,Frozen French Fries Bag,FRZ-004,1,Regular,$5.99,$0.00,$5.99,$0.42,SQ20250406006846,PMT20250406006846,Register 2,,,Payment,Corner Store #1,,,,
04/07/2025,06:46:20 PM,America/Chicago,Health & OTC,Vitamin C Tablets Bottle,HOT-006,1,Regular,$11.49,$0.00,$11.49,$0.80,SQ20250407006853,PMT20250407006853,Register 2,,,Payment,Corner Store #1,,,,
04/07/2025,06:46:20 PM,America/Chicago,Candy,M&M's Plain Bag,CDY-003,1,Regular,$1.99,-$0.20,$1.79,$0.13,SQ20250407006853,PMT20250407006853,Mobile POS,,,Payment,Corner Store #1,,,,
04/07/2025,06:46:20 PM,America/Chicago,Candy,Twix Bar,CDY-008,2,Regular,$2.98,$0.00,$2.98,$0.21,SQ20250407006853,PMT20250407006853,Register 1,,,Payment,Corner Store #1,,,,
04/07/2025,03:02:30 PM,America/Chicago,Beverages,Iced Tea Lemon 18.5oz,BEV-010,1,Regular,$3.49,$0.00,$3.49,$0.24,SQ20250407006881,PMT20250407006881,Mobile POS,,,Payment,Corner Store #1,,,,
04/07/2025,03:02:30 PM,America/Chicago,Frozen Foods,Frozen Cheese Pizza,FRZ-002,1,Regular,$7.99,$0.00,$7.99,$0.56,SQ20250407006881,PMT20250407006881,Mobile POS,,,Payment,Corner Store #1,,,,
04/07/2025,03:02:30 PM,America/Chicago,Dairy,Whole Milk 1 Gallon,DAI-001,1,Regular,$3.49,$0.00,$3.49,$0.24,SQ20250407006881,PMT20250407006881,Register 1,,,Payment,Corner Store #1,,,,
04/08/2025,10:13:45 AM,America/Chicago,Candy,3 Musketeers Bar,CDY-013,2,Regular,$3.98,$0.00,$3.98,$0.28,SQ20250408006911,PMT20250408006911,Register 2,,,Payment,Corner Store #1,,,,
04/08/2025,10:13:45 AM,America/Chicago,Health & OTC,Face Masks 5-Pack,HOT-011,1,Regular,$12.49,$0.00,$12.49,$0.87,SQ20250408006911,PMT20250408006911,Register 1,,,Payment,Corner Store #1,,,,
04/08/2025,08:30:03 PM,America/Chicago,Beverages,Bottled Water 16.9oz,BEV-008,2,Regular,$7.98,$0.00,$7.98,$0.56,SQ20250408006918,PMT20250408006918,Mobile POS,,,Payment,Corner Store #1,,,,
04/08/2025,08:30:03 PM,America/Chicago,Health & OTC,First Aid Spray,HOT-009,1,Regular,$10.99,$0.00,$10.99,$0.77,SQ20250408006918,PMT20250408006918,Register 2,,,Payment,Corner Store #1,,,,
04/08/2025,08:30:03 PM,America/Chicago,Bakery,Chocolate Donut,BAK-007,1,Regular,$1.99,$0.00,$1.99,$0.14,SQ20250408006918,PMT20250408006918,Mobile POS,,,Payment,Corner Store #1,,,,
04/08/2025,08:30:03 PM,America/Chicago,Frozen Foods,Frozen Breakfast Sandwich,FRZ-008,1,Regular,$6.49,$0.00,$6.49,$0.45,SQ20250408006918,PMT20250408006918,Register 2,,,Payment,Corner Store #1,,,,
04/08/2025,08:30:03 PM,America/Chicago,Candy,M&M's Plain Bag,CDY-003,1,Regular,$1.99,$0.00,$1.99,$0.14,SQ20250408006918,PMT20250408006918,Register 2,,,Payment,Corner Store #1,,,,
04/08/2025,07:17:52 PM,America/Chicago,Health & OTC,Acetaminophen Tablets Small Bottle,HOT-002,1,Regular,$10.99,$0.00,$10.99,$0.77,SQ20250408006930,PMT20250408006930,Register 2,,,Payment,Corner Store #1,,,,
04/08/2025,07:17:52 PM,America/Chicago,Candy,Snickers Bar,CDY-001,1,Regular,$2.49,$0.00,$2.49,$0.17,SQ20250408006930,PMT20250408006930,Register 1,,,Payment,Corner Store #1,,,,
04/08/2025,07:17:52 PM,America/Chicago,Health & OTC,Small Multivitamin Bottle,HOT-007,2,Regular,$10.98,$0.00,$10.98,$0.77,SQ20250408006930,PMT20250408006930,Register 1,,,Payment,Corner Store #1,,,,
04/08/2025,07:17:52 PM,America/Chicago,Household & Cleaning,Batteries AA 4-Pack,HHC-012,1,Regular,$6.49,$0.00,$6.49,$0.45,SQ20250408006930,PMT20250408006930,Register 1,,,Payment,Corner Store #1,,,,
04/09/2025,09:33:55 AM,America/Chicago,Beverages,Gatorade Lemon-Lime 28oz,BEV-006,1,Regular,$1.49,$0.00,$1.49,$0.10,SQ20250409006979,PMT20250409006979,Register 2,,,Payment,Corner Store #1,,,,
04/09/2025,09:33:55 AM,America/Chicago,Candy,Milky Way Bar,CDY-012,1,Regular,$1.49,$0.00,$1.49,$0.10,SQ20250409006979,PMT20250409006979,Mobile POS,,,Payment,Corner Store #1,,,,
04/09/2025,09:33:55 AM,America/Chicago,Household & Cleaning,Dish Soap 12oz,HHC-003,1,Regular,$5.99,$0.00,$5.99,$0.42,SQ20250409006979,PMT20250409006979,Mobile POS,,,Payment,Corner Store #1,,,,
04/09/2025,09:33:55 AM,America/Chicago,Snacks,Rice Cakes Snack Pack,SNK-013,1,Regular,$1.99,-$0.20,$1.79,$0.13,SQ20250409006979,PMT20250409006979,Register 2,,,Payment,Corner Store #1,,,,
04/09/2025,06:39:11 PM,America/Chicago,Frozen Foods,Frozen Corn Dogs 4-Pack,FRZ-012,1,Regular,$5.99,$0.00,$5.99,$0.42,SQ20250409007009,PMT20250409007009,Register 1,,,Payment,Corner Store #1,,Jeffrey Baker,CUST298847,4748b576-fe3a-4f96-a306-81aadd500d6b
04/09/2025,06:39:11 PM,America/Chicago,Snacks,Peanut Butter Crackers Pack,SNK-010,1,Regular,$3.49,$0.00,$3.49,$0.24,SQ20250409007009,PMT20250409007009,Register 2,,,Payment,Corner Store #1,,Jeffrey Baker,CUST298847,4748b576-fe3a-4f96-a306-81aadd500d6b
04/10/2025,10:27:14 AM,America/Chicago,Candy,M&M's Plain Bag,CDY-003,1,Regular,$1.99,$0.00,$1.99,$0.14,SQ20250410007029,PMT20250410007029,Register 2,,,Payment,Corner Store #1,,Robert Gross,CUST211065,a2807710-32d5-4d87-a1bd-1db7485873c1
04/10/2025,10:27:14 AM,America/Chicago,Beverages,Orange Juice 12oz,BEV-013,1,Regular,$2.49,$0.00,$2.49,$0.17,SQ20250410007029,PMT20250410007029,Register 2,,,Payment,Corner Store #1,,Robert Gross,CUST211065,a2807710-32d5-4d87-a1bd-1db7485873c1
04/10/2025,10:27:14 AM,America/Chicago,Beverages,Energy Drink Original 16oz,BEV-011,1,Regular,$3.49,$0.00,$3.49,$0.24,SQ20250410007029,PMT20250410007029,Register 1,,,Payment,Corner Store #1,,Robert Gross,CUST211065,a2807710-32d5-4d87-a1bd-1db7485873c1
04/10/2025,10:27:14 AM,America/Chicago,Snacks,Mixed Nuts 1.5oz,SNK-014,1,Regular,$1.99,$0.00,$1.99,$0.14,SQ20250410007029,PMT20250410007029,Mobile POS,,,Payment,Corner Store #1,,Robert Gross,CUST211065,a2807710-32d5-4d87-a1bd-1db7485873c1
04/10/2025,12:59:28 PM,America/Chicago,Personal Care,Hand Sanitizer 2oz,PCR-007,1,Regular,$3.49,$0.00,$3.49,$0.24,SQ20250410007059,PMT20250410007059,Mobile POS,,,Payment,Corner Store #1,,,,
04/10/2025,12:59:28 PM,America/Chicago,Household & Cleaning,Toilet Paper 4-Pack,HHC-002,2,Regular,$5.98,$0.00,$5.98,$0.42,SQ20250410007059,PMT20250410007059,Register 2,,,Payment,Corner Store #1,,,,
04/10/2025,03:24:02 PM,America/Chicago,Beverages,Orange Juice 12oz,BEV-013,1,Regular,$2.49,$0.00,$2.49,$0.17,SQ20250410007081,PMT20250410007081,Mobile POS,,,Payment,Corner Store #1,,,,
04/10/2025,03:24:02 PM,America/Chicago,Frozen Foods,Frozen French Fries Bag,FRZ-004,1,Regular,$5.99,$0.00,$5.99,$0.42,SQ20250410007081,PMT20250410007081,Mobile POS,,,Payment,Corner Store #1,,,,
04/11/2025,04:38:42 PM,America/Chicago,Frozen Foods,Frozen Mozzarella Sticks Bag,FRZ-013,2,Regular,$12.98,-$1.30,$11.68,$0.82,SQ20250411007095,PMT20250411007095,Register 2,,,Payment,Corner Store #1,,,,
04/11/2025,04:38:42 PM,America/Chicago,Household & Cleaning,Matches Box,HHC-014,1,Regular,$11.49,$0.00,$11.49,$0.80,SQ20250411007095,PMT20250411007095,Register 1,,,Payment,Corner Store #1,,,,
04/11/2025,04:38:42 PM,America/Chicago,Health & OTC,Vitamin C Tablets Bottle,HOT-006,2,Regular,$22.98,$0.00,$22.98,$1.61,SQ20250411007095,PMT20250411007095,Register 1,,,Payment,Corner Store #1,,,,
04/11/2025,04:38:42 PM,America/Chicago,Candy,Milky Way Bar,CDY-012,3,Regular,$4.47,$0.00,$4.47,$0.31,SQ20250411007095,PMT20250411007095,Register 2,,,Payment,Corner Store #1,,,,
04/11/2025,04:38:42 PM,America/Chicago,Candy,Twix Bar,CDY-008,1,Regular,$1.49,$0.00,$1.49,$0.10,SQ20250411007095,PMT20250411007095,Register 1,,,Payment,Corner Store #1,,,,
04/11/2025,09:11:17 AM,America/Chicago,Grocery & Pantry,Hot Sauce Bottle,GRO-014,1,Regular,$2.99,-$0.30,$2.69,$0.19,SQ20250411007102,PMT20250411007102,Mobile POS,,,Payment,Corner Store #1,,,,
04/11/2025,12:06:18 PM,America/Chicago,Snacks,Pita Chips Sea Salt 1.5oz,SNK-015,2,Regular,$6.98,$0.00,$6.98,$0.49,SQ20250411007154,PMT20250411007154,Register 1,,,Payment,Corner Store #1,,,,
04/11/2025,12:06:18 PM,America/Chicago,Snacks,Pork Rinds 2.5oz,SNK-008,1,Regular,$1.49,$0.00,$1.49,$0.10,SQ20250411007154,PMT20250411007154,Register 1,,,Payment,Corner Store #1,,,,
04/11/2025,12:06:18 PM,America/Chicago,Snacks,Rice Cakes Snack Pack,SNK-013,1,Regular,$1.99,$0.00,$1.99,$0.14,SQ20250411007154,PMT20250411007154,Mobile POS,,,Payment,Corner Store #1,,,,
04/11/2025,12:06:18 PM,America/Chicago,Grocery & Pantry,Instant Oatmeal Packets,GRO-010,1,Regular,$1.49,$0.00,$1.49,$0.10,SQ20250411007154,PMT20250411007154,Register 2,,,Payment,Corner Store #1,,,,
04/11/2025,12:06:18 PM,America/Chicago,Dairy,Cream Cheese 8oz,DAI-011,1,Regular,$6.99,$0.00,$6.99,$0.49,SQ20250411007154,PMT20250411007154,Register 2,,,Payment,Corner Store #1,,,,
04/12/2025,02:30:52 PM,America/Chicago,Bakery,Chocolate Donut,BAK-007,1,Regular,$1.99,$0.00,$1.99,$0.14,SQ20250412007189,PMT20250412007189,Register 1,,,Payment,Corner Store #1,,,,
04/12/2025,02:30:52 PM,America/Chicago,Beverages,Diet Coke 20oz Bottle,BEV-002,1,Regular,$3.49,$0.00,$3.49,$0.24,SQ20250412007189,PMT20250412007189,Register 2,,,Payment,Corner Store #1,,,,
04/12/2025,02:30:52 PM,America/Chicago,Bakery,Cinnamon Roll,BAK-010,1,Regular,$5.49,$0.00,$5.49,$0.38,SQ20250412007189,PMT20250412007189,Register 1,,,Payment,Corner Store #1,,,,
04/12/2025,04:03:04 PM,America/Chicago,Dairy,Whole Milk 1 Gallon,DAI-001,1,Regular,$3.49,$0.00,$3.49,$0.24,SQ20250412007193,PMT20250412007193,Mobile POS,,,Payment,Corner Store #1,,Lisa Watson,CUST271558,4a4a5612-243a-4f53-aa7b-6a7ca674dd6b
04/12/2025,04:03:04 PM,America/Chicago,Household & Cleaning,LED Light Bulbs 2-Pack,HHC-013,1,Regular,$2.49,$0.00,$2.49,$0.17,SQ20250412007193,PMT20250412007193,Mobile POS,,,Payment,Corner Store #1,,Lisa Watson,CUST271558,4a4a5612-243a-4f53-aa7b-6a7ca674dd6b
04/12/2025,04:03:04 PM,America/Chicago,Grocery & Pantry,Instant Oatmeal Packets,GRO-010,2,Regular,$2.98,$0.00,$2.98,$0.21,SQ20250412007193,PMT20250412007193,Register 2,,,Payment,Corner Store #1,,Lisa Watson,CUST271558,4a4a5612-243a-4f53-aa7b-6a7ca674dd6b
04/12/2025,04:03:04 PM,America/Chicago,Frozen Foods,Frozen Burritos 4-Pack,FRZ-003,1,Regular,$8.99,$0.00,$8.99,$0.63,SQ20250412007193,PMT20250412007193,Mobile POS,,,Payment,Corner Store #1,,Lisa Watson,CUST271558,4a4a5612-243a-4f53-aa7b-6a7ca674dd6b
04/12/2025,05:32:25 PM,America/Chicago,Personal Care,Bar Soap 2-Pack,PCR-004,1,Regular,$3.99,$0.00,$3.99,$0.28,SQ20250412007201,PMT20250412007201,Register 2,,,Payment,Corner Store #1,,,,
04/12/2025,07:29:53 PM,America/Chicago,Snacks,Doritos Nacho Cheese 1oz,SNK-002,1,Regular,$2.49,$0.00,$2.49,$0.17,SQ20250412007236,PMT20250412007236,Register 2,,,Payment,Corner Store #1,,,,
04/13/2025,04:41:14 PM,America/Chicago,Dairy,Large Eggs Dozen,DAI-004,1,Regular,$2.49,$0.00,$2.49,$0.17,SQ20250413007270,PMT20250413007270,Register 1,,,Payment,Corner Store #1,,,,
04/13/2025,11:41:18 AM,America/Chicago,Bakery,Pound Cake Slice,BAK-012,2,Regular,$10.98,$0.00,$10.98,$0.77,SQ20250413007275,PMT20250413007275,Register 2,,,Payment,Corner Store #1,,,,
04/13/2025,08:23:15 PM,America/Chicago,Health & OTC,Reading Glasses +2.0,HOT-010,1,Regular,$8.99,$0.00,$8.99,$0.63,SQ20250413007277,PMT20250413007277,Register 2,,,Payment,Corner Store #1,,,,
04/13/2025,08:23:15 PM,America/Chicago,Snacks,Lay's Classic Chips 1oz,SNK-001,1,Regular,$1.99,$0.00,$1.99,$0.14,SQ20250413007277,PMT20250413007277,Register 1,,,Payment,Corner Store #1,,,,
04/13/2025,08:23:15 PM,America/Chicago,Grocery & Pantry,Instant Oatmeal Packets,GRO-010,1,Regular,$1.49,$0.00,$1.49,$0.10,SQ20250413007277,PMT20250413007277,Mobile POS,,,Payment,Corner Store #1,,,,
04/14/2025,08:24:51 PM,America/Chicago,Dairy,Butter Stick 4oz,DAI-005,1,Regular,$6.99,$0.00,$6.99,$0.49,SQ20250414007333,PMT20250414007333,Mobile POS,,,Payment,Corner Store #1,,,,
04/14/2025,10:06:27 AM,America/Chicago,Frozen Foods,Frozen Breakfast Sandwich,FRZ-008,1,Regular,$6.49,$0.00,$6.49,$0.45,SQ20250414007350,PMT20250414007350,Register 2,,,Payment,Corner Store #1,,Michael Soto,CUST812223,28a3df6e-0205-4f80-a6a9-8352de8c5a13
04/15/2025,12:01:54 PM,America/Chicago,Household & Cleaning,Aluminum Foil Roll,HHC-008,2,Regular,$8.98,$0.00,$8.98,$0.63,SQ20250415007403,PMT20250415007403,Register 1,,,Payment,Corner Store #1,,,,
04/15/2025,12:01:54 PM,America/Chicago,Beverages,Orange Juice 12oz,BEV-013,1,Regular,$2.49,$0.00,$2.49,$0.17,SQ20250415007403,PMT20250415007403,Register 2,,,Payment,Corner Store #1,,,,
04/15/2025,12:01:54 PM,America/Chicago,Frozen Foods,Frozen Chocolate Ice Cream Pint,FRZ-011,1,Regular,$8.49,$0.00,$8.49,$0.59,SQ20250415007403,PMT20250415007403,Register 1,,,Payment,Corner Store #1,,,,
04/15/2025,12:01:54 PM,America/Chicago,Health & OTC,Eye Drops Bottle,HOT-014,1,Regular,$2.50,$0.00,$2.50,$0.18,SQ20250415007403,PMT20250415007403,Register 2,,,Payment,Corner Store #1,,,,
04/15/2025,01:49:01 PM,America/Chicago,Beverages,Chocolate Milk 14oz,BEV-014,1,Regular,$4.50,$0.00,$4.50,$0.32,SQ20250415007404,PMT20250415007404,Register 1,,,Payment,Corner Store #1,,,,
04/15/2025,01:49:01 PM,America/Chicago,Personal Care,Toothpaste Tube,PCR-001,1,Regular,$5.99,$0.00,$5.99,$0.42,SQ20250415007404,PMT20250415007404,Mobile POS,,,Payment,Corner Store #1,,,,
04/15/2025,05:15:21 PM,America/Chicago,Snacks,Pita Chips Sea Salt 1.5oz,SNK-015,1,Regular,$3.49,$0.00,$3.49,$0.24,SQ20250415007409,PMT20250415007409,Register 2,,,Payment,Corner Store #1,,,,
04/15/2025,05:15:21 PM,America/Chicago,Personal Care,Lip Balm,PCR-012,1,Regular,$1.50,$0.00,$1.50,$0.11,SQ20250415007409,PMT20250415007409,Register 2,,,Payment,Corner Store #1,,,,
04/16/2025,09:10:53 PM,America/Chicago,Snacks,Popcorn Butter Bag 3oz,SNK-005,1,Regular,$1.99,$0.00,$1.99,$0.14,SQ20250416007462,PMT20250416007462,Register 1,,,Payment,Corner Store #1,,Timothy Curry,CUST982840,2f160f3d-05ba-4c78-a696-dea06c2aeb89
04/16/2025,09:10:53 PM,America/Chicago,Health & OTC,Acetaminophen Tablets Small Bottle,HOT-002,1,Regular,$10.99,$0.00,$10.99,$0.77,SQ20250416007462,PMT20250416007462,Register 2,,,Payment,Corner Store #1,,Timothy Curry,CUST982840,2f160f3d-05ba-4c78-a696-dea06c2aeb89
04/16/2025,09:10:53 PM,America/Chicago,Snacks,Pita Chips Sea Salt 1.5oz,SNK-015,1,Regular,$3.49,$0.00,$3.49,$0.24,SQ20250416007462,PMT20250416007462,Register 2,,,Payment,Corner Store #1,,Timothy Curry,CUST982840,2f160f3d-05ba-4c78-a696-dea06c2aeb89
04/16/2025,09:10:53 PM,America/Chicago,Health & OTC,Digital Thermometer,HOT-012,1,Regular,$3.99,$0.00,$3.99,$0.28,SQ20250416007462,PMT20250416007462,Mobile POS,,,Payment,Corner Store #1,,Timothy Curry,CUST982840,2f160f3d-05ba-4c78-a696-dea06c2aeb89
04/16/2025,09:40:05 AM,America/Chicago,Beverages,Energy Drink Sugar-Free 16oz,BEV-012,1,Regular,$3.99,$0.00,$3.99,$0.28,SQ20250416007506,PMT20250416007506,Mobile POS,,,Payment,Corner Store #1,,,,
04/16/2025,09:40:05 AM,America/Chicago,Dairy,Butter Stick 4oz,DAI-005,1,Regular,$6.99,$0.00,$6.99,$0.49,SQ20250416007506,PMT20250416007506,Register 1,,,Payment,Corner Store #1,,,,
04/16/2025,09:48:42 AM,America/Chicago,Personal Care,Hand Sanitizer 2oz,PCR-007,1,Regular,$3.49,$0.00,$3.49,$0.24,SQ20250416007520,PMT20250416007520,Mobile POS,,,Payment,Corner Store #1,,Kristie Henry,CUST294979,899fad03-ebd2-4573-a012-a24e3c168418
04/16/2025,09:48:42 AM,America/Chicago,Bakery,Dinner Rolls 8-Pack,BAK-009,3,Regular,$7.47,$0.00,$7.47,$0.52,SQ20250416007520,PMT20250416007520,Register 1,,,Payment,Corner Store #1,,Kristie Henry,CUST294979,899fad03-ebd2-4573-a012-a24e3c168418
04/16/2025,09:48:42 AM,America/Chicago,Grocery & Pantry,Hot Sauce Bottle,GRO-014,1,Regular,$2.99,$0.00,$2.99,$0.21,SQ20250416007520,PMT20250416007520,Register 1,,,Payment,Corner Store #1,,Kristie Henry,CUST294979,899fad03-ebd2-4573-a012-a24e3c168418
04/17/2025,05:51:16 PM,America/Chicago,Beverages,Sprite 20oz Bottle,BEV-003,1,Regular,$1.49,$0.00,$1.49,$0.10,SQ20250417007529,PMT20250417007529,Register 2,,,Payment,Corner Store #1,,,,
04/17/2025,10:30:25 AM,America/Chicago,Snacks,Pita Chips Sea Salt 1.5oz,SNK-015,1,Regular,$3.49,$0.00,$3.49,$0.24,SQ20250417007551,PMT20250417007551,Register 2,,,Payment,Corner Store #1,,,,
04/17/2025,01:26:17 PM,America/Chicago,Health & OTC,First Aid Spray,HOT-009,1,Regular,$10.99,-$1.10,$9.89,$0.69,SQ20250417007561,PMT20250417007561,Register 2,,,Payment,Corner Store #1,,Lisa Taylor,CUST107192,149c0766-ffb8-4ef4-80dc-48739eb318ad
04/18/2025,01:32:17 PM,America/Chicago,Bakery,Hot Dog Buns 8-Pack,BAK-014,1,Regular,$5.49,$0.00,$5.49,$0.38,SQ20250418007668,PMT20250418007668,Mobile POS,,,Payment,Corner Store #1,,,,
04/18/2025,01:32:17 PM,America/Chicago,Dairy,Sour Cream 8oz,DAI-010,1,Regular,$5.99,$0.00,$5.99,$0.42,SQ20250418007668,PMT20250418007668,Register 2,,,Payment,Corner Store #1,,,,
04/18/2025,07:10:06 PM,America/Chicago,Household & Cleaning,LED Light Bulbs 2-Pack,HHC-013,1,Regular,$2.49,$0.00,$2.49,$0.17,SQ20250418007675,PMT20250418007675,Register 1,,,Payment,Corner Store #1,,Marilyn Sanchez,CUST676708,2d6c18d0-74c0-4ea3-b7a6-3ca5b08c147d
04/18/2025,07:10:06 PM,America/Chicago,Candy,Twix Bar,CDY-008,1,Regular,$1.49,$0.00,$1.49,$0.10,SQ20250418007675,PMT20250418007675,Register 1,,,Payment,Corner Store #1,,Marilyn Sanchez,CUST676708,2d6c18d0-74c0-4ea3-b7a6-3ca5b08c147d
04/18/2025,07:10:06 PM,America/Chicago,Personal Care,Hair Gel Small,PCR-013,1,Regular,$7.49,$0.00,$7.49,$0.52,SQ20250418007675,PMT20250418007675,Register 1,,,Payment,Corner Store #1,,Marilyn Sanchez,CUST676708,2d6c18d0-74c0-4ea3-b7a6-3ca5b08c147d
04/18/2025,09:47:11 PM,America/Chicago,Beverages,Energy Drink Sugar-Free 16oz,BEV-012,1,Regular,$3.99,$0.00,$3.99,$0.28,SQ20250418007676,PMT20250418007676,Register 1,,,Payment,Corner Store #1,,Lee Arnold,CUST281396,bbbbfd67-30a4-44b0-be3c-7c84176350f5
04/18/2025,09:47:11 PM,America/Chicago,Grocery & Pantry,Spaghetti Pasta Box,GRO-002,2,Regular,$9.98,$0.00,$9.98,$0.70,SQ20250418007676,PMT20250418007676,Mobile POS,,,Payment,Corner Store #1,,Lee Arnold,CUST281396,bbbbfd67-30a4-44b0-be3c-7c84176350f5
04/19/2025,04:12:36 PM,America/Chicago,Household & Cleaning,Aluminum Foil Roll,HHC-008,1,Regular,$4.49,$0.00,$4.49,$0.31,SQ20250419007736,PMT20250419007736,Register 2,,,Payment,Corner Store #1,,Jennifer Schmitt,CUST609677,23d2789d-ce2c-4739-a552-abc65a86503a
04/19/2025,04:12:36 PM,America/Chicago,Snacks,Veggie Straws 1oz,SNK-012,1,Regular,$2.99,$0.00,$2.99,$0.21,SQ20250419007736,PMT20250419007736,Mobile POS,,,Payment,Corner Store #1,,Jennifer Schmitt,CUST609677,23d2789d-ce2c-4739-a552-abc65a86503a
04/19/2025,10:39:16 AM,America/Chicago,Household & Cleaning,Laundry Detergent Small,HHC-004,1,Regular,$6.49,-$0.65,$5.84,$0.41,SQ20250419007742,PMT20250419007742,Mobile POS,,,Payment,Corner Store #1,,,,
04/19/2025,06:41:00 PM,America/Chicago,Frozen Foods,Frozen Vanilla Ice Cream Pint,FRZ-010,2,Regular,$6.98,$0.00,$6.98,$0.49,SQ20250419007748,PMT20250419007748,Register 2,,,Payment,Corner Store #1,,,,
04/19/2025,06:41:00 PM,America/Chicago,Beverages,Iced Latte Bottle 13oz,BEV-015,1,Regular,$1.99,$0.00,$1.99,$0.14,SQ20250419007748,PMT20250419007748,Register 2,,,Payment,Corner Store #1,,,,
04/20/2025,04:19:08 PM,America/Chicago,Candy,Sour Patch Kids Bag,CDY-010,1,Regular,$1.99,$0.00,$1.99,$0.14,SQ20250420007752,PMT20250420007752,Register 1,,,Payment,Corner Store #1,,,,
04/20/2025,07:03:44 PM,America/Chicago,Personal Care,Facial Tissues Box,PCR-008,1,Regular,$5.49,$0.00,$5.49,$0.38,SQ20250420007797,PMT20250420007797,Register 1,,,Payment,Corner Store #1,,Kenneth Walters DDS,CUST291146,8eec22a4-f966-49c2-9796-b7b190b7f26f
04/21/2025,04:56:58 PM,America/Chicago,Candy,M&M's Plain Bag,CDY-003,2,Regular,$3.98,$0.00,$3.98,$0.28,SQ20250421007813,PMT20250421007813,Mobile POS,,,Payment,Corner Store #1,,Patricia Andrews,CUST377563,b703fa9f-e15c-4c37-a4ab-9bae5aca08f9
04/21/2025,04:56:58 PM,America/Chicago,Health & OTC,Vitamin C Tablets Bottle,HOT-006,1,Regular,$11.49,$0.00,$11.49,$0.80,SQ20250421007813,PMT20250421007813,Register 1,,,Payment,Corner Store #1,,Patricia Andrews,CUST377563,b703fa9f-e15c-4c37-a4ab-9bae5aca08f9
04/21/2025,05:41:15 PM,America/Chicago,Beverages,Iced Latte Bottle 13oz,BEV-015,1,Regular,$1.99,$0.00,$1.99,$0.14,SQ20250421007815,PMT20250421007815,Register 2,,,Payment,Corner Store #1,,,,
04/22/2025,08:37:13 PM,America/Chicago,Personal Care,Travel Size Shampoo,PCR-005,2,Regular,$7.98,$0.00,$7.98,$0.56,SQ20250422007888,PMT20250422007888,Mobile POS,,,Payment,Corner Store #1,,William Chase,CUST574595,db5ed35a-2268-445f-b0bf-17838966f42b
04/22/2025,02:27:30 PM,America/Chicago,Personal Care,Bar Soap 2-Pack,PCR-004,1,Regular,$3.99,$0.00,$3.99,$0.28,SQ20250422007904,PMT20250422007904,Mobile POS,,,Payment,Corner Store #1,,Paul Christian,CUST414021,83c59c14-3824-462b-a036-971a323fdf19
04/22/2025,02:27:30 PM,America/Chicago,Snacks,Lay's Classic Chips 1oz,SNK-001,2,Regular,$3.98,$0.00,$3.98,$0.28,SQ20250422007904,PMT20250422007904,Mobile POS,,,Payment,Corner Store #1,,Paul Christian,CUST414021,83c59c14-3824-462b-a036-971a323fdf19
04/22/2025,06:56:29 PM,America/Chicago,Candy,Twix Bar,CDY-008,1,Regular,$1.49,$0.00,$1.49,$0.10,SQ20250422007909,PMT20250422007909,Mobile POS,,,Payment,Corner Store #1,,,,
04/23/2025,03:03:58 PM,America/Chicago,Health & OTC,Digital Thermometer,HOT-012,1,Regular,$3.99,$0.00,$3.99,$0.28,SQ20250423007953,PMT20250423007953,Register 2,,,Payment,Corner Store #1,,Mrs. Sharon Wagner,CUST268711,e2b845b7-f0f5-4dc1-91ed-43ba65c65e05
04/23/2025,09:26:15 AM,America/Chicago,Beverages,Sparkling Water Lime 12oz,BEV-009,1,Regular,$1.99,$0.00,$1.99,$0.14,SQ20250423007964,PMT20250423007964,Mobile POS,,,Payment,Corner Store #1,,,,
04/24/2025,01:43:46 PM,America/Chicago,Grocery & Pantry,Pasta Sauce Jar,GRO-003,2,Regular,$9.98,$0.00,$9.98,$0.70,SQ20250424008008,PMT20250424008008,Register 2,,,Payment,Corner Store #1,,,,
04/24/2025,10:28:55 AM,America/Chicago,Snacks,Pretzels Snack Bag 1.5oz,SNK-004,1,Regular,$3.99,$0.00,$3.99,$0.28,SQ20250424008013,PMT20250424008013,Register 2,,,Payment,Corner Store #1,,,,
04/25/2025,01:29:54 PM,America/Chicago,Health & OTC,Eye Drops Bottle,HOT-014,1,Regular,$2.50,$0.00,$2.50,$0.18,SQ20250425008049,PMT20250425008049,Mobile POS,,,Payment,Corner Store #1,,,,
04/25/2025,08:00:53 PM,America/Chicago,Frozen Foods,Frozen Mixed Vegetables Bag,FRZ-006,1,Regular,$2.50,$0.00,$2.50,$0.18,SQ20250425008086,PMT20250425008086,Register 2,,,Payment,Corner Store #1,,Ashley Blanchard,CUST695934,cc69a8ca-e32f-4ec3-a05f-f96ed087dc98
04/25/2025,08:00:53 PM,America/Chicago,Frozen Foods,Frozen Pot Pie,FRZ-014,1,Regular,$6.99,$0.00,$6.99,$0.49,SQ20250425008086,PMT20250425008086,Register 1,,,Payment,Corner Store #1,,Ashley Blanchard,CUST695934,cc69a8ca-e32f-4ec3-a05f-f96ed087dc98
04/26/2025,07:33:27 AM,America/Chicago,Health & OTC,Allergy Relief Tablets,HOT-003,3,Regular,$40.47,$0.00,$40.47,$2.83,SQ20250426008108,PMT20250426008108,Register 1,,,Payment,Corner Store #1,,,,
04/26/2025,07:33:27 AM,America/Chicago,Beverages,Energy Drink Sugar-Free 16oz,BEV-012,1,Regular,$3.99,$0.00,$3.99,$0.28,SQ20250426008108,PMT20250426008108,Register 1,,,Payment,Corner Store #1,,,,
04/26/2025,01:48:07 PM,America/Chicago,Health & OTC,Eye Drops Bottle,HOT-014,1,Regular,$2.50,$0.00,$2.50,$0.18,SQ20250426008110,PMT20250426008110,Register 1,,,Payment,Corner Store #1,,Michelle Holden,CUST154242,6e6aa3ec-4378-4e6b-8d3d-dee3cdad54f4
04/26/2025,05:50:05 PM,America/Chicago,Beverages,Mountain Dew 20oz Bottle,BEV-005,2,Regular,$6.98,$0.00,$6.98,$0.49,SQ20250426008121,PMT20250426008121,Register 2,,,Payment,Corner Store #1,,Maria Spencer,CUST554233,44e5eddd-771d-430f-b955-b110fc2e0301
04/26/2025,05:50:05 PM,America/Chicago,Health & OTC,Digital Thermometer,HOT-012,1,Regular,$3.99,$0.00,$3.99,$0.28,SQ20250426008121,PMT20250426008121,Register 1,,,Payment,Corner Store #1,,Maria Spencer,CUST554233,44e5eddd-771d-430f-b955-b110fc2e0301
04/27/2025,07:37:21 PM,America/Chicago,Candy,M&M's Peanut Bag,CDY-002,2,Regular,$4.98,-$0.50,$4.48,$0.31,SQ20250427008183,PMT20250427008183,Mobile POS,,,Payment,Corner Store #1,,,,
04/27/2025,05:19:57 PM,America/Chicago,Personal Care,Travel Size Shampoo,PCR-005,2,Regular,$7.98,-$0.80,$7.18,$0.50,SQ20250427008194,PMT20250427008194,Register 1,,,Payment,Corner Store #1,,,,
04/27/2025,06:55:28 PM,America/Chicago,Beverages,Bottled Water 16.9oz,BEV-008,1,Regular,$3.99,$0.00,$3.99,$0.28,SQ20250427008206,PMT20250427008206,Mobile POS,,,Payment,Corner Store #1,,,,
04/28/2025,05:07:07 PM,America/Chicago,Personal Care,Bar Soap 2-Pack,PCR-004,1,Regular,$3.99,$0.00,$3.99,$0.28,SQ20250428008278,PMT20250428008278,Mobile POS,,,Payment,Corner Store #1,,Tammy Bell,CUST798736,0e721365-a4e6-4afd-a6cc-d201335dc080
04/28/2025,04:58:42 PM,America/Chicago,Candy,M&M's Peanut Bag,CDY-002,1,Regular,$2.49,$0.00,$2.49,$0.17,SQ20250428008286,PMT20250428008286,Register 2,,,Payment,Corner Store #1,,Joseph Hawkins,CUST918039,514b30a9-f6d4-461c-8c10-46bf24b37794
04/29/2025,07:21:38 AM,America/Chicago,Household & Cleaning,Lighter Fluid,HHC-015,1,Regular,$3.99,$0.00,$3.99,$0.28,SQ20250429008306,PMT20250429008306,Register 2,,,Payment,Corner Store #1,,,,
04/29/2025,07:21:38 AM,America/Chicago,Health & OTC,Small Multivitamin Bottle,HOT-007,1,Regular,$5.49,$0.00,$5.49,$0.38,SQ20250429008306,PMT20250429008306,Mobile POS,,,Payment,Corner Store #1,,,,
04/29/2025,07:21:38 AM,America/Chicago,Personal Care,Toothpaste Tube,PCR-001,1,Regular,$5.99,$0.00,$5.99,$0.42,SQ20250429008306,PMT20250429008306,Mobile POS,,,Payment,Corner Store #1,,,,
04/29/2025,07:21:38 AM,America/Chicago,Snacks,Lay's Classic Chips 1oz,SNK-001,1,Regular,$1.99,$0.00,$1.99,$0.14,SQ20250429008306,PMT20250429008306,Register 2,,,Payment,Corner Store #1,,,,
04/29/2025,08:04:51 AM,America/Chicago,Beverages,Orange Juice 12oz,BEV-013,3,Regular,$7.47,$0.00,$7.47,$0.52,SQ20250429008324,PMT20250429008324,Register 2,,,Payment,Corner Store #1,,Stephanie Kelley,CUST424141,5ff3fbbf-6880-434f-8ac5-a4c6c393f806
04/29/2025,08:04:51 AM,America/Chicago,Health & OTC,Antacid Tablets Roll,HOT-005,2,Regular,$10.98,$0.00,$10.98,$0.77,SQ20250429008324,PMT20250429008324,Mobile POS,,,Payment,Corner Store #1,,Stephanie Kelley,CUST424141,5ff3fbbf-6880-434f-8ac5-a4c6c393f806
04/29/2025,02:03:28 PM,America/Chicago,Dairy,Whole Milk 1 Gallon,DAI-001,1,Regular,$3.49,$0.00,$3.49,$0.24,SQ20250429008351,PMT20250429008351,Register 1,,,Payment,Corner Store #1,,Donna Garcia,CUST893048,e16c77ac-e69b-425c-a8e9-772b8fd7dced
04/30/2025,09:49:59 PM,America/Chicago,Personal Care,Band-Aids Box,PCR-011,1,Regular,$5.49,$0.00,$5.49,$0.38,SQ20250430008386,PMT20250430008386,Register 1,,,Payment,Corner Store #1,,,,
04/30/2025,04:38:16 PM,America/Chicago,Health & OTC,Antibacterial Ointment Tube,HOT-015,1,Regular,$9.99,-$1.00,$8.99,$0.63,SQ20250430008391,PMT20250430008391,Register 1,,,Payment,Corner Store #1,,Taylor Williams II,CUST197655,ff03f1a9-72ed-457b-835b-66254e7fb47f
04/30/2025,04:38:16 PM,America/Chicago,Snacks,Lay's Classic Chips 1oz,SNK-001,1,Regular,$1.99,$0.00,$1.99,$0.14,SQ20250430008391,PMT20250430008391,Mobile POS,,,Payment,Corner Store #1,,Taylor Williams II,CUST197655,ff03f1a9-72ed-457b-835b-66254e7fb47f
05/01/2025,12:23:23 PM,America/Chicago,Household & Cleaning,Dish Soap 12oz,HHC-003,1,Regular,$5.99,$0.00,$5.99,$0.42,SQ20250501008411,PMT20250501008411,Register 1,,,Payment,Corner Store #1,,,,
05/01/2025,12:23:23 PM,America/Chicago,Health & OTC,Ibuprofen Tablets Small Bottle,HOT-001,1,Regular,$9.49,$0.00,$9.49,$0.66,SQ20250501008411,PMT20250501008411,Register 1,,,Payment,Corner Store #1,,,,
05/01/2025,12:23:23 PM,America/Chicago,Beverages,Orange Juice 12oz,BEV-013,1,Regular,$2.49,-$0.25,$2.24,$0.16,SQ20250501008411,PMT20250501008411,Mobile POS,,,Payment,Corner Store #1,,,,
05/01/2025,08:01:33 PM,America/Chicago,Candy,M&M's Plain Bag,CDY-003,2,Regular,$3.98,$0.00,$3.98,$0.28,SQ20250501008416,PMT20250501008416,Register 2,,,Payment,Corner Store #1,,,,
05/01/2025,09:43:34 AM,America/Chicago,Bakery,Wheat Sandwich Bread,BAK-002,1,Regular,$5.99,$0.00,$5.99,$0.42,SQ20250501008461,PMT20250501008461,Mobile POS,,,Payment,Corner Store #1,,Lindsay Hunter,CUST608206,403e3ee2-6d30-41b9-b7df-c57149102c10
05/02/2025,01:35:18 PM,America/Chicago,Grocery & Pantry,Sugar 2lb Bag,GRO-015,1,Regular,$5.99,$0.00,$5.99,$0.42,SQ20250502008507,PMT20250502008507,Register 2,,,Payment,Corner Store #1,,,,
05/02/2025,01:35:18 PM,America/Chicago,Grocery & Pantry,Spaghetti Pasta Box,GRO-002,3,Regular,$14.97,$0.00,$14.97,$1.05,SQ20250502008507,PMT20250502008507,Register 2,,,Payment,Corner Store #1,,,,
05/02/2025,04:25:11 PM,America/Chicago,Grocery & Pantry,Canned Corn,GRO-005,1,Regular,$4.99,$0.00,$4.99,$0.35,SQ20250502008539,PMT20250502008539,Register 2,,,Payment,Corner Store #1,,Jaclyn Waller,CUST703469,5eb8e0db-7273-47af-8488-a0e81028f5b4
05/02/2025,04:25:11 PM,America/Chicago,Dairy,Greek Yogurt Cup,DAI-008,1,Regular,$4.49,$0.00,$4.49,$0.31,SQ20250502008539,PMT20250502008539,Mobile POS,,,Payment,Corner Store #1,,Jaclyn Waller,CUST703469,5eb8e0db-7273-47af-8488-a0e81028f5b4
05/02/2025,04:25:11 PM,America/Chicago,Personal Care,Hand Sanitizer 2oz,PCR-007,2,Regular,$6.98,$0.00,$6.98,$0.49,SQ20250502008539,PMT20250502008539,Register 2,,,Payment,Corner Store #1,,Jaclyn Waller,CUST703469,5eb8e0db-7273-47af-8488-a0e81028f5b4
05/02/2025,09:37:19 AM,America/Chicago,Dairy,American Cheese Slices,DAI-014,2,Regular,$15.00,$0.00,$15.00,$1.05,SQ20250502008577,PMT20250502008577,Register 1,,,Payment,Corner Store #1,,,,
05/02/2025,09:24:52 AM,America/Chicago,Frozen Foods,Frozen Pot Pie,FRZ-014,1,Regular,$6.99,$0.00,$6.99,$0.49,SQ20250502008581,PMT20250502008581,Register 2,,,Payment,Corner Store #1,,,,
05/02/2025,09:24:52 AM,America/Chicago,Health & OTC,Small Multivitamin Bottle,HOT-007,2,Regular,$10.98,$0.00,$10.98,$0.77,SQ20250502008581,PMT20250502008581,Register 2,,,Payment,Corner Store #1,,,,
05/03/2025,01:59:24 PM,America/Chicago,Health & OTC,Digital Thermometer,HOT-012,1,Regular,$3.99,$0.00,$3.99,$0.28,SQ20250503008621,PMT20250503008621,Mobile POS,,,Payment,Corner Store #1,,Paul Vasquez,CUST571735,6a961ac0-8651-42a6-8fe9-17808b8c6b6e
05/03/2025,01:59:24 PM,America/Chicago,Frozen Foods,Frozen Mozzarella Sticks Bag,FRZ-013,1,Regular,$6.49,$0.00,$6.49,$0.45,SQ20250503008621,PMT20250503008621,Register 1,,,Payment,Corner Store #1,,Paul Vasquez,CUST571735,6a961ac0-8651-42a6-8fe9-17808b8c6b6e
05/03/2025,01:59:24 PM,America/Chicago,Candy,Sour Patch Kids Bag,CDY-010,1,Regular,$1.99,$0.00,$1.99,$0.14,SQ20250503008621,PMT20250503008621,Register 1,,,Payment,Corner Store #1,,Paul Vasquez,CUST571735,6a961ac0-8651-42a6-8fe9-17808b8c6b6e
05/03/2025,01:59:24 PM,America/Chicago,Snacks,Popcorn Butter Bag 3oz,SNK-005,3,Regular,$5.97,$0.00,$5.97,$0.42,SQ20250503008621,PMT20250503008621,Register 2,,,Payment,Corner Store #1,,Paul Vasquez,CUST571735,6a961ac0-8651-42a6-8fe9-17808b8c6b6e
05/03/2025,01:29:56 PM,America/Chicago,Bakery,Wheat Sandwich Bread,BAK-002,1,Regular,$5.99,$0.00,$5.99,$0.42,SQ20250503008625,PMT20250503008625,Register 2,,,Payment,Corner Store #1,,Jennifer Moore,CUST787123,350ea2b2-d07a-4b58-96e7-bff3d2a60853
05/03/2025,12:13:47 PM,America/Chicago,Beverages,Iced Tea Lemon 18.5oz,BEV-010,3,Regular,$10.47,$0.00,$10.47,$0.73,SQ20250503008650,PMT20250503008650,Mobile POS,,,Payment,Corner Store #1,,,,
05/03/2025,03:04:03 PM,America/Chicago,Dairy,Whole Milk Half Gallon,DAI-003,1,Regular,$6.49,$0.00,$6.49,$0.45,SQ20250503008672,PMT20250503008672,Mobile POS,,,Payment,Corner Store #1,,,,
05/04/2025,08:18:46 AM,America/Chicago,Personal Care,Travel Size Shampoo,PCR-005,1,Regular,$3.99,$0.00,$3.99,$0.28,SQ20250504008692,PMT20250504008692,Register 1,,,Payment,Corner Store #1,,,,
05/04/2025,08:18:46 AM,America/Chicago,Bakery,Wheat Sandwich Bread,BAK-002,1,Regular,$5.99,$0.00,$5.99,$0.42,SQ20250504008692,PMT20250504008692,Mobile POS,,,Payment,Corner Store #1,,,,
05/04/2025,10:16:11 AM,America/Chicago,Dairy,2% Milk 1 Gallon,DAI-002,1,Regular,$4.49,$0.00,$4.49,$0.31,SQ20250504008711,PMT20250504008711,Mobile POS,,,Payment,Corner Store #1,,,,
05/04/2025,10:16:11 AM,America/Chicago,Grocery & Pantry,Canned Corn,GRO-005,1,Regular,$4.99,$0.00,$4.99,$0.35,SQ20250504008711,PMT20250504008711,Register 2,,,Payment,Corner Store #1,,,,
05/04/2025,10:16:11 AM,America/Chicago,Snacks,Mixed Nuts 1.5oz,SNK-014,1,Regular,$1.99,$0.00,$1.99,$0.14,SQ20250504008711,PMT20250504008711,Register 1,,,Payment,Corner Store #1,,,,
05/04/2025,06:15:09 PM,America/Chicago,Grocery & Pantry,Instant Oatmeal Packets,GRO-010,1,Regular,$1.49,$0.00,$1.49,$0.10,SQ20250504008746,PMT20250504008746,Register 2,,,Payment,Corner Store #1,,,,
05/05/2025,07:09:01 PM,America/Chicago,Grocery & Pantry,White Rice 2lb Bag,GRO-001,1,Regular,$4.49,$0.00,$4.49,$0.31,SQ20250505008774,PMT20250505008774,Register 1,,,Payment,Corner Store #1,,,,
05/05/2025,07:38:07 PM,America/Chicago,Bakery,Hot Dog Buns 8-Pack,BAK-014,1,Regular,$5.49,$0.00,$5.49,$0.38,SQ20250505008779,PMT20250505008779,Register 1,,,Payment,Corner Store #1,,Mrs. Emily Waters,CUST266073,9d1c92f0-3770-4be5-b381-c6ebdac9d4a4
05/05/2025,05:01:29 PM,America/Chicago,Household & Cleaning,Dish Soap 12oz,HHC-003,3,Regular,$17.97,$0.00,$17.97,$1.26,SQ20250505008781,PMT20250505008781,Mobile POS,,,Payment,Corner Store #1,,,,
05/05/2025,05:01:29 PM,America/Chicago,Household & Cleaning,Batteries AA 4-Pack,HHC-012,2,Regular,$12.98,$0.00,$12.98,$0.91,SQ20250505008781,PMT20250505008781,Mobile POS,,,Payment,Corner Store #1,,,,
05/06/2025,05:24:05 PM,America/Chicago,Dairy,Sour Cream 8oz,DAI-010,1,Regular,$5.99,$0.00,$5.99,$0.42,SQ20250506008857,PMT20250506008857,Register 2,,,Payment,Corner Store #1,,,,
05/06/2025,05:24:05 PM,America/Chicago,Frozen Foods,Frozen Pepperoni Pizza,FRZ-001,1,Regular,$8.49,$0.00,$8.49,$0.59,SQ20250506008857,PMT20250506008857,Mobile POS,,,Payment,Corner Store #1,,,,
05/06/2025,05:24:05 PM,America/Chicago,Bakery,Flour Tortillas 10-Pack,BAK-015,1,Regular,$2.99,$0.00,$2.99,$0.21,SQ20250506008857,PMT20250506008857,Register 1,,,Payment,Corner Store #1,,,,
05/06/2025,01:04:57 PM,America/Chicago,Candy,3 Musketeers Bar,CDY-013,1,Regular,$1.99,$0.00,$1.99,$0.14,SQ20250506008862,PMT20250506008862,Register 2,,,Payment,Corner Store #1,,,,
05/06/2025,05:55:36 PM,America/Chicago,Beverages,Iced Latte Bottle 13oz,BEV-015,1,Regular,$1.99,$0.00,$1.99,$0.14,SQ20250506008876,PMT20250506008876,Register 1,,,Payment,Corner Store #1,,Casey Miles,CUST341534,829c34f7-0f5b-440c-9f32-1f6d02dd95c2
05/06/2025,05:55:36 PM,America/Chicago,Personal Care,Travel Size Shampoo,PCR-005,1,Regular,$3.99,$0.00,$3.99,$0.28,SQ20250506008876,PMT20250506008876,Mobile POS,,,Payment,Corner Store #1,,Casey Miles,CUST341534,829c34f7-0f5b-440c-9f32-1f6d02dd95c2
05/07/2025,09:46:14 PM,America/Chicago,Grocery & Pantry,Canned Tuna,GRO-006,1,Regular,$2.99,$0.00,$2.99,$0.21,SQ20250507008898,PMT20250507008898,Register 2,,,Payment,Corner Store #1,,Stacy Lucas,CUST244262,3dc87f79-2843-4696-a2a5-ef39c163df1b
05/07/2025,09:46:14 PM,America/Chicago,Frozen Foods,Frozen Mixed Vegetables Bag,FRZ-006,1,Regular,$2.50,-$0.25,$2.25,$0.16,SQ20250507008898,PMT20250507008898,Register 1,,,Payment,Corner Store #1,,Stacy Lucas,CUST244262,3dc87f79-2843-4696-a2a5-ef39c163df1b
05/07/2025,09:46:14 PM,America/Chicago,Bakery,Cinnamon Roll,BAK-010,1,Regular,$5.49,-$0.55,$4.94,$0.35,SQ20250507008898,PMT20250507008898,Register 2,,,Payment,Corner Store #1,,Stacy Lucas,CUST244262,3dc87f79-2843-4696-a2a5-ef39c163df1b
05/07/2025,06:16:29 PM,America/Chicago,Beverages,Iced Latte Bottle 13oz,BEV-015,1,Regular,$1.99,$0.00,$1.99,$0.14,SQ20250507008916,PMT20250507008916,Mobile POS,,,Payment,Corner Store #1,,Jasmin Pitts,CUST632839,8f6875a3-b1fb-4012-96ed-79efb03e5eb4
05/07/2025,05:00:39 PM,America/Chicago,Health & OTC,Small Multivitamin Bottle,HOT-007,1,Regular,$5.49,$0.00,$5.49,$0.38,SQ20250507008956,PMT20250507008956,Mobile POS,,,Payment,Corner Store #1,,Keith Medina,CUST574981,1271e295-9b21-4065-8135-b44325768869
05/08/2025,07:27:30 PM,America/Chicago,Bakery,Chocolate Donut,BAK-007,2,Regular,$3.98,$0.00,$3.98,$0.28,SQ20250508008973,PMT20250508008973,Register 1,,,Payment,Corner Store #1,,,,
05/08/2025,07:27:30 PM,America/Chicago,Candy,Starburst Original Bag,CDY-006,1,Regular,$1.49,$0.00,$1.49,$0.10,SQ20250508008973,PMT20250508008973,Mobile POS,,,Payment,Corner Store #1,,,,
05/08/2025,09:18:05 PM,America/Chicago,Household & Cleaning,Laundry Detergent Small,HHC-004,2,Regular,$12.98,$0.00,$12.98,$0.91,SQ20250508008978,PMT20250508008978,Register 1,,,Payment,Corner Store #1,,,,
05/08/2025,09:18:05 PM,America/Chicago,Grocery & Pantry,Cooking Oil Small Bottle,GRO-012,1,Regular,$6.49,$0.00,$6.49,$0.45,SQ20250508008978,PMT20250508008978,Register 1,,,Payment,Corner Store #1,,,,
05/08/2025,09:33:57 PM,America/Chicago,Candy,Reese's Peanut Butter Cups,CDY-004,1,Regular,$1.49,$0.00,$1.49,$0.10,SQ20250508008997,PMT20250508008997,Mobile POS,,,Payment,Corner Store #1,,,,
05/09/2025,09:43:38 AM,America/Chicago,Grocery & Pantry,Pasta Sauce Jar,GRO-003,1,Regular,$4.99,-$0.50,$4.49,$0.31,SQ20250509009026,PMT20250509009026,Register 1,,,Payment,Corner Store #1,,,,
05/09/2025,08:40:26 AM,America/Chicago,Dairy,Half and Half Pint,DAI-012,1,Regular,$2.99,$0.00,$2.99,$0.21,SQ20250509009090,PMT20250509009090,Register 1,,,Payment,Corner Store #1,,,,
05/09/2025,12:33:50 PM,America/Chicago,Bakery,Blueberry Muffin,BAK-004,2,Regular,$4.98,$0.00,$4.98,$0.35,SQ20250509009093,PMT20250509009093,Mobile POS,,,Payment,Corner Store #1,,,,
05/10/2025,07:35:35 PM,America/Chicago,Candy,Milky Way Bar,CDY-012,1,Regular,$1.49,$0.00,$1.49,$0.10,SQ20250510009103,PMT20250510009103,Register 2,,,Payment,Corner Store #1,,Jennifer Bennett,CUST880058,7cba8dea-5086-4861-861c-ba485fa5c8d5
05/10/2025,07:35:35 PM,America/Chicago,Health & OTC,Nasal Spray,HOT-013,2,Regular,$24.98,$0.00,$24.98,$1.75,SQ20250510009103,PMT20250510009103,Mobile POS,,,Payment,Corner Store #1,,Jennifer Bennett,CUST880058,7cba8dea-5086-4861-861c-ba485fa5c8d5
05/10/2025,07:35:35 PM,America/Chicago,Candy,Reese's Peanut Butter Cups,CDY-004,1,Regular,$1.49,$0.00,$1.49,$0.10,SQ20250510009103,PMT20250510009103,Register 2,,,Payment,Corner Store #1,,Jennifer Bennett,CUST880058,7cba8dea-5086-4861-861c-ba485fa5c8d5
05/10/2025,07:35:35 PM,America/Chicago,Beverages,Sprite 20oz Bottle,BEV-003,1,Regular,$1.49,-$0.15,$1.34,$0.09,SQ20250510009103,PMT20250510009103,Register 1,,,Payment,Corner Store #1,,Jennifer Bennett,CUST880058,7cba8dea-5086-4861-861c-ba485fa5c8d5
05/10/2025,11:12:23 AM,America/Chicago,Health & OTC,Vitamin C Tablets Bottle,HOT-006,1,Regular,$11.49,$0.00,$11.49,$0.80,SQ20250510009105,PMT20250510009105,Mobile POS,,,Payment,Corner Store #1,,,,
05/10/2025,01:28:01 PM,America/Chicago,Personal Care,Travel Size Shampoo,PCR-005,1,Regular,$3.99,$0.00,$3.99,$0.28,SQ20250510009149,PMT20250510009149,Mobile POS,,,Payment,Corner Store #1,,,,
05/10/2025,01:28:01 PM,America/Chicago,Health & OTC,Electrolyte Powder Packet,HOT-008,1,Regular,$10.49,$0.00,$10.49,$0.73,SQ20250510009149,PMT20250510009149,Mobile POS,,,Payment,Corner Store #1,,,,
05/10/2025,01:28:01 PM,America/Chicago,Grocery & Pantry,Instant Ramen Noodles,GRO-011,1,Regular,$3.49,$0.00,$3.49,$0.24,SQ20250510009149,PMT20250510009149,Mobile POS,,,Payment,Corner Store #1,,,,
05/10/2025,05:42:06 PM,America/Chicago,Beverages,Energy Drink Sugar-Free 16oz,BEV-012,1,Regular,$3.99,$0.00,$3.99,$0.28,SQ20250510009185,PMT20250510009185,Register 1,,,Payment,Corner Store #1,,Brett Daniels,CUST344763,665c9da5-be16-4640-a9a3-1ab65ced1a62
05/11/2025,07:54:03 PM,America/Chicago,Candy,M&M's Plain Bag,CDY-003,1,Regular,$1.99,$0.00,$1.99,$0.14,SQ20250511009228,PMT20250511009228,Register 1,,,Payment,Corner Store #1,,,,
05/11/2025,06:25:36 PM,America/Chicago,Beverages,Iced Latte Bottle 13oz,BEV-015,1,Regular,$1.99,$0.00,$1.99,$0.14,SQ20250511009234,PMT20250511009234,Mobile POS,,,Payment,Corner Store #1,,,,
05/11/2025,06:25:36 PM,America/Chicago,Beverages,Gatorade Lemon-Lime 28oz,BEV-006,1,Regular,$1.49,$0.00,$1.49,$0.10,SQ20250511009234,PMT20250511009234,Register 1,,,Payment,Corner Store #1,,,,
05/11/2025,11:18:07 AM,America/Chicago,Personal Care,Lip Balm,PCR-012,1,Regular,$1.50,$0.00,$1.50,$0.11,SQ20250511009250,PMT20250511009250,Register 1,,,Payment,Corner Store #1,,Adrienne Logan,CUST311039,17dd0691-6a71-4fda-8027-58b2f44c5255
05/11/2025,11:18:07 AM,America/Chicago,Frozen Foods,Frozen Chicken Nuggets Bag,FRZ-005,1,Regular,$3.49,$0.00,$3.49,$0.24,SQ20250511009250,PMT20250511009250,Register 2,,,Payment,Corner Store #1,,Adrienne Logan,CUST311039,17dd0691-6a71-4fda-8027-58b2f44c5255
05/11/2025,11:18:07 AM,America/Chicago,Grocery & Pantry,Pasta Sauce Jar,GRO-003,1,Regular,$4.99,$0.00,$4.99,$0.35,SQ20250511009250,PMT20250511009250,Register 2,,,Payment,Corner Store #1,,Adrienne Logan,CUST311039,17dd0691-6a71-4fda-8027-58b2f44c5255
05/12/2025,08:37:10 PM,America/Chicago,Frozen Foods,Frozen Chocolate Ice Cream Pint,FRZ-011,1,Regular,$8.49,$0.00,$8.49,$0.59,SQ20250512009282,PMT20250512009282,Register 2,,,Payment,Corner Store #1,,,,
05/12/2025,04:24:22 PM,America/Chicago,Grocery & Pantry,Instant Ramen Noodles,GRO-011,3,Regular,$10.47,$0.00,$10.47,$0.73,SQ20250512009288,PMT20250512009288,Register 2,,,Payment,Corner Store #1,,Jeffrey Benjamin,CUST719784,8906a4e2-460c-4c89-8da4-0209cd698214
05/13/2025,04:44:14 PM,America/Chicago,Beverages,Bottled Water 16.9oz,BEV-008,1,Regular,$3.99,-$0.40,$3.59,$0.25,SQ20250513009358,PMT20250513009358,Register 1,,,Payment,Corner Store #1,,,,
05/13/2025,12:53:17 PM,America/Chicago,Dairy,Half and Half Pint,DAI-012,1,Regular,$2.99,$0.00,$2.99,$0.21,SQ20250513009372,PMT20250513009372,Mobile POS,,,Payment,Corner Store #1,,,,
05/13/2025,12:53:17 PM,America/Chicago,Snacks,Doritos Nacho Cheese 1oz,SNK-002,2,Regular,$4.98,$0.00,$4.98,$0.35,SQ20250513009372,PMT20250513009372,Register 2,,,Payment,Corner Store #1,,,,
05/14/2025,10:30:33 AM,America/Chicago,Beverages,Orange Juice 12oz,BEV-013,1,Regular,$2.49,$0.00,$2.49,$0.17,SQ20250514009381,PMT20250514009381,Register 1,,,Payment,Corner Store #1,,,,
05/14/2025,10:03:52 AM,America/Chicago,Grocery & Pantry,Instant Ramen Noodles,GRO-011,1,Regular,$3.49,$0.00,$3.49,$0.24,SQ20250514009426,PMT20250514009426,Mobile POS,,,Payment,Corner Store #1,,,,
05/14/2025,10:03:52 AM,America/Chicago,Beverages,Iced Latte Bottle 13oz,BEV-015,2,Regular,$3.98,$0.00,$3.98,$0.28,SQ20250514009426,PMT20250514009426,Register 2,,,Payment,Corner Store #1,,,,
05/15/2025,11:20:24 AM,America/Chicago,Candy,M&M's Plain Bag,CDY-003,1,Regular,$1.99,$0.00,$1.99,$0.14,SQ20250515009459,PMT20250515009459,Register 1,,,Payment,Corner Store #1,,,,
05/15/2025,11:20:24 AM,America/Chicago,Snacks,Pork Rinds 2.5oz,SNK-008,1,Regular,$1.49,$0.00,$1.49,$0.10,SQ20250515009459,PMT20250515009459,Mobile POS,,,Payment,Corner Store #1,,,,
05/15/2025,02:17:55 PM,America/Chicago,Beverages,Orange Juice 12oz,BEV-013,1,Regular,$2.49,$0.00,$2.49,$0.17,SQ20250515009484,PMT20250515009484,Register 1,,,Payment,Corner Store #1,,,,
05/15/2025,04:52:57 PM,America/Chicago,Beverages,Orange Juice 12oz,BEV-013,1,Regular,$2.49,$0.00,$2.49,$0.17,SQ20250515009497,PMT20250515009497,Mobile POS,,,Payment,Corner Store #1,,,,
05/16/2025,05:51:17 PM,America/Chicago,Grocery & Pantry,Instant Oatmeal Packets,GRO-010,1,Regular,$1.49,$0.00,$1.49,$0.10,SQ20250516009518,PMT20250516009518,Register 2,,,Payment,Corner Store #1,,,,
05/16/2025,09:01:58 AM,America/Chicago,Dairy,Butter Stick 4oz,DAI-005,1,Regular,$6.99,$0.00,$6.99,$0.49,SQ20250516009555,PMT20250516009555,Register 2,,,Payment,Corner Store #1,,,,
05/16/2025,08:32:06 AM,America/Chicago,Grocery & Pantry,Cereal Small Box,GRO-009,1,Regular,$1.49,$0.00,$1.49,$0.10,SQ20250516009571,PMT20250516009571,Mobile POS,,,Payment,Corner Store #1,,,,
05/16/2025,08:32:06 AM,America/Chicago,Health & OTC,Nasal Spray,HOT-013,1,Regular,$12.49,$0.00,$12.49,$0.87,SQ20250516009571,PMT20250516009571,Mobile POS,,,Payment,Corner Store #1,,,,
05/16/2025,08:32:06 AM,America/Chicago,Candy,Sour Patch Kids Bag,CDY-010,1,Regular,$1.99,$0.00,$1.99,$0.14,SQ20250516009571,PMT20250516009571,Register 2,,,Payment,Corner Store #1,,,,
05/16/2025,12:25:08 PM,America/Chicago,Snacks,Pita Chips Sea Salt 1.5oz,SNK-015,1,Regular,$3.49,$0.00,$3.49,$0.24,SQ20250516009579,PMT20250516009579,Mobile POS,,,Payment,Corner Store #1,,Benjamin Perry,CUST150949,d006862a-b31e-48f5-bab0-98476f4327cc
05/16/2025,12:25:08 PM,America/Chicago,Candy,Hershey's Milk Chocolate Bar,CDY-009,2,Regular,$5.98,$0.00,$5.98,$0.42,SQ20250516009579,PMT20250516009579,Register 1,,,Payment,Corner Store #1,,Benjamin Perry,CUST150949,d006862a-b31e-48f5-bab0-98476f4327cc
05/16/2025,12:25:08 PM,America/Chicago,Personal Care,Band-Aids Box,PCR-011,1,Regular,$5.49,$0.00,$5.49,$0.38,SQ20250516009579,PMT20250516009579,Register 2,,,Payment,Corner Store #1,,Benjamin Perry,CUST150949,d006862a-b31e-48f5-bab0-98476f4327cc
05/16/2025,12:25:08 PM,America/Chicago,Dairy,Greek Yogurt Cup,DAI-008,1,Regular,$4.49,$0.00,$4.49,$0.31,SQ20250516009579,PMT20250516009579,Register 1,,,Payment,Corner Store #1,,Benjamin Perry,CUST150949,d006862a-b31e-48f5-bab0-98476f4327cc
05/17/2025,07:04:37 AM,America/Chicago,Bakery,Blueberry Muffin,BAK-004,1,Regular,$2.49,$0.00,$2.49,$0.17,SQ20250517009590,PMT20250517009590,Register 2,,,Payment,Corner Store #1,,,,
05/17/2025,06:34:09 PM,America/Chicago,Health & OTC,Small Multivitamin Bottle,HOT-007,1,Regular,$5.49,$0.00,$5.49,$0.38,SQ20250517009603,PMT20250517009603,Mobile POS,,,Payment,Corner Store #1,,,,
05/17/2025,09:45:01 AM,America/Chicago,Snacks,Lay's Classic Chips 1oz,SNK-001,1,Regular,$1.99,$0.00,$1.99,$0.14,SQ20250517009675,PMT20250517009675,Register 1,,,Payment,Corner Store #1,,,,
05/17/2025,09:45:01 AM,America/Chicago,Beverages,Mountain Dew 20oz Bottle,BEV-005,1,Regular,$3.49,$0.00,$3.49,$0.24,SQ20250517009675,PMT20250517009675,Register 2,,,Payment,Corner Store #1,,,,
05/17/2025,09:45:01 AM,America/Chicago,Dairy,String Cheese Pack,DAI-007,1,Regular,$3.99,$0.00,$3.99,$0.28,SQ20250517009675,PMT20250517009675,Register 2,,,Payment,Corner Store #1,,,,
05/17/2025,07:03:12 AM,America/Chicago,Grocery & Pantry,Cereal Small Box,GRO-009,2,Regular,$2.98,$0.00,$2.98,$0.21,SQ20250517009676,PMT20250517009676,Mobile POS,,,Payment,Corner Store #1,,,,
05/17/2025,07:18:01 PM,America/Chicago,Health & OTC,Digital Thermometer,HOT-012,1,Regular,$3.99,-$0.40,$3.59,$0.25,SQ20250517009677,PMT20250517009677,Register 1,,,Payment,Corner Store #1,,,,
05/18/2025,01:30:55 PM,America/Chicago,Snacks,Pita Chips Sea Salt 1.5oz,SNK-015,2,Regular,$6.98,$0.00,$6.98,$0.49,SQ20250518009738,PMT20250518009738,Register 2,,,Payment,Corner Store #1,,,,
05/18/2025,12:59:49 PM,America/Chicago,Bakery,Banana Bread Slice,BAK-011,1,Regular,$1.99,$0.00,$1.99,$0.14,SQ20250518009739,PMT20250518009739,Register 1,,,Payment,Corner Store #1,,,,
05/18/2025,12:59:49 PM,America/Chicago,Grocery & Pantry,Peanut Butter Jar,GRO-007,1,Regular,$1.99,$0.00,$1.99,$0.14,SQ20250518009739,PMT20250518009739,Mobile POS,,,Payment,Corner Store #1,,,,
05/18/2025,12:59:49 PM,America/Chicago,Dairy,Whole Milk 1 Gallon,DAI-001,2,Regular,$6.98,$0.00,$6.98,$0.49,SQ20250518009739,PMT20250518009739,Mobile POS,,,Payment,Corner Store #1,,,,
05/18/2025,12:59:49 PM,America/Chicago,Grocery & Pantry,Canned Corn,GRO-005,1,Regular,$4.99,$0.00,$4.99,$0.35,SQ20250518009739,PMT20250518009739,Mobile POS,,,Payment,Corner Store #1,,,,
05/18/2025,12:59:49 PM,America/Chicago,Personal Care,Lip Balm,PCR-012,1,Regular,$1.50,$0.00,$1.50,$0.11,SQ20250518009739,PMT20250518009739,Register 2,,,Payment,Corner Store #1,,,,
05/18/2025,05:56:19 PM,America/Chicago,Frozen Foods,Frozen Burritos 4-Pack,FRZ-003,1,Regular,$8.99,$0.00,$8.99,$0.63,SQ20250518009779,PMT20250518009779,Register 1,,,Payment,Corner Store #1,,,,
05/18/2025,05:56:19 PM,America/Chicago,Frozen Foods,Frozen Corn Dogs 4-Pack,FRZ-012,1,Regular,$5.99,$0.00,$5.99,$0.42,SQ20250518009779,PMT20250518009779,Register 2,,,Payment,Corner Store #1,,,,
05/19/2025,07:43:55 PM,America/Chicago,Snacks,Pita Chips Sea Salt 1.5oz,SNK-015,3,Regular,$10.47,$0.00,$10.47,$0.73,SQ20250519009827,PMT20250519009827,Mobile POS,,,Payment,Corner Store #1,,,,
05/19/2025,07:43:55 PM,America/Chicago,Frozen Foods,Frozen Breakfast Sandwich,FRZ-008,1,Regular,$6.49,$0.00,$6.49,$0.45,SQ20250519009827,PMT20250519009827,Register 2,,,Payment,Corner Store #1,,,,
05/19/2025,07:26:10 PM,America/Chicago,Snacks,Tortilla Chips Family Size,SNK-011,1,Regular,$2.99,$0.00,$2.99,$0.21,SQ20250519009828,PMT20250519009828,Register 2,,,Payment,Corner Store #1,,,,
05/19/2025,07:26:10 PM,America/Chicago,Personal Care,Cotton Swabs Box,PCR-010,1,Regular,$1.99,$0.00,$1.99,$0.14,SQ20250519009828,PMT20250519009828,Register 1,,,Payment,Corner Store #1,,,,
05/19/2025,07:26:10 PM,America/Chicago,Beverages,Bottled Water 16.9oz,BEV-008,1,Regular,$3.99,$0.00,$3.99,$0.28,SQ20250519009828,PMT20250519009828,Register 2,,,Payment,Corner Store #1,,,,
05/19/2025,06:19:48 PM,America/Chicago,Household & Cleaning,Dish Soap 12oz,HHC-003,3,Regular,$17.97,$0.00,$17.97,$1.26,SQ20250519009839,PMT20250519009839,Mobile POS,,,Payment,Corner Store #1,,,,
05/19/2025,06:19:48 PM,America/Chicago,Health & OTC,Digital Thermometer,HOT-012,1,Regular,$3.99,$0.00,$3.99,$0.28,SQ20250519009839,PMT20250519009839,Register 1,,,Payment,Corner Store #1,,,,
05/20/2025,05:49:46 PM,America/Chicago,Personal Care,Travel Size Shampoo,PCR-005,1,Regular,$3.99,-$0.40,$3.59,$0.25,SQ20250520009889,PMT20250520009889,Register 1,,,Payment,Corner Store #1,,Lauren Walsh,CUST318422,5492112f-259d-437f-bf8a-16b8919a5591
05/20/2025,05:49:46 PM,America/Chicago,Grocery & Pantry,Instant Ramen Noodles,GRO-011,1,Regular,$3.49,$0.00,$3.49,$0.24,SQ20250520009889,PMT20250520009889,Mobile POS,,,Payment,Corner Store #1,,Lauren Walsh,CUST318422,5492112f-259d-437f-bf8a-16b8919a5591
05/20/2025,07:27:10 PM,America/Chicago,Bakery,Bagels Plain 6-Pack,BAK-003,1,Regular,$5.49,$0.00,$5.49,$0.38,SQ20250520009890,PMT20250520009890,Register 1,,,Payment,Corner Store #1,,,,
05/20/2025,07:27:10 PM,America/Chicago,Health & OTC,Vitamin C Tablets Bottle,HOT-006,1,Regular,$11.49,$0.00,$11.49,$0.80,SQ20250520009890,PMT20250520009890,Register 1,,,Payment,Corner Store #1,,,,
05/20/2025,07:27:10 PM,America/Chicago,Personal Care,Toothbrush Single,PCR-002,2,Regular,$16.98,$0.00,$16.98,$1.19,SQ20250520009890,PMT20250520009890,Register 1,,,Payment,Corner Store #1,,,,
05/20/2025,07:27:10 PM,America/Chicago,Health & OTC,Face Masks 5-Pack,HOT-011,1,Regular,$12.49,-$1.25,$11.24,$0.79,SQ20250520009890,PMT20250520009890,Register 2,,,Payment,Corner Store #1,,,,
05/20/2025,01:51:52 PM,America/Chicago,Frozen Foods,Frozen Breakfast Sandwich,FRZ-008,1,Regular,$6.49,$0.00,$6.49,$0.45,SQ20250520009903,PMT20250520009903,Register 1,,,Payment,Corner Store #1,,,,
05/20/2025,01:51:52 PM,America/Chicago,Grocery & Pantry,Ketchup Bottle,GRO-013,1,Regular,$5.99,$0.00,$5.99,$0.42,SQ20250520009903,PMT20250520009903,Register 1,,,Payment,Corner Store #1,,,,
05/20/2025,01:51:52 PM,America/Chicago,Household & Cleaning,Plastic Wrap Roll,HHC-009,1,Regular,$7.49,$0.00,$7.49,$0.52,SQ20250520009903,PMT20250520009903,Register 2,,,Payment,Corner Store #1,,,,
05/21/2025,10:33:59 AM,America/Chicago,Health & OTC,Allergy Relief Tablets,HOT-003,1,Regular,$13.49,$0.00,$13.49,$0.94,SQ20250521009926,PMT20250521009926,Register 1,,,Payment,Corner Store #1,,George Bradshaw,CUST139570,312997af-d7e3-45d5-807e-85061ec4816d
05/21/2025,04:31:56 PM,America/Chicago,Health & OTC,Digital Thermometer,HOT-012,1,Regular,$3.99,$0.00,$3.99,$0.28,SQ20250521009971,PMT20250521009971,Register 1,,,Payment,Corner Store #1,,Tammy Leblanc,CUST461896,b30408fa-90bf-447e-a935-72d3fb6333cb
05/22/2025,06:01:53 PM,America/Chicago,Beverages,Energy Drink Original 16oz,BEV-011,2,Regular,$6.98,$0.00,$6.98,$0.49,SQ20250522009985,PMT20250522009985,Register 2,,,Payment,Corner Store #1,,,,
05/22/2025,06:01:53 PM,America/Chicago,Candy,Twix Bar,CDY-008,1,Regular,$1.49,$0.00,$1.49,$0.10,SQ20250522009985,PMT20250522009985,Mobile POS,,,Payment,Corner Store #1,,,,
05/22/2025,11:46:10 AM,America/Chicago,Household & Cleaning,Laundry Detergent Small,HHC-004,1,Regular,$6.49,$0.00,$6.49,$0.45,SQ20250522009992,PMT20250522009992,Register 1,,,Payment,Corner Store #1,,,,
05/22/2025,08:22:28 AM,America/Chicago,Health & OTC,Allergy Relief Tablets,HOT-003,2,Regular,$26.98,-$2.70,$24.28,$1.70,SQ20250522010024,PMT20250522010024,Register 1,,,Payment,Corner Store #1,,Roy Fowler,CUST387850,d2152070-e4ee-41bc-bdd7-e170e0d0807c
05/23/2025,07:12:30 PM,America/Chicago,Frozen Foods,Frozen Popsicles 6-Pack,FRZ-015,1,Regular,$4.99,$0.00,$4.99,$0.35,SQ20250523010054,PMT20250523010054,Register 1,,,Payment,Corner Store #1,,,,
05/23/2025,01:12:03 PM,America/Chicago,Beverages,Mountain Dew 20oz Bottle,BEV-005,2,Regular,$6.98,$0.00,$6.98,$0.49,SQ20250523010077,PMT20250523010077,Mobile POS,,,Payment,Corner Store #1,,,,
05/23/2025,08:07:57 AM,America/Chicago,Personal Care,Mouthwash 8oz,PCR-003,1,Regular,$4.99,$0.00,$4.99,$0.35,SQ20250523010115,PMT20250523010115,Mobile POS,,,Payment,Corner Store #1,,,,
05/24/2025,10:55:05 AM,America/Chicago,Grocery & Pantry,Cooking Oil Small Bottle,GRO-012,1,Regular,$6.49,$0.00,$6.49,$0.45,SQ20250524010173,PMT20250524010173,Register 1,,,Payment,Corner Store #1,,Lawrence Parks,CUST724407,fdce4f12-dc46-46c7-b93a-cfff1a2b2339
05/24/2025,10:55:05 AM,America/Chicago,Beverages,Energy Drink Sugar-Free 16oz,BEV-012,1,Regular,$3.99,$0.00,$3.99,$0.28,SQ20250524010173,PMT20250524010173,Mobile POS,,,Payment,Corner Store #1,,Lawrence Parks,CUST724407,fdce4f12-dc46-46c7-b93a-cfff1a2b2339
05/24/2025,01:57:53 PM,America/Chicago,Snacks,Popcorn Butter Bag 3oz,SNK-005,1,Regular,$1.99,$0.00,$1.99,$0.14,SQ20250524010178,PMT20250524010178,Mobile POS,,,Payment,Corner Store #1,,Frank Freeman,CUST908026,42ff3b13-d32a-47d1-898c-cdd7ae1b3c1a
05/24/2025,01:57:53 PM,America/Chicago,Health & OTC,Allergy Relief Tablets,HOT-003,1,Regular,$13.49,$0.00,$13.49,$0.94,SQ20250524010178,PMT20250524010178,Register 1,,,Payment,Corner Store #1,,Frank Freeman,CUST908026,42ff3b13-d32a-47d1-898c-cdd7ae1b3c1a
05/24/2025,01:57:53 PM,America/Chicago,Household & Cleaning,Dish Soap 12oz,HHC-003,1,Regular,$5.99,$0.00,$5.99,$0.42,SQ20250524010178,PMT20250524010178,Register 2,,,Payment,Corner Store #1,,Frank Freeman,CUST908026,42ff3b13-d32a-47d1-898c-cdd7ae1b3c1a
05/24/2025,03:50:31 PM,America/Chicago,Dairy,2% Milk 1 Gallon,DAI-002,2,Regular,$8.98,$0.00,$8.98,$0.63,SQ20250524010190,PMT20250524010190,Register 1,,,Payment,Corner Store #1,,Gabriel Murphy,CUST946725,2c6b2108-ba9b-419a-b772-d3a31b72ea6c
05/25/2025,07:46:30 AM,America/Chicago,Bakery,Hot Dog Buns 8-Pack,BAK-014,1,Regular,$5.49,$0.00,$5.49,$0.38,SQ20250525010204,PMT20250525010204,Mobile POS,,,Payment,Corner Store #1,,,,
05/25/2025,04:39:09 PM,America/Chicago,Beverages,Iced Tea Lemon 18.5oz,BEV-010,1,Regular,$3.49,$0.00,$3.49,$0.24,SQ20250525010226,PMT20250525010226,Register 2,,,Payment,Corner Store #1,,Kimberly Morgan,CUST405482,5d1c153e-f6eb-4acf-ac05-df93969c382a
05/25/2025,04:39:09 PM,America/Chicago,Beverages,Energy Drink Sugar-Free 16oz,BEV-012,1,Regular,$3.99,$0.00,$3.99,$0.28,SQ20250525010226,PMT20250525010226,Register 2,,,Payment,Corner Store #1,,Kimberly Morgan,CUST405482,5d1c153e-f6eb-4acf-ac05-df93969c382a
05/25/2025,04:39:09 PM,America/Chicago,Snacks,Tortilla Chips Family Size,SNK-011,1,Regular,$2.99,$0.00,$2.99,$0.21,SQ20250525010226,PMT20250525010226,Mobile POS,,,Payment,Corner Store #1,,Kimberly Morgan,CUST405482,5d1c153e-f6eb-4acf-ac05-df93969c382a
05/26/2025,09:31:42 AM,America/Chicago,Personal Care,Bar Soap 2-Pack,PCR-004,3,Regular,$11.97,$0.00,$11.97,$0.84,SQ20250526010290,PMT20250526010290,Register 2,,,Payment,Corner Store #1,,,,
05/26/2025,09:31:42 AM,America/Chicago,Snacks,Lay's Classic Chips 1oz,SNK-001,1,Regular,$1.99,$0.00,$1.99,$0.14,SQ20250526010290,PMT20250526010290,Register 1,,,Payment,Corner Store #1,,,,
05/26/2025,09:31:42 AM,America/Chicago,Frozen Foods,Frozen Corn Dogs 4-Pack,FRZ-012,1,Regular,$5.99,-$0.60,$5.39,$0.38,SQ20250526010290,PMT20250526010290,Register 1,,,Payment,Corner Store #1,,,,
05/26/2025,09:31:42 AM,America/Chicago,Health & OTC,Allergy Relief Tablets,HOT-003,1,Regular,$13.49,$0.00,$13.49,$0.94,SQ20250526010290,PMT20250526010290,Mobile POS,,,Payment,Corner Store #1,,,,
05/26/2025,09:31:42 AM,America/Chicago,Health & OTC,Vitamin C Tablets Bottle,HOT-006,1,Regular,$11.49,$0.00,$11.49,$0.80,SQ20250526010290,PMT20250526010290,Register 2,,,Payment,Corner Store #1,,,,
05/26/2025,12:34:49 PM,America/Chicago,Household & Cleaning,Aluminum Foil Roll,HHC-008,2,Regular,$8.98,$0.00,$8.98,$0.63,SQ20250526010293,PMT20250526010293,Register 1,,,Payment,Corner Store #1,,,,
05/26/2025,12:34:49 PM,America/Chicago,Beverages,Energy Drink Original 16oz,BEV-011,2,Regular,$6.98,$0.00,$6.98,$0.49,SQ20250526010293,PMT20250526010293,Register 1,,,Payment,Corner Store #1,,,,
05/26/2025,12:34:49 PM,America/Chicago,Snacks,Lay's Classic Chips 1oz,SNK-001,1,Regular,$1.99,$0.00,$1.99,$0.14,SQ20250526010293,PMT20250526010293,Register 2,,,Payment,Corner Store #1,,,,
05/26/2025,12:34:49 PM,America/Chicago,Beverages,Iced Latte Bottle 13oz,BEV-015,3,Regular,$5.97,$0.00,$5.97,$0.42,SQ20250526010293,PMT20250526010293,Register 2,,,Payment,Corner Store #1,,,,
05/26/2025,10:27:05 AM,America/Chicago,Bakery,Blueberry Muffin,BAK-004,2,Regular,$4.98,$0.00,$4.98,$0.35,SQ20250526010297,PMT20250526010297,Register 2,,,Payment,Corner Store #1,,Joshua White,CUST546530,a53a43d6-1ef5-40d6-b5d9-89367085770f
05/26/2025,10:27:05 AM,America/Chicago,Grocery & Pantry,Pasta Sauce Jar,GRO-003,1,Regular,$4.99,$0.00,$4.99,$0.35,SQ20250526010297,PMT20250526010297,Mobile POS,,,Payment,Corner Store #1,,Joshua White,CUST546530,a53a43d6-1ef5-40d6-b5d9-89367085770f
05/27/2025,11:15:05 AM,America/Chicago,Beverages,Orange Juice 12oz,BEV-013,3,Regular,$7.47,$0.00,$7.47,$0.52,SQ20250527010330,PMT20250527010330,Register 1,,,Payment,Corner Store #1,,Molly White,CUST277097,d912d963-d32a-4e06-9a86-040e72633c6a
05/27/2025,12:45:03 PM,America/Chicago,Dairy,Whole Milk 1 Gallon,DAI-001,3,Regular,$10.47,$0.00,$10.47,$0.73,SQ20250527010336,PMT20250527010336,Mobile POS,,,Payment,Corner Store #1,,David Santana,CUST418912,e9213dfa-86e9-49fe-827e-b09a77f05674
05/27/2025,12:45:03 PM,America/Chicago,Snacks,Doritos Nacho Cheese 1oz,SNK-002,1,Regular,$2.49,$0.00,$2.49,$0.17,SQ20250527010336,PMT20250527010336,Mobile POS,,,Payment,Corner Store #1,,David Santana,CUST418912,e9213dfa-86e9-49fe-827e-b09a77f05674
05/27/2025,05:07:19 PM,America/Chicago,Bakery,Flour Tortillas 10-Pack,BAK-015,1,Regular,$2.99,$0.00,$2.99,$0.21,SQ20250527010344,PMT20250527010344,Register 2,,,Payment,Corner Store #1,,,,
05/28/2025,02:34:06 PM,America/Chicago,Grocery & Pantry,Peanut Butter Jar,GRO-007,1,Regular,$1.99,$0.00,$1.99,$0.14,SQ20250528010403,PMT20250528010403,Register 1,,,Payment,Corner Store #1,,,,
05/28/2025,04:06:55 PM,America/Chicago,Snacks,Tortilla Chips Family Size,SNK-011,1,Regular,$2.99,$0.00,$2.99,$0.21,SQ20250528010405,PMT20250528010405,Register 2,,,Payment,Corner Store #1,,,,
05/28/2025,04:06:55 PM,America/Chicago,Bakery,Chocolate Donut,BAK-007,2,Regular,$3.98,$0.00,$3.98,$0.28,SQ20250528010405,PMT20250528010405,Mobile POS,,,Payment,Corner Store #1,,,,
05/28/2025,08:52:27 AM,America/Chicago,Dairy,Whole Milk 1 Gallon,DAI-001,1,Regular,$3.49,$0.00,$3.49,$0.24,SQ20250528010416,PMT20250528010416,Mobile POS,,,Payment,Corner Store #1,,,,
05/28/2025,08:52:27 AM,America/Chicago,Personal Care,Bar Soap 2-Pack,PCR-004,1,Regular,$3.99,$0.00,$3.99,$0.28,SQ20250528010416,PMT20250528010416,Mobile POS,,,Payment,Corner Store #1,,,,
05/28/2025,08:52:27 AM,America/Chicago,Beverages,Sprite 20oz Bottle,BEV-003,1,Regular,$1.49,$0.00,$1.49,$0.10,SQ20250528010416,PMT20250528010416,Register 1,,,Payment,Corner Store #1,,,,
05/28/2025,08:52:27 AM,America/Chicago,Household & Cleaning,Trash Bags 13-Gallon 10-Pack,HHC-006,1,Regular,$2.99,$0.00,$2.99,$0.21,SQ20250528010416,PMT20250528010416,Mobile POS,,,Payment,Corner Store #1,,,,
05/29/2025,04:32:38 PM,America/Chicago,Frozen Foods,Frozen Chocolate Ice Cream Pint,FRZ-011,1,Regular,$8.49,$0.00,$8.49,$0.59,SQ20250529010482,PMT20250529010482,Register 1,,,Payment,Corner Store #1,,,,
05/29/2025,04:32:38 PM,America/Chicago,Grocery & Pantry,Hot Sauce Bottle,GRO-014,1,Regular,$2.99,$0.00,$2.99,$0.21,SQ20250529010482,PMT20250529010482,Register 1,,,Payment,Corner Store #1,,,,
05/29/2025,04:32:38 PM,America/Chicago,Health & OTC,Allergy Relief Tablets,HOT-003,2,Regular,$26.98,$0.00,$26.98,$1.89,SQ20250529010482,PMT20250529010482,Register 1,,,Payment,Corner Store #1,,,,
05/29/2025,07:05:22 PM,America/Chicago,Personal Care,Travel Size Body Wash,PCR-014,1,Regular,$5.49,$0.00,$5.49,$0.38,SQ20250529010492,PMT20250529010492,Register 2,,,Payment,Corner Store #1,,,,
05/30/2025,04:19:49 PM,America/Chicago,Beverages,Energy Drink Original 16oz,BEV-011,1,Regular,$3.49,$0.00,$3.49,$0.24,SQ20250530010567,PMT20250530010567,Mobile POS,,,Payment,Corner Store #1,,,,
05/30/2025,04:19:49 PM,America/Chicago,Frozen Foods,Frozen Mixed Vegetables Bag,FRZ-006,1,Regular,$2.50,$0.00,$2.50,$0.18,SQ20250530010567,PMT20250530010567,Mobile POS,,,Payment,Corner Store #1,,,,
05/30/2025,08:20:16 AM,America/Chicago,Beverages,Mountain Dew 20oz Bottle,BEV-005,1,Regular,$3.49,$0.00,$3.49,$0.24,SQ20250530010569,PMT20250530010569,Mobile POS,,,Payment,Corner Store #1,,Sally Fernandez,CUST879390,692661f5-16ca-431c-9b0e-93e12be94560
05/30/2025,06:35:17 PM,America/Chicago,Grocery & Pantry,Pasta Sauce Jar,GRO-003,1,Regular,$4.99,$0.00,$4.99,$0.35,SQ20250530010594,PMT20250530010594,Register 2,,,Payment,Corner Store #1,,Tracey Reilly,CUST953639,d2025cd5-d0b8-4cbb-87d1-316f821a8ac9
05/31/2025,02:03:59 PM,America/Chicago,Grocery & Pantry,Hot Sauce Bottle,GRO-014,1,Regular,$2.99,$0.00,$2.99,$0.21,SQ20250531010601,PMT20250531010601,Register 1,,,Payment,Corner Store #1,,,,
05/31/2025,02:03:59 PM,America/Chicago,Bakery,Banana Bread Slice,BAK-011,1,Regular,$1.99,$0.00,$1.99,$0.14,SQ20250531010601,PMT20250531010601,Register 1,,,Payment,Corner Store #1,,,,
05/31/2025,08:59:04 AM,America/Chicago,Personal Care,Toothpaste Tube,PCR-001,2,Regular,$11.98,$0.00,$11.98,$0.84,SQ20250531010624,PMT20250531010624,Register 1,,,Payment,Corner Store #1,,Mary Williams,CUST903589,3ab5d8d0-5ac9-44d4-96be-541b0b0ae00f
05/31/2025,08:59:04 AM,America/Chicago,Health & OTC,Antacid Tablets Roll,HOT-005,1,Regular,$5.49,$0.00,$5.49,$0.38,SQ20250531010624,PMT20250531010624,Register 1,,,Payment,Corner Store #1,,Mary Williams,CUST903589,3ab5d8d0-5ac9-44d4-96be-541b0b0ae00f
05/31/2025,07:35:17 PM,America/Chicago,Candy,M&M's Plain Bag,CDY-003,1,Regular,$1.99,$0.00,$1.99,$0.14,SQ20250531010634,PMT20250531010634,Mobile POS,,,Payment,Corner Store #1,,,,
05/31/2025,07:35:17 PM,America/Chicago,Candy,M&M's Plain Bag,CDY-003,1,Regular,$1.99,$0.00,$1.99,$0.14,SQ20250531010634,PMT20250531010634,Mobile POS,,,Payment,Corner Store #1,,,,
05/31/2025,07:35:17 PM,America/Chicago,Personal Care,Bar Soap 2-Pack,PCR-004,1,Regular,$3.99,$0.00,$3.99,$0.28,SQ20250531010634,PMT20250531010634,Mobile POS,,,Payment,Corner Store #1,,,,
05/31/2025,07:35:17 PM,America/Chicago,Snacks,Pita Chips Sea Salt 1.5oz,SNK-015,1,Regular,$3.49,-$0.35,$3.14,$0.22,SQ20250531010634,PMT20250531010634,Mobile POS,,,Payment,Corner Store #1,,,,
05/31/2025,06:16:47 PM,America/Chicago,Health & OTC,Digital Thermometer,HOT-012,1,Regular,$3.99,$0.00,$3.99,$0.28,SQ20250531010674,PMT20250531010674,Register 1,,,Payment,Corner Store #1,,,,
05/31/2025,06:16:47 PM,America/Chicago,Beverages,Iced Tea Lemon 18.5oz,BEV-010,1,Regular,$3.49,$0.00,$3.49,$0.24,SQ20250531010674,PMT20250531010674,Mobile POS,,,Payment,Corner Store #1,,,,
06/01/2025,06:26:34 PM,America/Chicago,Snacks,Pork Rinds 2.5oz,SNK-008,2,Regular,$2.98,$0.00,$2.98,$0.21,SQ20250601010714,PMT20250601010714,Register 2,,,Payment,Corner Store #1,,,,
06/01/2025,06:26:34 PM,America/Chicago,Bakery,Butter Croissant,BAK-008,2,Regular,$11.98,$0.00,$11.98,$0.84,SQ20250601010714,PMT20250601010714,Register 1,,,Payment,Corner Store #1,,,,
06/01/2025,12:24:46 PM,America/Chicago,Candy,M&M's Plain Bag,CDY-003,1,Regular,$1.99,$0.00,$1.99,$0.14,SQ20250601010732,PMT20250601010732,Mobile POS,,,Payment,Corner Store #1,,Jane Neal,CUST470479,79779361-1204-49d9-9d07-07aa59ec3e63
06/01/2025,12:24:46 PM,America/Chicago,Snacks,Pork Rinds 2.5oz,SNK-008,1,Regular,$1.49,$0.00,$1.49,$0.10,SQ20250601010732,PMT20250601010732,Register 1,,,Payment,Corner Store #1,,Jane Neal,CUST470479,79779361-1204-49d9-9d07-07aa59ec3e63
06/01/2025,12:24:46 PM,America/Chicago,Beverages,Iced Latte Bottle 13oz,BEV-015,1,Regular,$1.99,$0.00,$1.99,$0.14,SQ20250601010732,PMT20250601010732,Mobile POS,,,Payment,Corner Store #1,,Jane Neal,CUST470479,79779361-1204-49d9-9d07-07aa59ec3e63
06/01/2025,01:24:04 PM,America/Chicago,Bakery,Banana Bread Slice,BAK-011,1,Regular,$1.99,$0.00,$1.99,$0.14,SQ20250601010751,PMT20250601010751,Mobile POS,,,Payment,Corner Store #1,,,,
06/01/2025,07:28:16 AM,America/Chicago,Bakery,White Sandwich Bread,BAK-001,1,Regular,$3.49,$0.00,$3.49,$0.24,SQ20250601010765,PMT20250601010765,Register 2,,,Payment,Corner Store #1,,,,
06/01/2025,07:28:16 AM,America/Chicago,Grocery & Pantry,Instant Ramen Noodles,GRO-011,1,Regular,$3.49,$0.00,$3.49,$0.24,SQ20250601010765,PMT20250601010765,Register 2,,,Payment,Corner Store #1,,,,
06/01/2025,07:28:16 AM,America/Chicago,Dairy,Whole Milk 1 Gallon,DAI-001,1,Regular,$3.49,$0.00,$3.49,$0.24,SQ20250601010765,PMT20250601010765,Mobile POS,,,Payment,Corner Store #1,,,,
06/01/2025,07:28:16 AM,America/Chicago,Household & Cleaning,LED Light Bulbs 2-Pack,HHC-013,1,Regular,$2.49,$0.00,$2.49,$0.17,SQ20250601010765,PMT20250601010765,Register 2,,,Payment,Corner Store #1,,,,
06/02/2025,01:14:09 PM,America/Chicago,Frozen Foods,Frozen Burritos 4-Pack,FRZ-003,1,Regular,$8.99,$0.00,$8.99,$0.63,SQ20250602010792,PMT20250602010792,Register 1,,,Payment,Corner Store #1,,,,
06/02/2025,01:14:09 PM,America/Chicago,Household & Cleaning,Aluminum Foil Roll,HHC-008,1,Regular,$4.49,$0.00,$4.49,$0.31,SQ20250602010792,PMT20250602010792,Register 1,,,Payment,Corner Store #1,,,,
06/02/2025,01:14:09 PM,America/Chicago,Household & Cleaning,Aluminum Foil Roll,HHC-008,1,Regular,$4.49,$0.00,$4.49,$0.31,SQ20250602010792,PMT20250602010792,Mobile POS,,,Payment,Corner Store #1,,,,
06/02/2025,01:45:50 PM,America/Chicago,Grocery & Pantry,Spaghetti Pasta Box,GRO-002,1,Regular,$4.99,-$0.50,$4.49,$0.31,SQ20250602010844,PMT20250602010844,Mobile POS,,,Payment,Corner Store #1,,Micheal West,CUST217984,c3edfa0e-9d62-4006-898a-52e0c50e6599
06/02/2025,01:16:38 PM,America/Chicago,Beverages,Coca-Cola 20oz Bottle,BEV-001,1,Regular,$3.49,$0.00,$3.49,$0.24,SQ20250602010850,PMT20250602010850,Mobile POS,,,Payment,Corner Store #1,,,,
06/02/2025,01:16:38 PM,America/Chicago,Snacks,Cheetos Crunchy 1oz,SNK-003,1,Regular,$3.49,$0.00,$3.49,$0.24,SQ20250602010850,PMT20250602010850,Register 2,,,Payment,Corner Store #1,,,,
06/02/2025,01:16:38 PM,America/Chicago,Dairy,American Cheese Slices,DAI-014,2,Regular,$15.00,$0.00,$15.00,$1.05,SQ20250602010850,PMT20250602010850,Mobile POS,,,Payment,Corner Store #1,,,,
06/02/2025,01:16:38 PM,America/Chicago,Health & OTC,Allergy Relief Tablets,HOT-003,3,Regular,$40.47,$0.00,$40.47,$2.83,SQ20250602010850,PMT20250602010850,Register 1,,,Payment,Corner Store #1,,,,
06/02/2025,05:19:24 PM,America/Chicago,Bakery,Glazed Donut,BAK-006,1,Regular,$4.99,$0.00,$4.99,$0.35,SQ20250602010874,PMT20250602010874,Mobile POS,,,Payment,Corner Store #1,,,,
06/02/2025,05:19:24 PM,America/Chicago,Grocery & Pantry,Cereal Small Box,GRO-009,1,Regular,$1.49,$0.00,$1.49,$0.10,SQ20250602010874,PMT20250602010874,Register 1,,,Payment,Corner Store #1,,,,
06/02/2025,05:19:24 PM,America/Chicago,Snacks,Mixed Nuts 1.5oz,SNK-014,1,Regular,$1.99,$0.00,$1.99,$0.14,SQ20250602010874,PMT20250602010874,Mobile POS,,,Payment,Corner Store #1,,,,
06/02/2025,05:19:24 PM,America/Chicago,Beverages,Energy Drink Sugar-Free 16oz,BEV-012,1,Regular,$3.99,$0.00,$3.99,$0.28,SQ20250602010874,PMT20250602010874,Register 1,,,Payment,Corner Store #1,,,,
06/02/2025,05:19:24 PM,America/Chicago,Health & OTC,Allergy Relief Tablets,HOT-003,1,Regular,$13.49,$0.00,$13.49,$0.94,SQ20250602010874,PMT20250602010874,Register 2,,,Payment,Corner Store #1,,,,
06/03/2025,06:54:44 PM,America/Chicago,Beverages,Energy Drink Sugar-Free 16oz,BEV-012,1,Regular,$3.99,$0.00,$3.99,$0.28,SQ20250603010902,PMT20250603010902,Register 1,,,Payment,Corner Store #1,,,,
06/03/2025,06:54:44 PM,America/Chicago,Household & Cleaning,Plastic Wrap Roll,HHC-009,1,Regular,$7.49,$0.00,$7.49,$0.52,SQ20250603010902,PMT20250603010902,Register 2,,,Payment,Corner Store #1,,,,
06/03/2025,07:01:55 PM,America/Chicago,Personal Care,Travel Size Body Wash,PCR-014,2,Regular,$10.98,$0.00,$10.98,$0.77,SQ20250603010906,PMT20250603010906,Mobile POS,,,Payment,Corner Store #1,,,,
06/03/2025,09:42:57 AM,America/Chicago,Beverages,Gatorade Lemon-Lime 28oz,BEV-006,2,Regular,$2.98,$0.00,$2.98,$0.21,SQ20250603010927,PMT20250603010927,Register 2,,,Payment,Corner Store #1,,,,
06/04/2025,06:22:10 PM,America/Chicago,Bakery,Bagels Plain 6-Pack,BAK-003,2,Regular,$10.98,$0.00,$10.98,$0.77,SQ20250604010978,PMT20250604010978,Mobile POS,,,Payment,Corner Store #1,,,,
06/04/2025,04:05:30 PM,America/Chicago,Personal Care,Facial Tissues Box,PCR-008,1,Regular,$5.49,$0.00,$5.49,$0.38,SQ20250604011016,PMT20250604011016,Register 2,,,Payment,Corner Store #1,,,,
06/04/2025,10:42:25 AM,America/Chicago,Household & Cleaning,LED Light Bulbs 2-Pack,HHC-013,1,Regular,$2.49,$0.00,$2.49,$0.17,SQ20250604011018,PMT20250604011018,Register 2,,,Payment,Corner Store #1,,,,
06/04/2025,10:42:25 AM,America/Chicago,Snacks,Rice Cakes Snack Pack,SNK-013,3,Regular,$5.97,$0.00,$5.97,$0.42,SQ20250604011018,PMT20250604011018,Register 2,,,Payment,Corner Store #1,,,,
06/04/2025,10:42:25 AM,America/Chicago,Beverages,Sprite 20oz Bottle,BEV-003,1,Regular,$1.49,$0.00,$1.49,$0.10,SQ20250604011018,PMT20250604011018,Register 2,,,Payment,Corner Store #1,,,,
06/05/2025,09:46:47 AM,America/Chicago,Frozen Foods,Frozen Chicken Nuggets Bag,FRZ-005,2,Regular,$6.98,$0.00,$6.98,$0.49,SQ20250605011052,PMT20250605011052,Register 1,,,Payment,Corner Store #1,,Ryan Richardson,CUST384207,9313ea0f-b5d6-4793-8003-fd3ed49bf21a
06/05/2025,09:46:47 AM,America/Chicago,Snacks,Beef Jerky Original 2.85oz,SNK-007,2,Regular,$4.98,$0.00,$4.98,$0.35,SQ20250605011052,PMT20250605011052,Register 2,,,Payment,Corner Store #1,,Ryan Richardson,CUST384207,9313ea0f-b5d6-4793-8003-fd3ed49bf21a
06/05/2025,09:23:51 AM,America/Chicago,Snacks,Rice Cakes Snack Pack,SNK-013,1,Regular,$1.99,$0.00,$1.99,$0.14,SQ20250605011067,PMT20250605011067,Mobile POS,,,Payment,Corner Store #1,,Erin Griffith,CUST173621,0ef40214-014b-4836-87ad-fc55c99cb5f3
06/05/2025,09:23:51 AM,America/Chicago,Health & OTC,Cough Drops Bag,HOT-004,2,Regular,$26.98,$0.00,$26.98,$1.89,SQ20250605011067,PMT20250605011067,Register 1,,,Payment,Corner Store #1,,Erin Griffith,CUST173621,0ef40214-014b-4836-87ad-fc55c99cb5f3
06/05/2025,09:23:51 AM,America/Chicago,Frozen Foods,Frozen Corn Dogs 4-Pack,FRZ-012,1,Regular,$5.99,$0.00,$5.99,$0.42,SQ20250605011067,PMT20250605011067,Register 1,,,Payment,Corner Store #1,,Erin Griffith,CUST173621,0ef40214-014b-4836-87ad-fc55c99cb5f3
06/05/2025,09:23:51 AM,America/Chicago,Health & OTC,Vitamin C Tablets Bottle,HOT-006,2,Regular,$22.98,$0.00,$22.98,$1.61,SQ20250605011067,PMT20250605011067,Register 2,,,Payment,Corner Store #1,,Erin Griffith,CUST173621,0ef40214-014b-4836-87ad-fc55c99cb5f3
06/06/2025,11:23:07 AM,America/Chicago,Dairy,Butter Stick 4oz,DAI-005,3,Regular,$20.97,$0.00,$20.97,$1.47,SQ20250606011089,PMT20250606011089,Register 1,,,Payment,Corner Store #1,,,,
06/06/2025,05:36:03 PM,America/Chicago,Household & Cleaning,Batteries AA 4-Pack,HHC-012,3,Regular,$19.47,$0.00,$19.47,$1.36,SQ20250606011097,PMT20250606011097,Register 1,,,Payment,Corner Store #1,,Michael Travis,CUST252879,92f1d3d0-8111-40f3-a093-e2cf162cf897
06/06/2025,08:28:42 AM,America/Chicago,Candy,Starburst Original Bag,CDY-006,1,Regular,$1.49,$0.00,$1.49,$0.10,SQ20250606011138,PMT20250606011138,Register 2,,,Payment,Corner Store #1,,Clayton Summers,CUST370093,efd9d09a-8a74-419a-88b5-29479814c00c
06/07/2025,07:17:49 PM,America/Chicago,Beverages,Sprite 20oz Bottle,BEV-003,2,Regular,$2.98,$0.00,$2.98,$0.21,SQ20250607011165,PMT20250607011165,Mobile POS,,,Payment,Corner Store #1,,,,
06/07/2025,07:17:49 PM,America/Chicago,Health & OTC,Small Multivitamin Bottle,HOT-007,2,Regular,$10.98,$0.00,$10.98,$0.77,SQ20250607011165,PMT20250607011165,Register 1,,,Payment,Corner Store #1,,,,
06/07/2025,03:06:31 PM,America/Chicago,Personal Care,Bar Soap 2-Pack,PCR-004,3,Regular,$11.97,$0.00,$11.97,$0.84,SQ20250607011182,PMT20250607011182,Mobile POS,,,Payment,Corner Store #1,,,,
06/07/2025,12:10:13 PM,America/Chicago,Health & OTC,First Aid Spray,HOT-009,1,Regular,$10.99,$0.00,$10.99,$0.77,SQ20250607011234,PMT20250607011234,Mobile POS,,,Payment,Corner Store #1,,Kevin Richmond,CUST839439,054038d7-399b-447b-9ca4-b19e5ffdf1cf
06/07/2025,05:01:46 PM,America/Chicago,Beverages,Energy Drink Sugar-Free 16oz,BEV-012,1,Regular,$3.99,$0.00,$3.99,$0.28,SQ20250607011241,PMT20250607011241,Mobile POS,,,Payment,Corner Store #1,,,,
06/07/2025,05:01:46 PM,America/Chicago,Dairy,2% Milk 1 Gallon,DAI-002,1,Regular,$4.49,$0.00,$4.49,$0.31,SQ20250607011241,PMT20250607011241,Mobile POS,,,Payment,Corner Store #1,,,,
06/08/2025,11:50:29 AM,America/Chicago,Snacks,Veggie Straws 1oz,SNK-012,1,Regular,$2.99,$0.00,$2.99,$0.21,SQ20250608011287,PMT20250608011287,Register 2,,,Payment,Corner Store #1,,Gregory Martin,CUST997768,0191073f-8cfc-4112-807e-c4c4b6b4aaa5
06/08/2025,11:50:29 AM,America/Chicago,Frozen Foods,Frozen Mozzarella Sticks Bag,FRZ-013,1,Regular,$6.49,$0.00,$6.49,$0.45,SQ20250608011287,PMT20250608011287,Register 1,,,Payment,Corner Store #1,,Gregory Martin,CUST997768,0191073f-8cfc-4112-807e-c4c4b6b4aaa5
06/08/2025,11:50:29 AM,America/Chicago,Household & Cleaning,Air Freshener Spray,HHC-011,1,Regular,$6.49,$0.00,$6.49,$0.45,SQ20250608011287,PMT20250608011287,Mobile POS,,,Payment,Corner Store #1,,Gregory Martin,CUST997768,0191073f-8cfc-4112-807e-c4c4b6b4aaa5
06/08/2025,11:50:29 AM,America/Chicago,Health & OTC,Digital Thermometer,HOT-012,1,Regular,$3.99,-$0.40,$3.59,$0.25,SQ20250608011287,PMT20250608011287,Register 1,,,Payment,Corner Store #1,,Gregory Martin,CUST997768,0191073f-8cfc-4112-807e-c4c4b6b4aaa5
06/08/2025,11:03:14 AM,America/Chicago,Candy,Kit Kat Bar,CDY-007,1,Regular,$2.99,$0.00,$2.99,$0.21,SQ20250608011302,PMT20250608011302,Register 1,,,Payment,Corner Store #1,,,,
06/08/2025,11:03:14 AM,America/Chicago,Grocery & Pantry,Pasta Sauce Jar,GRO-003,1,Regular,$4.99,$0.00,$4.99,$0.35,SQ20250608011302,PMT20250608011302,Register 1,,,Payment,Corner Store #1,,,,
06/08/2025,11:03:14 AM,America/Chicago,Bakery,Hamburger Buns 8-Pack,BAK-013,2,Regular,$5.98,$0.00,$5.98,$0.42,SQ20250608011302,PMT20250608011302,Register 1,,,Payment,Corner Store #1,,,,
06/08/2025,11:03:14 AM,America/Chicago,Frozen Foods,Frozen French Fries Bag,FRZ-004,1,Regular,$5.99,$0.00,$5.99,$0.42,SQ20250608011302,PMT20250608011302,Mobile POS,,,Payment,Corner Store #1,,,,
06/08/2025,08:26:32 AM,America/Chicago,Bakery,Cinnamon Roll,BAK-010,1,Regular,$5.49,$0.00,$5.49,$0.38,SQ20250608011311,PMT20250608011311,Register 2,,,Payment,Corner Store #1,,,,
06/08/2025,08:26:32 AM,America/Chicago,Grocery & Pantry,Peanut Butter Jar,GRO-007,2,Regular,$3.98,-$0.40,$3.58,$0.25,SQ20250608011311,PMT20250608011311,Register 2,,,Payment,Corner Store #1,,,,
06/08/2025,08:26:32 AM,America/Chicago,Beverages,Bottled Water 16.9oz,BEV-008,1,Regular,$3.99,$0.00,$3.99,$0.28,SQ20250608011311,PMT20250608011311,Register 1,,,Payment,Corner Store #1,,,,
06/08/2025,08:26:32 AM,America/Chicago,Household & Cleaning,Plastic Wrap Roll,HHC-009,1,Regular,$7.49,$0.00,$7.49,$0.52,SQ20250608011311,PMT20250608011311,Mobile POS,,,Payment,Corner Store #1,,,,
06/09/2025,01:59:34 PM,America/Chicago,Beverages,Sparkling Water Lime 12oz,BEV-009,1,Regular,$1.99,$0.00,$1.99,$0.14,SQ20250609011324,PMT20250609011324,Register 1,,,Payment,Corner Store #1,,,,
06/09/2025,10:16:05 AM,America/Chicago,Beverages,Sprite 20oz Bottle,BEV-003,2,Regular,$2.98,$0.00,$2.98,$0.21,SQ20250609011379,PMT20250609011379,Register 2,,,Payment,Corner Store #1,,Crystal Clayton,CUST929064,65dbb404-5b19-4207-b5a8-457d74f894e2
06/09/2025,12:28:57 PM,America/Chicago,Health & OTC,Reading Glasses +2.0,HOT-010,1,Regular,$8.99,-$0.90,$8.09,$0.57,SQ20250609011384,PMT20250609011384,Register 1,,,Payment,Corner Store #1,,,,
06/10/2025,09:43:52 AM,America/Chicago,Household & Cleaning,LED Light Bulbs 2-Pack,HHC-013,1,Regular,$2.49,$0.00,$2.49,$0.17,SQ20250610011429,PMT20250610011429,Register 1,,,Payment,Corner Store #1,,,,
06/10/2025,09:43:52 AM,America/Chicago,Bakery,Banana Bread Slice,BAK-011,1,Regular,$1.99,$0.00,$1.99,$0.14,SQ20250610011429,PMT20250610011429,Register 2,,,Payment,Corner Store #1,,,,
06/10/2025,02:16:11 PM,America/Chicago,Beverages,Coca-Cola 20oz Bottle,BEV-001,3,Regular,$10.47,$0.00,$10.47,$0.73,SQ20250610011434,PMT20250610011434,Mobile POS,,,Payment,Corner Store #1,,Lisa Singh,CUST617560,a3b44efe-25c3-4c9d-a856-1badee287a92
06/10/2025,02:16:11 PM,America/Chicago,Personal Care,Hand Sanitizer 2oz,PCR-007,1,Regular,$3.49,$0.00,$3.49,$0.24,SQ20250610011434,PMT20250610011434,Mobile POS,,,Payment,Corner Store #1,,Lisa Singh,CUST617560,a3b44efe-25c3-4c9d-a856-1badee287a92
06/10/2025,02:16:11 PM,America/Chicago,Snacks,Rice Cakes Snack Pack,SNK-013,3,Regular,$5.97,$0.00,$5.97,$0.42,SQ20250610011434,PMT20250610011434,Register 1,,,Payment,Corner Store #1,,Lisa Singh,CUST617560,a3b44efe-25c3-4c9d-a856-1badee287a92
06/11/2025,08:42:37 PM,America/Chicago,Frozen Foods,Frozen Popsicles 6-Pack,FRZ-015,1,Regular,$4.99,$0.00,$4.99,$0.35,SQ20250611011458,PMT20250611011458,Register 1,,,Payment,Corner Store #1,,Stephanie Salinas,CUST969330,f1578055-c5a7-4a96-b8c4-535c44ac1bbe
06/11/2025,08:42:37 PM,America/Chicago,Dairy,Whole Milk 1 Gallon,DAI-001,1,Regular,$3.49,$0.00,$3.49,$0.24,SQ20250611011458,PMT20250611011458,Register 2,,,Payment,Corner Store #1,,Stephanie Salinas,CUST969330,f1578055-c5a7-4a96-b8c4-535c44ac1bbe
06/11/2025,01:18:42 PM,America/Chicago,Candy,Twix Bar,CDY-008,1,Regular,$1.49,$0.00,$1.49,$0.10,SQ20250611011471,PMT20250611011471,Register 1,,,Payment,Corner Store #1,,,,
06/11/2025,01:18:42 PM,America/Chicago,Snacks,Pita Chips Sea Salt 1.5oz,SNK-015,1,Regular,$3.49,$0.00,$3.49,$0.24,SQ20250611011471,PMT20250611011471,Register 1,,,Payment,Corner Store #1,,,,
06/12/2025,05:30:30 PM,America/Chicago,Beverages,Coca-Cola 20oz Bottle,BEV-001,1,Regular,$3.49,$0.00,$3.49,$0.24,SQ20250612011496,PMT20250612011496,Register 2,,,Payment,Corner Store #1,,Keith Robinson,CUST381291,1ab01dc1-39db-4ebb-b538-c985c533af2d
06/12/2025,11:10:29 AM,America/Chicago,Health & OTC,Acetaminophen Tablets Small Bottle,HOT-002,1,Regular,$10.99,-$1.10,$9.89,$0.69,SQ20250612011513,PMT20250612011513,Mobile POS,,,Payment,Corner Store #1,,,,
06/12/2025,11:10:29 AM,America/Chicago,Beverages,Bottled Water 16.9oz,BEV-008,1,Regular,$3.99,$0.00,$3.99,$0.28,SQ20250612011513,PMT20250612011513,Register 1,,,Payment,Corner Store #1,,,,
06/12/2025,11:10:29 AM,America/Chicago,Health & OTC,Nasal Spray,HOT-013,1,Regular,$12.49,$0.00,$12.49,$0.87,SQ20250612011513,PMT20250612011513,Register 1,,,Payment,Corner Store #1,,,,
06/12/2025,01:04:30 PM,America/Chicago,Personal Care,Cotton Swabs Box,PCR-010,1,Regular,$1.99,$0.00,$1.99,$0.14,SQ20250612011546,PMT20250612011546,Register 1,,,Payment,Corner Store #1,,,,
06/12/2025,01:04:30 PM,America/Chicago,Grocery & Pantry,Pasta Sauce Jar,GRO-003,2,Regular,$9.98,-$1.00,$8.98,$0.63,SQ20250612011546,PMT20250612011546,Register 1,,,Payment,Corner Store #1,,,,
06/13/2025,01:07:44 PM,America/Chicago,Grocery & Pantry,Instant Oatmeal Packets,GRO-010,1,Regular,$1.49,$0.00,$1.49,$0.10,SQ20250613011568,PMT20250613011568,Register 2,,,Payment,Corner Store #1,,Joseph Franklin,CUST804198,da554d25-5d14-4588-898e-6ba4005d55a8
06/13/2025,03:28:39 PM,America/Chicago,Snacks,Lay's Classic Chips 1oz,SNK-001,1,Regular,$1.99,$0.00,$1.99,$0.14,SQ20250613011585,PMT20250613011585,Register 2,,,Payment,Corner Store #1,,,,
06/13/2025,03:28:39 PM,America/Chicago,Beverages,Coca-Cola 20oz Bottle,BEV-001,1,Regular,$3.49,$0.00,$3.49,$0.24,SQ20250613011585,PMT20250613011585,Mobile POS,,,Payment,Corner Store #1,,,,
06/13/2025,01:16:23 PM,America/Chicago,Snacks,Pretzels Snack Bag 1.5oz,SNK-004,1,Regular,$3.99,$0.00,$3.99,$0.28,SQ20250613011620,PMT20250613011620,Register 1,,,Payment,Corner Store #1,,,,
06/14/2025,06:35:50 PM,America/Chicago,Bakery,Banana Bread Slice,BAK-011,1,Regular,$1.99,$0.00,$1.99,$0.14,SQ20250614011654,PMT20250614011654,Register 1,,,Payment,Corner Store #1,,Cody Woods,CUST555848,04a624f3-2318-40a3-8fab-07f40022994c
06/14/2025,06:35:50 PM,America/Chicago,Dairy,Cream Cheese 8oz,DAI-011,1,Regular,$6.99,$0.00,$6.99,$0.49,SQ20250614011654,PMT20250614011654,Register 1,,,Payment,Corner Store #1,,Cody Woods,CUST555848,04a624f3-2318-40a3-8fab-07f40022994c
06/14/2025,06:35:50 PM,America/Chicago,Dairy,2% Milk 1 Gallon,DAI-002,1,Regular,$4.49,$0.00,$4.49,$0.31,SQ20250614011654,PMT20250614011654,Mobile POS,,,Payment,Corner Store #1,,Cody Woods,CUST555848,04a624f3-2318-40a3-8fab-07f40022994c
06/14/2025,09:03:42 AM,America/Chicago,Beverages,Chocolate Milk 14oz,BEV-014,1,Regular,$4.50,$0.00,$4.50,$0.32,SQ20250614011696,PMT20250614011696,Mobile POS,,,Payment,Corner Store #1,,Joy Dorsey,CUST418801,0cc8fa21-b601-45b2-81c3-63cd7add3695
06/14/2025,09:57:46 PM,America/Chicago,Bakery,Flour Tortillas 10-Pack,BAK-015,3,Regular,$8.97,$0.00,$8.97,$0.63,SQ20250614011706,PMT20250614011706,Register 1,,,Payment,Corner Store #1,,,,
06/15/2025,12:29:33 PM,America/Chicago,Beverages,Bottled Water 16.9oz,BEV-008,1,Regular,$3.99,$0.00,$3.99,$0.28,SQ20250615011729,PMT20250615011729,Register 2,,,Payment,Corner Store #1,,,,
06/15/2025,04:40:13 PM,America/Chicago,Beverages,Chocolate Milk 14oz,BEV-014,1,Regular,$4.50,-$0.45,$4.05,$0.28,SQ20250615011737,PMT20250615011737,Register 2,,,Payment,Corner Store #1,,,,
06/15/2025,04:40:13 PM,America/Chicago,Personal Care,Toothbrush Single,PCR-002,1,Regular,$8.49,$0.00,$8.49,$0.59,SQ20250615011737,PMT20250615011737,Register 1,,,Payment,Corner Store #1,,,,
06/15/2025,04:40:13 PM,America/Chicago,Health & OTC,Reading Glasses +2.0,HOT-010,2,Regular,$17.98,$0.00,$17.98,$1.26,SQ20250615011737,PMT20250615011737,Mobile POS,,,Payment,Corner Store #1,,,,
06/15/2025,02:02:38 PM,America/Chicago,Grocery & Pantry,Canned Corn,GRO-005,1,Regular,$4.99,$0.00,$4.99,$0.35,SQ20250615011747,PMT20250615011747,Register 2,,,Payment,Corner Store #1,,,,
06/15/2025,06:30:13 PM,America/Chicago,Bakery,Wheat Sandwich Bread,BAK-002,1,Regular,$5.99,$0.00,$5.99,$0.42,SQ20250615011797,PMT20250615011797,Mobile POS,,,Payment,Corner Store #1,,,,
06/15/2025,06:30:13 PM,America/Chicago,Candy,Kit Kat Bar,CDY-007,1,Regular,$2.99,$0.00,$2.99,$0.21,SQ20250615011797,PMT20250615011797,Mobile POS,,,Payment,Corner Store #1,,,,
06/16/2025,10:30:48 AM,America/Chicago,Health & OTC,Ibuprofen Tablets Small Bottle,HOT-001,1,Regular,$9.49,$0.00,$9.49,$0.66,SQ20250616011881,PMT20250616011881,Register 2,,,Payment,Corner Store #1,,,,
06/16/2025,08:35:33 AM,America/Chicago,Grocery & Pantry,Cooking Oil Small Bottle,GRO-012,1,Regular,$6.49,$0.00,$6.49,$0.45,SQ20250616011884,PMT20250616011884,Register 2,,,Payment,Corner Store #1,,,,
06/16/2025,08:35:33 AM,America/Chicago,Household & Cleaning,Dish Soap 12oz,HHC-003,1,Regular,$5.99,$0.00,$5.99,$0.42,SQ20250616011884,PMT20250616011884,Register 1,,,Payment,Corner Store #1,,,,
06/16/2025,06:33:40 PM,America/Chicago,Health & OTC,Vitamin C Tablets Bottle,HOT-006,1,Regular,$11.49,$0.00,$11.49,$0.80,SQ20250616011888,PMT20250616011888,Register 2,,,Payment,Corner Store #1,,,,
06/17/2025,05:17:43 PM,America/Chicago,Health & OTC,Allergy Relief Tablets,HOT-003,1,Regular,$13.49,$0.00,$13.49,$0.94,SQ20250617011914,PMT20250617011914,Mobile POS,,,Payment,Corner Store #1,,,,
06/17/2025,12:59:20 PM,America/Chicago,Personal Care,Travel Size Body Wash,PCR-014,1,Regular,$5.49,$0.00,$5.49,$0.38,SQ20250617011938,PMT20250617011938,Register 1,,,Payment,Corner Store #1,,Joseph Church,CUST256330,58be6c14-b267-4285-bc57-3da80abe20fe
06/17/2025,12:38:27 PM,America/Chicago,Health & OTC,Digital Thermometer,HOT-012,3,Regular,$11.97,$0.00,$11.97,$0.84,SQ20250617011942,PMT20250617011942,Register 2,,,Payment,Corner Store #1,,,,
06/18/2025,11:38:00 AM,America/Chicago,Household & Cleaning,Trash Bags 13-Gallon 10-Pack,HHC-006,1,Regular,$2.99,$0.00,$2.99,$0.21,SQ20250618011976,PMT20250618011976,Register 1,,,Payment,Corner Store #1,,,,
06/18/2025,08:13:48 AM,America/Chicago,Health & OTC,Cough Drops Bag,HOT-004,2,Regular,$26.98,$0.00,$26.98,$1.89,SQ20250618011980,PMT20250618011980,Mobile POS,,,Payment,Corner Store #1,,Lisa Gray,CUST836380,12456606-596f-46ce-af31-dee881eaa853
06/19/2025,10:04:06 AM,America/Chicago,Frozen Foods,Frozen Breakfast Sandwich,FRZ-008,3,Regular,$19.47,$0.00,$19.47,$1.36,SQ20250619012051,PMT20250619012051,Register 1,,,Payment,Corner Store #1,,Patty Moyer,CUST270717,f21b76e3-4822-42f9-a6d7-8e18a3473f18
06/19/2025,05:52:05 PM,America/Chicago,Health & OTC,Vitamin C Tablets Bottle,HOT-006,1,Regular,$11.49,$0.00,$11.49,$0.80,SQ20250619012081,PMT20250619012081,Register 1,,,Payment,Corner Store #1,,,,
06/19/2025,06:08:32 PM,America/Chicago,Snacks,Rice Cakes Snack Pack,SNK-013,1,Regular,$1.99,$0.00,$1.99,$0.14,SQ20250619012093,PMT20250619012093,Mobile POS,,,Payment,Corner Store #1,,,,
06/19/2025,06:08:32 PM,America/Chicago,Snacks,Pork Rinds 2.5oz,SNK-008,1,Regular,$1.49,-$0.15,$1.34,$0.09,SQ20250619012093,PMT20250619012093,Register 2,,,Payment,Corner Store #1,,,,
06/19/2025,06:08:32 PM,America/Chicago,Household & Cleaning,Batteries AA 4-Pack,HHC-012,1,Regular,$6.49,$0.00,$6.49,$0.45,SQ20250619012093,PMT20250619012093,Register 1,,,Payment,Corner Store #1,,,,
06/20/2025,05:02:11 PM,America/Chicago,Dairy,String Cheese Pack,DAI-007,1,Regular,$3.99,$0.00,$3.99,$0.28,SQ20250620012119,PMT20250620012119,Register 1,,,Payment,Corner Store #1,,Juan Sanford,CUST801031,130aef28-f920-41df-8035-c5551bd12715
06/20/2025,05:02:11 PM,America/Chicago,Beverages,Iced Tea Lemon 18.5oz,BEV-010,1,Regular,$3.49,$0.00,$3.49,$0.24,SQ20250620012119,PMT20250620012119,Register 1,,,Payment,Corner Store #1,,Juan Sanford,CUST801031,130aef28-f920-41df-8035-c5551bd12715
06/20/2025,07:16:28 AM,America/Chicago,Health & OTC,Allergy Relief Tablets,HOT-003,2,Regular,$26.98,$0.00,$26.98,$1.89,SQ20250620012161,PMT20250620012161,Register 1,,,Payment,Corner Store #1,,,,
06/20/2025,07:16:28 AM,America/Chicago,Grocery & Pantry,Canned Tuna,GRO-006,3,Regular,$8.97,$0.00,$8.97,$0.63,SQ20250620012161,PMT20250620012161,Register 2,,,Payment,Corner Store #1,,,,
06/20/2025,05:07:04 PM,America/Chicago,Bakery,Wheat Sandwich Bread,BAK-002,1,Regular,$5.99,$0.00,$5.99,$0.42,SQ20250620012168,PMT20250620012168,Register 2,,,Payment,Corner Store #1,,,,
06/20/2025,05:07:04 PM,America/Chicago,Bakery,Pound Cake Slice,BAK-012,1,Regular,$5.49,$0.00,$5.49,$0.38,SQ20250620012168,PMT20250620012168,Mobile POS,,,Payment,Corner Store #1,,,,
06/20/2025,05:07:04 PM,America/Chicago,Grocery & Pantry,White Rice 2lb Bag,GRO-001,2,Regular,$8.98,-$0.90,$8.08,$0.57,SQ20250620012168,PMT20250620012168,Register 2,,,Payment,Corner Store #1,,,,
06/21/2025,09:35:56 AM,America/Chicago,Beverages,Iced Tea Lemon 18.5oz,BEV-010,1,Regular,$3.49,$0.00,$3.49,$0.24,SQ20250621012194,PMT20250621012194,Mobile POS,,,Payment,Corner Store #1,,Mark Drake,CUST234258,f7009428-53a0-430b-8289-a49ce036f00d
06/21/2025,09:35:56 AM,America/Chicago,Health & OTC,Electrolyte Powder Packet,HOT-008,1,Regular,$10.49,$0.00,$10.49,$0.73,SQ20250621012194,PMT20250621012194,Register 1,,,Payment,Corner Store #1,,Mark Drake,CUST234258,f7009428-53a0-430b-8289-a49ce036f00d
06/21/2025,07:17:18 AM,America/Chicago,Bakery,White Sandwich Bread,BAK-001,1,Regular,$3.49,$0.00,$3.49,$0.24,SQ20250621012223,PMT20250621012223,Register 1,,,Payment,Corner Store #1,,,,
06/21/2025,07:17:18 AM,America/Chicago,Beverages,Pepsi 20oz Bottle,BEV-004,2,Regular,$6.98,$0.00,$6.98,$0.49,SQ20250621012223,PMT20250621012223,Register 2,,,Payment,Corner Store #1,,,,
06/21/2025,07:07:11 AM,America/Chicago,Frozen Foods,Frozen Pot Pie,FRZ-014,2,Regular,$13.98,$0.00,$13.98,$0.98,SQ20250621012242,PMT20250621012242,Mobile POS,,,Payment,Corner Store #1,,,,
06/21/2025,07:07:11 AM,America/Chicago,Frozen Foods,Frozen Waffles 8-Pack,FRZ-007,1,Regular,$6.49,$0.00,$6.49,$0.45,SQ20250621012242,PMT20250621012242,Mobile POS,,,Payment,Corner Store #1,,,,
06/21/2025,07:07:11 AM,America/Chicago,Household & Cleaning,Trash Bags 13-Gallon 10-Pack,HHC-006,1,Regular,$2.99,$0.00,$2.99,$0.21,SQ20250621012242,PMT20250621012242,Mobile POS,,,Payment,Corner Store #1,,,,
06/22/2025,04:13:13 PM,America/Chicago,Personal Care,Bar Soap 2-Pack,PCR-004,1,Regular,$3.99,$0.00,$3.99,$0.28,SQ20250622012255,PMT20250622012255,Register 1,,,Payment,Corner Store #1,,,,
06/22/2025,07:13:42 AM,America/Chicago,Health & OTC,Antacid Tablets Roll,HOT-005,1,Regular,$5.49,$0.00,$5.49,$0.38,SQ20250622012328,PMT20250622012328,Register 1,,,Payment,Corner Store #1,,,,
06/22/2025,07:13:42 AM,America/Chicago,Grocery & Pantry,Instant Ramen Noodles,GRO-011,2,Regular,$6.98,$0.00,$6.98,$0.49,SQ20250622012328,PMT20250622012328,Register 1,,,Payment,Corner Store #1,,,,
06/22/2025,12:50:45 PM,America/Chicago,Health & OTC,Cough Drops Bag,HOT-004,2,Regular,$26.98,-$2.70,$24.28,$1.70,SQ20250622012331,PMT20250622012331,Register 1,,,Payment,Corner Store #1,,,,
06/22/2025,12:50:45 PM,America/Chicago,Health & OTC,Small Multivitamin Bottle,HOT-007,1,Regular,$5.49,$0.00,$5.49,$0.38,SQ20250622012331,PMT20250622012331,Register 1,,,Payment,Corner Store #1,,,,
06/23/2025,08:24:31 AM,America/Chicago,Frozen Foods,Frozen Cheese Pizza,FRZ-002,1,Regular,$7.99,$0.00,$7.99,$0.56,SQ20250623012375,PMT20250623012375,Mobile POS,,,Payment,Corner Store #1,,Justin Mcdowell,CUST770838,7d82e0de-e3cc-4771-866e-f0cdd2ea243c
06/23/2025,08:24:31 AM,America/Chicago,Beverages,Diet Coke 20oz Bottle,BEV-002,1,Regular,$3.49,$0.00,$3.49,$0.24,SQ20250623012375,PMT20250623012375,Register 1,,,Payment,Corner Store #1,,Justin Mcdowell,CUST770838,7d82e0de-e3cc-4771-866e-f0cdd2ea243c
06/23/2025,12:13:17 PM,America/Chicago,Beverages,Bottled Water 16.9oz,BEV-008,1,Regular,$3.99,$0.00,$3.99,$0.28,SQ20250623012379,PMT20250623012379,Register 2,,,Payment,Corner Store #1,,Monique Lynch,CUST861439,a1965413-d881-473a-a99e-7d01e5ae81f3
06/23/2025,12:13:17 PM,America/Chicago,Frozen Foods,Frozen Chicken Nuggets Bag,FRZ-005,1,Regular,$3.49,$0.00,$3.49,$0.24,SQ20250623012379,PMT20250623012379,Register 1,,,Payment,Corner Store #1,,Monique Lynch,CUST861439,a1965413-d881-473a-a99e-7d01e5ae81f3
06/23/2025,12:13:17 PM,America/Chicago,Personal Care,Hand Sanitizer 2oz,PCR-007,1,Regular,$3.49,$0.00,$3.49,$0.24,SQ20250623012379,PMT20250623012379,Mobile POS,,,Payment,Corner Store #1,,Monique Lynch,CUST861439,a1965413-d881-473a-a99e-7d01e5ae81f3
06/24/2025,06:23:57 PM,America/Chicago,Snacks,Trail Mix Pouch 2oz,SNK-006,1,Regular,$3.99,$0.00,$3.99,$0.28,SQ20250624012439,PMT20250624012439,Mobile POS,,,Payment,Corner Store #1,,,,
06/24/2025,06:23:57 PM,America/Chicago,Snacks,Cheese Crackers Pack,SNK-009,1,Regular,$3.49,$0.00,$3.49,$0.24,SQ20250624012439,PMT20250624012439,Register 2,,,Payment,Corner Store #1,,,,
06/24/2025,06:23:57 PM,America/Chicago,Beverages,Orange Juice 12oz,BEV-013,3,Regular,$7.47,$0.00,$7.47,$0.52,SQ20250624012439,PMT20250624012439,Register 1,,,Payment,Corner Store #1,,,,
06/24/2025,06:57:50 PM,America/Chicago,Household & Cleaning,Matches Box,HHC-014,1,Regular,$11.49,$0.00,$11.49,$0.80,SQ20250624012443,PMT20250624012443,Mobile POS,,,Payment,Corner Store #1,,,,
06/24/2025,06:57:50 PM,America/Chicago,Frozen Foods,Frozen Chicken Nuggets Bag,FRZ-005,1,Regular,$3.49,$0.00,$3.49,$0.24,SQ20250624012443,PMT20250624012443,Register 1,,,Payment,Corner Store #1,,,,
06/24/2025,06:57:50 PM,America/Chicago,Frozen Foods,Frozen Vanilla Ice Cream Pint,FRZ-010,1,Regular,$3.49,$0.00,$3.49,$0.24,SQ20250624012443,PMT20250624012443,Register 2,,,Payment,Corner Store #1,,,,
06/25/2025,05:50:42 PM,America/Chicago,Beverages,Bottled Water 16.9oz,BEV-008,3,Regular,$11.97,$0.00,$11.97,$0.84,SQ20250625012479,PMT20250625012479,Register 2,,,Payment,Corner Store #1,,David Montgomery,CUST954977,5578126e-a06a-493d-81d2-3fc9b44df4b5
06/25/2025,05:50:42 PM,America/Chicago,Personal Care,Travel Size Body Wash,PCR-014,2,Regular,$10.98,$0.00,$10.98,$0.77,SQ20250625012479,PMT20250625012479,Mobile POS,,,Payment,Corner Store #1,,David Montgomery,CUST954977,5578126e-a06a-493d-81d2-3fc9b44df4b5
06/25/2025,05:50:42 PM,America/Chicago,Beverages,Iced Tea Lemon 18.5oz,BEV-010,1,Regular,$3.49,-$0.35,$3.14,$0.22,SQ20250625012479,PMT20250625012479,Mobile POS,,,Payment,Corner Store #1,,David Montgomery,CUST954977,5578126e-a06a-493d-81d2-3fc9b44df4b5
06/25/2025,05:50:42 PM,America/Chicago,Dairy,2% Milk 1 Gallon,DAI-002,1,Regular,$4.49,$0.00,$4.49,$0.31,SQ20250625012479,PMT20250625012479,Register 1,,,Payment,Corner Store #1,,David Montgomery,CUST954977,5578126e-a06a-493d-81d2-3fc9b44df4b5
06/25/2025,06:47:37 PM,America/Chicago,Snacks,Doritos Nacho Cheese 1oz,SNK-002,1,Regular,$2.49,$0.00,$2.49,$0.17,SQ20250625012489,PMT20250625012489,Mobile POS,,,Payment,Corner Store #1,,,,
06/26/2025,01:04:41 PM,America/Chicago,Beverages,Iced Latte Bottle 13oz,BEV-015,1,Regular,$1.99,$0.00,$1.99,$0.14,SQ20250626012504,PMT20250626012504,Register 1,,,Payment,Corner Store #1,,,,
06/26/2025,01:04:41 PM,America/Chicago,Snacks,Pita Chips Sea Salt 1.5oz,SNK-015,1,Regular,$3.49,$0.00,$3.49,$0.24,SQ20250626012504,PMT20250626012504,Register 2,,,Payment,Corner Store #1,,,,
06/26/2025,01:04:41 PM,America/Chicago,Beverages,Sprite 20oz Bottle,BEV-003,2,Regular,$2.98,$0.00,$2.98,$0.21,SQ20250626012504,PMT20250626012504,Register 1,,,Payment,Corner Store #1,,,,
06/26/2025,01:04:41 PM,America/Chicago,Frozen Foods,Frozen Corn Dogs 4-Pack,FRZ-012,1,Regular,$5.99,$0.00,$5.99,$0.42,SQ20250626012504,PMT20250626012504,Register 2,,,Payment,Corner Store #1,,,,
06/26/2025,07:52:45 PM,America/Chicago,Bakery,Wheat Sandwich Bread,BAK-002,2,Regular,$11.98,$0.00,$11.98,$0.84,SQ20250626012541,PMT20250626012541,Mobile POS,,,Payment,Corner Store #1,,,,
06/27/2025,05:48:16 PM,America/Chicago,Beverages,Energy Drink Sugar-Free 16oz,BEV-012,2,Regular,$7.98,$0.00,$7.98,$0.56,SQ20250627012547,PMT20250627012547,Register 1,,,Payment,Corner Store #1,,,,
06/27/2025,05:48:16 PM,America/Chicago,Personal Care,Band-Aids Box,PCR-011,1,Regular,$5.49,$0.00,$5.49,$0.38,SQ20250627012547,PMT20250627012547,Mobile POS,,,Payment,Corner Store #1,,,,
06/27/2025,01:26:30 PM,America/Chicago,Snacks,Lay's Classic Chips 1oz,SNK-001,1,Regular,$1.99,-$0.20,$1.79,$0.13,SQ20250627012568,PMT20250627012568,Mobile POS,,,Payment,Corner Store #1,,,,
06/27/2025,01:26:30 PM,America/Chicago,Snacks,Lay's Classic Chips 1oz,SNK-001,1,Regular,$1.99,$0.00,$1.99,$0.14,SQ20250627012568,PMT20250627012568,Mobile POS,,,Payment,Corner Store #1,,,,
06/27/2025,01:26:30 PM,America/Chicago,Bakery,Dinner Rolls 8-Pack,BAK-009,1,Regular,$2.49,$0.00,$2.49,$0.17,SQ20250627012568,PMT20250627012568,Mobile POS,,,Payment,Corner Store #1,,,,
06/27/2025,11:58:09 AM,America/Chicago,Bakery,Chocolate Donut,BAK-007,1,Regular,$1.99,$0.00,$1.99,$0.14,SQ20250627012580,PMT20250627012580,Register 2,,,Payment,Corner Store #1,,,,
06/27/2025,11:58:09 AM,America/Chicago,Personal Care,Travel Size Body Wash,PCR-014,1,Regular,$5.49,$0.00,$5.49,$0.38,SQ20250627012580,PMT20250627012580,Register 1,,,Payment,Corner Store #1,,,,
06/27/2025,11:58:09 AM,America/Chicago,Dairy,2% Milk 1 Gallon,DAI-002,2,Regular,$8.98,$0.00,$8.98,$0.63,SQ20250627012580,PMT20250627012580,Register 2,,,Payment,Corner Store #1,,,,
06/27/2025,11:58:09 AM,America/Chicago,Dairy,American Cheese Slices,DAI-014,1,Regular,$7.50,$0.00,$7.50,$0.53,SQ20250627012580,PMT20250627012580,Mobile POS,,,Payment,Corner Store #1,,,,
06/28/2025,12:57:28 PM,America/Chicago,Frozen Foods,Frozen Vanilla Ice Cream Pint,FRZ-010,1,Regular,$3.49,$0.00,$3.49,$0.24,SQ20250628012661,PMT20250628012661,Mobile POS,,,Payment,Corner Store #1,,Timothy Hernandez,CUST416830,55d10dfc-9834-402f-8823-e20b08ff7421
06/28/2025,12:57:28 PM,America/Chicago,Personal Care,Bar Soap 2-Pack,PCR-004,1,Regular,$3.99,$0.00,$3.99,$0.28,SQ20250628012661,PMT20250628012661,Register 2,,,Payment,Corner Store #1,,Timothy Hernandez,CUST416830,55d10dfc-9834-402f-8823-e20b08ff7421
06/28/2025,12:57:28 PM,America/Chicago,Beverages,Sprite 20oz Bottle,BEV-003,1,Regular,$1.49,$0.00,$1.49,$0.10,SQ20250628012661,PMT20250628012661,Register 2,,,Payment,Corner Store #1,,Timothy Hernandez,CUST416830,55d10dfc-9834-402f-8823-e20b08ff7421
06/28/2025,10:11:48 AM,America/Chicago,Candy,Starburst Original Bag,CDY-006,2,Regular,$2.98,$0.00,$2.98,$0.21,SQ20250628012665,PMT20250628012665,Mobile POS,,,Payment,Corner Store #1,,,,
06/28/2025,10:11:48 AM,America/Chicago,Health & OTC,Reading Glasses +2.0,HOT-010,1,Regular,$8.99,$0.00,$8.99,$0.63,SQ20250628012665,PMT20250628012665,Mobile POS,,,Payment,Corner Store #1,,,,
06/28/2025,10:11:48 AM,America/Chicago,Beverages,Diet Coke 20oz Bottle,BEV-002,1,Regular,$3.49,$0.00,$3.49,$0.24,SQ20250628012665,PMT20250628012665,Mobile POS,,,Payment,Corner Store #1,,,,
06/28/2025,05:15:00 PM,America/Chicago,Frozen Foods,Frozen Corn Dogs 4-Pack,FRZ-012,1,Regular,$5.99,$0.00,$5.99,$0.42,SQ20250628012681,PMT20250628012681,Mobile POS,,,Payment,Corner Store #1,,Ann Goodwin,CUST343611,2bf23fc0-7393-4a80-a783-621808dc05ef
06/28/2025,05:15:00 PM,America/Chicago,Frozen Foods,Frozen Breakfast Sandwich,FRZ-008,1,Regular,$6.49,$0.00,$6.49,$0.45,SQ20250628012681,PMT20250628012681,Mobile POS,,,Payment,Corner Store #1,,Ann Goodwin,CUST343611,2bf23fc0-7393-4a80-a783-621808dc05ef
06/28/2025,05:15:00 PM,America/Chicago,Health & OTC,Electrolyte Powder Packet,HOT-008,1,Regular,$10.49,$0.00,$10.49,$0.73,SQ20250628012681,PMT20250628012681,Register 1,,,Payment,Corner Store #1,,Ann Goodwin,CUST343611,2bf23fc0-7393-4a80-a783-621808dc05ef
06/28/2025,05:15:00 PM,America/Chicago,Beverages,Energy Drink Original 16oz,BEV-011,1,Regular,$3.49,$0.00,$3.49,$0.24,SQ20250628012681,PMT20250628012681,Register 1,,,Payment,Corner Store #1,,Ann Goodwin,CUST343611,2bf23fc0-7393-4a80-a783-621808dc05ef
06/28/2025,05:17:04 PM,America/Chicago,Beverages,Mountain Dew 20oz Bottle,BEV-005,1,Regular,$3.49,$0.00,$3.49,$0.24,SQ20250628012704,PMT20250628012704,Register 1,,,Payment,Corner Store #1,,,,
06/28/2025,05:17:04 PM,America/Chicago,Frozen Foods,Frozen Waffles 8-Pack,FRZ-007,2,Regular,$12.98,$0.00,$12.98,$0.91,SQ20250628012704,PMT20250628012704,Register 2,,,Payment,Corner Store #1,,,,
06/29/2025,08:49:08 PM,America/Chicago,Health & OTC,Allergy Relief Tablets,HOT-003,1,Regular,$13.49,$0.00,$13.49,$0.94,SQ20250629012752,PMT20250629012752,Register 2,,,Payment,Corner Store #1,,,,
06/29/2025,08:49:08 PM,America/Chicago,Health & OTC,Allergy Relief Tablets,HOT-003,3,Regular,$40.47,$0.00,$40.47,$2.83,SQ20250629012752,PMT20250629012752,Register 1,,,Payment,Corner Store #1,,,,
06/29/2025,08:49:08 PM,America/Chicago,Frozen Foods,Frozen French Fries Bag,FRZ-004,1,Regular,$5.99,$0.00,$5.99,$0.42,SQ20250629012752,PMT20250629012752,Mobile POS,,,Payment,Corner Store #1,,,,
06/29/2025,10:19:23 AM,America/Chicago,Snacks,Pita Chips Sea Salt 1.5oz,SNK-015,1,Regular,$3.49,$0.00,$3.49,$0.24,SQ20250629012770,PMT20250629012770,Register 1,,,Payment,Corner Store #1,,,,
06/29/2025,10:19:23 AM,America/Chicago,Beverages,Mountain Dew 20oz Bottle,BEV-005,1,Regular,$3.49,$0.00,$3.49,$0.24,SQ20250629012770,PMT20250629012770,Register 2,,,Payment,Corner Store #1,,,,
06/29/2025,10:19:23 AM,America/Chicago,Bakery,Wheat Sandwich Bread,BAK-002,2,Regular,$11.98,$0.00,$11.98,$0.84,SQ20250629012770,PMT20250629012770,Mobile POS,,,Payment,Corner Store #1,,,,
06/29/2025,10:19:23 AM,America/Chicago,Bakery,Butter Croissant,BAK-008,2,Regular,$11.98,-$1.20,$10.78,$0.75,SQ20250629012770,PMT20250629012770,Register 2,,,Payment,Corner Store #1,,,,
06/29/2025,03:40:01 PM,America/Chicago,Health & OTC,First Aid Spray,HOT-009,1,Regular,$10.99,$0.00,$10.99,$0.77,SQ20250629012774,PMT20250629012774,Register 2,,,Payment,Corner Store #1,,,,
06/29/2025,03:40:01 PM,America/Chicago,Bakery,Wheat Sandwich Bread,BAK-002,1,Regular,$5.99,$0.00,$5.99,$0.42,SQ20250629012774,PMT20250629012774,Register 2,,,Payment,Corner Store #1,,,,
06/30/2025,08:57:33 AM,America/Chicago,Bakery,Blueberry Muffin,BAK-004,1,Regular,$2.49,$0.00,$2.49,$0.17,SQ20250630012780,PMT20250630012780,Mobile POS,,,Payment,Corner Store #1,,,,
06/30/2025,08:57:33 AM,America/Chicago,Grocery & Pantry,Canned Corn,GRO-005,1,Regular,$4.99,$0.00,$4.99,$0.35,SQ20250630012780,PMT20250630012780,Register 1,,,Payment,Corner Store #1,,,,
06/30/2025,08:57:33 AM,America/Chicago,Personal Care,Bar Soap 2-Pack,PCR-004,1,Regular,$3.99,$0.00,$3.99,$0.28,SQ20250630012780,PMT20250630012780,Register 2,,,Payment,Corner Store #1,,,,
06/30/2025,04:24:50 PM,America/Chicago,Snacks,Tortilla Chips Family Size,SNK-011,1,Regular,$2.99,$0.00,$2.99,$0.21,SQ20250630012838,PMT20250630012838,Register 2,,,Payment,Corner Store #1,,,,
06/30/2025,04:24:50 PM,America/Chicago,Snacks,Doritos Nacho Cheese 1oz,SNK-002,3,Regular,$7.47,$0.00,$7.47,$0.52,SQ20250630012838,PMT20250630012838,Register 1,,,Payment,Corner Store #1,,,,
06/30/2025,04:24:50 PM,America/Chicago,Beverages,Orange Juice 12oz,BEV-013,1,Regular,$2.49,$0.00,$2.49,$0.17,SQ20250630012838,PMT20250630012838,Mobile POS,,,Payment,Corner Store #1,,,,
06/30/2025,11:35:45 AM,America/Chicago,Snacks,Cheese Crackers Pack,SNK-009,2,Regular,$6.98,$0.00,$6.98,$0.49,SQ20250630012851,PMT20250630012851,Register 2,,,Payment,Corner Store #1,,,,
07/01/2025,07:26:51 PM,America/Chicago,Health & OTC,Acetaminophen Tablets Small Bottle,HOT-002,1,Regular,$10.99,$0.00,$10.99,$0.77,SQ20250701012856,PMT20250701012856,Register 2,,,Payment,Corner Store #1,,,,
07/01/2025,07:26:51 PM,America/Chicago,Grocery & Pantry,Spaghetti Pasta Box,GRO-002,1,Regular,$4.99,$0.00,$4.99,$0.35,SQ20250701012856,PMT20250701012856,Register 2,,,Payment,Corner Store #1,,,,
07/01/2025,05:59:47 PM,America/Chicago,Snacks,Veggie Straws 1oz,SNK-012,1,Regular,$2.99,$0.00,$2.99,$0.21,SQ20250701012858,PMT20250701012858,Register 1,,,Payment,Corner Store #1,,Danielle Perkins,CUST296797,678832d0-dcfc-4748-85f9-7eabb43cdbe2
07/01/2025,05:59:47 PM,America/Chicago,Personal Care,Travel Size Shampoo,PCR-005,2,Regular,$7.98,$0.00,$7.98,$0.56,SQ20250701012858,PMT20250701012858,Register 2,,,Payment,Corner Store #1,,Danielle Perkins,CUST296797,678832d0-dcfc-4748-85f9-7eabb43cdbe2
07/01/2025,05:59:47 PM,America/Chicago,Beverages,Diet Coke 20oz Bottle,BEV-002,1,Regular,$3.49,-$0.35,$3.14,$0.22,SQ20250701012858,PMT20250701012858,Register 2,,,Payment,Corner Store #1,,Danielle Perkins,CUST296797,678832d0-dcfc-4748-85f9-7eabb43cdbe2
07/01/2025,11:35:45 AM,America/Chicago,Household & Cleaning,Aluminum Foil Roll,HHC-008,2,Regular,$8.98,-$0.90,$8.08,$0.57,SQ20250701012882,PMT20250701012882,Register 1,,,Payment,Corner Store #1,,,,
07/01/2025,11:35:45 AM,America/Chicago,Household & Cleaning,Laundry Detergent Small,HHC-004,1,Regular,$6.49,$0.00,$6.49,$0.45,SQ20250701012882,PMT20250701012882,Register 2,,,Payment,Corner Store #1,,,,
07/01/2025,11:35:45 AM,America/Chicago,Beverages,Orange Juice 12oz,BEV-013,1,Regular,$2.49,$0.00,$2.49,$0.17,SQ20250701012882,PMT20250701012882,Mobile POS,,,Payment,Corner Store #1,,,,
07/01/2025,11:35:45 AM,America/Chicago,Frozen Foods,Frozen French Fries Bag,FRZ-004,1,Regular,$5.99,$0.00,$5.99,$0.42,SQ20250701012882,PMT20250701012882,Register 1,,,Payment,Corner Store #1,,,,
07/02/2025,10:19:27 AM,America/Chicago,Beverages,Sprite 20oz Bottle,BEV-003,1,Regular,$1.49,$0.00,$1.49,$0.10,SQ20250702012945,PMT20250702012945,Register 2,,,Payment,Corner Store #1,,Jordan Mason,CUST330334,f93adb04-4d24-4ef6-be50-e2da7bbe4efe
07/02/2025,10:19:27 AM,America/Chicago,Snacks,Rice Cakes Snack Pack,SNK-013,1,Regular,$1.99,$0.00,$1.99,$0.14,SQ20250702012945,PMT20250702012945,Register 2,,,Payment,Corner Store #1,,Jordan Mason,CUST330334,f93adb04-4d24-4ef6-be50-e2da7bbe4efe
07/02/2025,10:19:27 AM,America/Chicago,Health & OTC,Nasal Spray,HOT-013,1,Regular,$12.49,$0.00,$12.49,$0.87,SQ20250702012945,PMT20250702012945,Register 2,,,Payment,Corner Store #1,,Jordan Mason,CUST330334,f93adb04-4d24-4ef6-be50-e2da7bbe4efe
07/02/2025,11:22:14 AM,America/Chicago,Health & OTC,Small Multivitamin Bottle,HOT-007,1,Regular,$5.49,$0.00,$5.49,$0.38,SQ20250702012987,PMT20250702012987,Register 2,,,Payment,Corner Store #1,,,,
07/03/2025,12:07:40 PM,America/Chicago,Beverages,Orange Juice 12oz,BEV-013,1,Regular,$2.49,$0.00,$2.49,$0.17,SQ20250703013016,PMT20250703013016,Register 2,,,Payment,Corner Store #1,,,,
07/03/2025,11:03:21 AM,America/Chicago,Dairy,Butter Stick 4oz,DAI-005,1,Regular,$6.99,$0.00,$6.99,$0.49,SQ20250703013032,PMT20250703013032,Mobile POS,,,Payment,Corner Store #1,,,,
07/03/2025,11:03:21 AM,America/Chicago,Candy,Milky Way Bar,CDY-012,3,Regular,$4.47,$0.00,$4.47,$0.31,SQ20250703013032,PMT20250703013032,Register 2,,,Payment,Corner Store #1,,,,
07/03/2025,08:06:15 AM,America/Chicago,Grocery & Pantry,Pasta Sauce Jar,GRO-003,2,Regular,$9.98,$0.00,$9.98,$0.70,SQ20250703013044,PMT20250703013044,Register 2,,,Payment,Corner Store #1,,,,
07/04/2025,08:12:07 AM,America/Chicago,Beverages,Pepsi 20oz Bottle,BEV-004,2,Regular,$6.98,$0.00,$6.98,$0.49,SQ20250704013078,PMT20250704013078,Register 1,,,Payment,Corner Store #1,,,,
07/04/2025,08:12:07 AM,America/Chicago,Snacks,Pretzels Snack Bag 1.5oz,SNK-004,1,Regular,$3.99,$0.00,$3.99,$0.28,SQ20250704013078,PMT20250704013078,Register 2,,,Payment,Corner Store #1,,,,
07/04/2025,04:11:21 PM,America/Chicago,Beverages,Energy Drink Original 16oz,BEV-011,1,Regular,$3.49,$0.00,$3.49,$0.24,SQ20250704013116,PMT20250704013116,Register 1,,,Payment,Corner Store #1,,Sara Kline,CUST865866,129c717f-636d-4e12-a52b-473ad2cdb683
07/04/2025,04:11:21 PM,America/Chicago,Personal Care,Toothbrush Single,PCR-002,1,Regular,$8.49,$0.00,$8.49,$0.59,SQ20250704013116,PMT20250704013116,Mobile POS,,,Payment,Corner Store #1,,Sara Kline,CUST865866,129c717f-636d-4e12-a52b-473ad2cdb683
07/04/2025,08:36:18 AM,America/Chicago,Health & OTC,Digital Thermometer,HOT-012,1,Regular,$3.99,$0.00,$3.99,$0.28,SQ20250704013142,PMT20250704013142,Register 2,,,Payment,Corner Store #1,,Robert Gilmore,CUST227279,6bad2b99-7fa8-4425-a97e-55d446b0eed1
07/04/2025,08:36:18 AM,America/Chicago,Beverages,Bottled Water 16.9oz,BEV-008,1,Regular,$3.99,$0.00,$3.99,$0.28,SQ20250704013142,PMT20250704013142,Mobile POS,,,Payment,Corner Store #1,,Robert Gilmore,CUST227279,6bad2b99-7fa8-4425-a97e-55d446b0eed1
07/05/2025,09:40:09 PM,America/Chicago,Beverages,Energy Drink Original 16oz,BEV-011,1,Regular,$3.49,$0.00,$3.49,$0.24,SQ20250705013163,PMT20250705013163,Mobile POS,,,Payment,Corner Store #1,,,,
07/05/2025,09:02:59 AM,America/Chicago,Beverages,Energy Drink Sugar-Free 16oz,BEV-012,1,Regular,$3.99,$0.00,$3.99,$0.28,SQ20250705013169,PMT20250705013169,Mobile POS,,,Payment,Corner Store #1,,,,
07/05/2025,09:02:59 AM,America/Chicago,Bakery,Banana Bread Slice,BAK-011,3,Regular,$5.97,-$0.60,$5.37,$0.38,SQ20250705013169,PMT20250705013169,Register 2,,,Payment,Corner Store #1,,,,
07/05/2025,08:46:26 AM,America/Chicago,Bakery,Bagels Plain 6-Pack,BAK-003,2,Regular,$10.98,$0.00,$10.98,$0.77,SQ20250705013216,PMT20250705013216,Register 1,,,Payment,Corner Store #1,,,,
07/05/2025,08:46:26 AM,America/Chicago,Personal Care,Cotton Swabs Box,PCR-010,1,Regular,$1.99,$0.00,$1.99,$0.14,SQ20250705013216,PMT20250705013216,Register 1,,,Payment,Corner Store #1,,,,
07/05/2025,08:46:26 AM,America/Chicago,Personal Care,Toothpaste Tube,PCR-001,2,Regular,$11.98,$0.00,$11.98,$0.84,SQ20250705013216,PMT20250705013216,Register 2,,,Payment,Corner Store #1,,,,
07/05/2025,08:46:26 AM,America/Chicago,Snacks,Tortilla Chips Family Size,SNK-011,2,Regular,$5.98,$0.00,$5.98,$0.42,SQ20250705013216,PMT20250705013216,Register 2,,,Payment,Corner Store #1,,,,
07/05/2025,08:46:26 AM,America/Chicago,Beverages,Orange Juice 12oz,BEV-013,3,Regular,$7.47,$0.00,$7.47,$0.52,SQ20250705013216,PMT20250705013216,Register 1,,,Payment,Corner Store #1,,,,
07/05/2025,10:35:46 AM,America/Chicago,Dairy,Whole Milk 1 Gallon,DAI-001,1,Regular,$3.49,$0.00,$3.49,$0.24,SQ20250705013226,PMT20250705013226,Register 1,,,Payment,Corner Store #1,,,,
07/05/2025,10:35:46 AM,America/Chicago,Snacks,Pork Rinds 2.5oz,SNK-008,1,Regular,$1.49,$0.00,$1.49,$0.10,SQ20250705013226,PMT20250705013226,Register 1,,,Payment,Corner Store #1,,,,
07/05/2025,10:35:46 AM,America/Chicago,Personal Care,Toothbrush Single,PCR-002,1,Regular,$8.49,$0.00,$8.49,$0.59,SQ20250705013226,PMT20250705013226,Register 2,,,Payment,Corner Store #1,,,,
07/05/2025,10:35:46 AM,America/Chicago,Personal Care,Toothbrush Single,PCR-002,1,Regular,$8.49,$0.00,$8.49,$0.59,SQ20250705013226,PMT20250705013226,Mobile POS,,,Payment,Corner Store #1,,,,
07/06/2025,06:44:31 PM,America/Chicago,Bakery,White Sandwich Bread,BAK-001,1,Regular,$3.49,$0.00,$3.49,$0.24,SQ20250706013279,PMT20250706013279,Register 2,,,Payment,Corner Store #1,,,,
07/06/2025,11:27:14 AM,America/Chicago,Snacks,Lay's Classic Chips 1oz,SNK-001,1,Regular,$1.99,$0.00,$1.99,$0.14,SQ20250706013285,PMT20250706013285,Mobile POS,,,Payment,Corner Store #1,,,,
07/06/2025,04:30:05 PM,America/Chicago,Bakery,Blueberry Muffin,BAK-004,1,Regular,$2.49,$0.00,$2.49,$0.17,SQ20250706013310,PMT20250706013310,Register 1,,,Payment,Corner Store #1,,,,
07/07/2025,05:45:34 PM,America/Chicago,Frozen Foods,Frozen Burritos 4-Pack,FRZ-003,2,Regular,$17.98,$0.00,$17.98,$1.26,SQ20250707013352,PMT20250707013352,Register 1,,,Payment,Corner Store #1,,,,
07/07/2025,02:05:36 PM,America/Chicago,Snacks,Pork Rinds 2.5oz,SNK-008,1,Regular,$1.49,$0.00,$1.49,$0.10,SQ20250707013353,PMT20250707013353,Register 1,,,Payment,Corner Store #1,,,,
07/07/2025,02:05:36 PM,America/Chicago,Personal Care,Disposable Razors 2-Pack,PCR-009,1,Regular,$7.49,$0.00,$7.49,$0.52,SQ20250707013353,PMT20250707013353,Register 2,,,Payment,Corner Store #1,,,,
07/08/2025,12:50:47 PM,America/Chicago,Snacks,Lay's Classic Chips 1oz,SNK-001,2,Regular,$3.98,$0.00,$3.98,$0.28,SQ20250708013397,PMT20250708013397,Register 2,,,Payment,Corner Store #1,,,,
07/08/2025,10:57:06 AM,America/Chicago,Dairy,Shredded Cheddar Cheese 8oz,DAI-006,1,Regular,$5.99,$0.00,$5.99,$0.42,SQ20250708013418,PMT20250708013418,Register 1,,,Payment,Corner Store #1,,,,
07/08/2025,10:57:06 AM,America/Chicago,Snacks,Lay's Classic Chips 1oz,SNK-001,1,Regular,$1.99,-$0.20,$1.79,$0.13,SQ20250708013418,PMT20250708013418,Register 2,,,Payment,Corner Store #1,,,,
07/08/2025,10:57:06 AM,America/Chicago,Personal Care,Travel Size Body Wash,PCR-014,1,Regular,$5.49,$0.00,$5.49,$0.38,SQ20250708013418,PMT20250708013418,Register 2,,,Payment,Corner Store #1,,,,
07/09/2025,07:47:21 PM,America/Chicago,Beverages,Energy Drink Sugar-Free 16oz,BEV-012,1,Regular,$3.99,$0.00,$3.99,$0.28,SQ20250709013435,PMT20250709013435,Mobile POS,,,Payment,Corner Store #1,,,,
07/09/2025,05:49:09 PM,America/Chicago,Candy,Snickers Bar,CDY-001,1,Regular,$2.49,$0.00,$2.49,$0.17,SQ20250709013481,PMT20250709013481,Register 2,,,Payment,Corner Store #1,,Janet Smith,CUST270769,0571cc8d-f710-4c89-ab7c-bb920bf9924d
07/10/2025,07:23:17 PM,America/Chicago,Grocery & Pantry,White Rice 2lb Bag,GRO-001,2,Regular,$8.98,$0.00,$8.98,$0.63,SQ20250710013507,PMT20250710013507,Mobile POS,,,Payment,Corner Store #1,,,,
07/10/2025,11:31:40 AM,America/Chicago,Snacks,Doritos Nacho Cheese 1oz,SNK-002,1,Regular,$2.49,$0.00,$2.49,$0.17,SQ20250710013528,PMT20250710013528,Register 2,,,Payment,Corner Store #1,,Garrett Peterson,CUST677735,050fd4d6-70fe-4ca2-8cec-314982f8065a
07/10/2025,11:31:40 AM,America/Chicago,Frozen Foods,Frozen Chicken Nuggets Bag,FRZ-005,1,Regular,$3.49,$0.00,$3.49,$0.24,SQ20250710013528,PMT20250710013528,Register 2,,,Payment,Corner Store #1,,Garrett Peterson,CUST677735,050fd4d6-70fe-4ca2-8cec-314982f8065a
07/11/2025,05:32:50 PM,America/Chicago,Bakery,Dinner Rolls 8-Pack,BAK-009,1,Regular,$2.49,$0.00,$2.49,$0.17,SQ20250711013558,PMT20250711013558,Register 1,,,Payment,Corner Store #1,,,,
07/11/2025,09:03:27 PM,America/Chicago,Household & Cleaning,Plastic Wrap Roll,HHC-009,3,Regular,$22.47,$0.00,$22.47,$1.57,SQ20250711013565,PMT20250711013565,Mobile POS,,,Payment,Corner Store #1,,,,
07/11/2025,09:03:27 PM,America/Chicago,Household & Cleaning,Paper Towels 2-Pack,HHC-001,1,Regular,$9.49,$0.00,$9.49,$0.66,SQ20250711013565,PMT20250711013565,Register 1,,,Payment,Corner Store #1,,,,
07/11/2025,09:25:04 AM,America/Chicago,Frozen Foods,Frozen Burritos 4-Pack,FRZ-003,2,Regular,$17.98,$0.00,$17.98,$1.26,SQ20250711013587,PMT20250711013587,Register 2,,,Payment,Corner Store #1,,Joseph Lynch,CUST629076,262edf5e-0f4f-4d2b-b039-d524089742f0
07/11/2025,09:25:04 AM,America/Chicago,Dairy,Shredded Cheddar Cheese 8oz,DAI-006,1,Regular,$5.99,$0.00,$5.99,$0.42,SQ20250711013587,PMT20250711013587,Register 1,,,Payment,Corner Store #1,,Joseph Lynch,CUST629076,262edf5e-0f4f-4d2b-b039-d524089742f0
07/12/2025,07:42:27 PM,America/Chicago,Bakery,Chocolate Donut,BAK-007,1,Regular,$1.99,$0.00,$1.99,$0.14,SQ20250712013626,PMT20250712013626,Register 1,,,Payment,Corner Store #1,,,,
07/12/2025,07:42:27 PM,America/Chicago,Grocery & Pantry,Spaghetti Pasta Box,GRO-002,2,Regular,$9.98,$0.00,$9.98,$0.70,SQ20250712013626,PMT20250712013626,Register 1,,,Payment,Corner Store #1,,,,
07/12/2025,11:29:07 AM,America/Chicago,Dairy,Whole Milk Half Gallon,DAI-003,1,Regular,$6.49,$0.00,$6.49,$0.45,SQ20250712013658,PMT20250712013658,Register 1,,,Payment,Corner Store #1,,,,
07/12/2025,11:29:07 AM,America/Chicago,Beverages,Orange Juice 12oz,BEV-013,1,Regular,$2.49,$0.00,$2.49,$0.17,SQ20250712013658,PMT20250712013658,Register 2,,,Payment,Corner Store #1,,,,
07/12/2025,11:29:07 AM,America/Chicago,Frozen Foods,Frozen Pot Pie,FRZ-014,2,Regular,$13.98,$0.00,$13.98,$0.98,SQ20250712013658,PMT20250712013658,Register 2,,,Payment,Corner Store #1,,,,
07/12/2025,07:58:45 PM,America/Chicago,Beverages,Pepsi 20oz Bottle,BEV-004,1,Regular,$3.49,$0.00,$3.49,$0.24,SQ20250712013675,PMT20250712013675,Register 2,,,Payment,Corner Store #1,,,,
07/12/2025,02:02:55 PM,America/Chicago,Beverages,Energy Drink Original 16oz,BEV-011,1,Regular,$3.49,$0.00,$3.49,$0.24,SQ20250712013679,PMT20250712013679,Register 1,,,Payment,Corner Store #1,,,,
07/13/2025,04:10:44 PM,America/Chicago,Bakery,Wheat Sandwich Bread,BAK-002,1,Regular,$5.99,$0.00,$5.99,$0.42,SQ20250713013724,PMT20250713013724,Mobile POS,,,Payment,Corner Store #1,,,,
07/13/2025,04:10:44 PM,America/Chicago,Household & Cleaning,All-Purpose Cleaner Spray,HHC-005,1,Regular,$8.49,$0.00,$8.49,$0.59,SQ20250713013724,PMT20250713013724,Register 1,,,Payment,Corner Store #1,,,,
07/13/2025,08:57:30 PM,America/Chicago,Beverages,Bottled Water 16.9oz,BEV-008,1,Regular,$3.99,$0.00,$3.99,$0.28,SQ20250713013755,PMT20250713013755,Mobile POS,,,Payment,Corner Store #1,,,,
07/13/2025,08:57:30 PM,America/Chicago,Personal Care,Band-Aids Box,PCR-011,1,Regular,$5.49,$0.00,$5.49,$0.38,SQ20250713013755,PMT20250713013755,Register 2,,,Payment,Corner Store #1,,,,
07/13/2025,08:57:30 PM,America/Chicago,Beverages,Pepsi 20oz Bottle,BEV-004,2,Regular,$6.98,$0.00,$6.98,$0.49,SQ20250713013755,PMT20250713013755,Mobile POS,,,Payment,Corner Store #1,,,,
07/13/2025,09:05:49 PM,America/Chicago,Snacks,Mixed Nuts 1.5oz,SNK-014,1,Regular,$1.99,$0.00,$1.99,$0.14,SQ20250713013771,PMT20250713013771,Mobile POS,,,Payment,Corner Store #1,,Sharon Ross,CUST130162,7ed4a540-b5ca-4226-b6c8-226283c7d3fb
07/13/2025,12:17:08 PM,America/Chicago,Snacks,Doritos Nacho Cheese 1oz,SNK-002,1,Regular,$2.49,$0.00,$2.49,$0.17,SQ20250713013786,PMT20250713013786,Register 1,,,Payment,Corner Store #1,,,,
07/14/2025,05:07:35 PM,America/Chicago,Health & OTC,Digital Thermometer,HOT-012,1,Regular,$3.99,$0.00,$3.99,$0.28,SQ20250714013798,PMT20250714013798,Register 2,,,Payment,Corner Store #1,,,,
07/14/2025,08:30:05 AM,America/Chicago,Dairy,Large Eggs Dozen,DAI-004,1,Regular,$2.49,$0.00,$2.49,$0.17,SQ20250714013825,PMT20250714013825,Register 1,,,Payment,Corner Store #1,,Clayton Rogers,CUST545268,eeb78981-91fa-4144-87ee-522e3b6cb551
07/14/2025,08:30:05 AM,America/Chicago,Beverages,Orange Juice 12oz,BEV-013,1,Regular,$2.49,$0.00,$2.49,$0.17,SQ20250714013825,PMT20250714013825,Register 2,,,Payment,Corner Store #1,,Clayton Rogers,CUST545268,eeb78981-91fa-4144-87ee-522e3b6cb551
07/14/2025,08:30:05 AM,America/Chicago,Grocery & Pantry,Pasta Sauce Jar,GRO-003,1,Regular,$4.99,$0.00,$4.99,$0.35,SQ20250714013825,PMT20250714013825,Register 1,,,Payment,Corner Store #1,,Clayton Rogers,CUST545268,eeb78981-91fa-4144-87ee-522e3b6cb551
07/14/2025,08:30:05 AM,America/Chicago,Grocery & Pantry,Instant Oatmeal Packets,GRO-010,2,Regular,$2.98,$0.00,$2.98,$0.21,SQ20250714013825,PMT20250714013825,Mobile POS,,,Payment,Corner Store #1,,Clayton Rogers,CUST545268,eeb78981-91fa-4144-87ee-522e3b6cb551
07/14/2025,08:30:05 AM,America/Chicago,Beverages,Energy Drink Sugar-Free 16oz,BEV-012,1,Regular,$3.99,$0.00,$3.99,$0.28,SQ20250714013825,PMT20250714013825,Register 2,,,Payment,Corner Store #1,,Clayton Rogers,CUST545268,eeb78981-91fa-4144-87ee-522e3b6cb551
07/15/2025,05:11:51 PM,America/Chicago,Household & Cleaning,Matches Box,HHC-014,2,Regular,$22.98,$0.00,$22.98,$1.61,SQ20250715013859,PMT20250715013859,Register 1,,,Payment,Corner Store #1,,Todd Henry,CUST852979,5167a3df-29d2-480a-b5f8-61b01eda228c
07/15/2025,02:52:28 PM,America/Chicago,Health & OTC,Allergy Relief Tablets,HOT-003,1,Regular,$13.49,$0.00,$13.49,$0.94,SQ20250715013863,PMT20250715013863,Register 1,,,Payment,Corner Store #1,,Adam Crawford,CUST408152,2b682bb2-a471-40a6-b24a-803a7ef135fe
07/16/2025,05:18:13 PM,America/Chicago,Snacks,Pita Chips Sea Salt 1.5oz,SNK-015,3,Regular,$10.47,$0.00,$10.47,$0.73,SQ20250716013931,PMT20250716013931,Register 2,,,Payment,Corner Store #1,,Jennifer Fry,CUST312406,be65f35d-b180-474c-b8db-aad1a0db05fa
07/16/2025,05:18:13 PM,America/Chicago,Candy,Milky Way Bar,CDY-012,2,Regular,$2.98,$0.00,$2.98,$0.21,SQ20250716013931,PMT20250716013931,Mobile POS,,,Payment,Corner Store #1,,Jennifer Fry,CUST312406,be65f35d-b180-474c-b8db-aad1a0db05fa
07/16/2025,09:39:54 AM,America/Chicago,Dairy,Whole Milk 1 Gallon,DAI-001,1,Regular,$3.49,$0.00,$3.49,$0.24,SQ20250716013941,PMT20250716013941,Mobile POS,,,Payment,Corner Store #1,,Anthony Lee,CUST862247,437e6068-4ccb-4ee7-b7ea-8daafc46b071
07/16/2025,09:39:54 AM,America/Chicago,Household & Cleaning,Aluminum Foil Roll,HHC-008,1,Regular,$4.49,$0.00,$4.49,$0.31,SQ20250716013941,PMT20250716013941,Mobile POS,,,Payment,Corner Store #1,,Anthony Lee,CUST862247,437e6068-4ccb-4ee7-b7ea-8daafc46b071
07/16/2025,11:44:42 AM,America/Chicago,Personal Care,Hand Sanitizer 2oz,PCR-007,1,Regular,$3.49,$0.00,$3.49,$0.24,SQ20250716013970,PMT20250716013970,Register 2,,,Payment,Corner Store #1,,,,
07/16/2025,11:44:42 AM,America/Chicago,Household & Cleaning,Sandwich Bags Box,HHC-010,1,Regular,$5.99,$0.00,$5.99,$0.42,SQ20250716013970,PMT20250716013970,Register 2,,,Payment,Corner Store #1,,,,
07/16/2025,11:44:42 AM,America/Chicago,Dairy,Shredded Cheddar Cheese 8oz,DAI-006,1,Regular,$5.99,$0.00,$5.99,$0.42,SQ20250716013970,PMT20250716013970,Mobile POS,,,Payment,Corner Store #1,,,,
07/17/2025,12:34:09 PM,America/Chicago,Health & OTC,Digital Thermometer,HOT-012,2,Regular,$7.98,$0.00,$7.98,$0.56,SQ20250717014001,PMT20250717014001,Mobile POS,,,Payment,Corner Store #1,,James Morales,CUST584834,0d44fa84-d006-4c8f-ad99-b04454a51767
07/17/2025,12:34:09 PM,America/Chicago,Health & OTC,First Aid Spray,HOT-009,1,Regular,$10.99,-$1.10,$9.89,$0.69,SQ20250717014001,PMT20250717014001,Register 1,,,Payment,Corner Store #1,,James Morales,CUST584834,0d44fa84-d006-4c8f-ad99-b04454a51767
07/17/2025,07:37:06 PM,America/Chicago,Health & OTC,Digital Thermometer,HOT-012,2,Regular,$7.98,$0.00,$7.98,$0.56,SQ20250717014014,PMT20250717014014,Mobile POS,,,Payment,Corner Store #1,,Briana Taylor,CUST179294,2877e76a-56c6-40c8-8325-96e49bba3501
07/18/2025,08:28:17 AM,America/Chicago,Personal Care,Hair Gel Small,PCR-013,1,Regular,$7.49,$0.00,$7.49,$0.52,SQ20250718014060,PMT20250718014060,Register 2,,,Payment,Corner Store #1,,,,
07/18/2025,05:02:58 PM,America/Chicago,Candy,Life Savers Roll,CDY-015,1,Regular,$2.99,$0.00,$2.99,$0.21,SQ20250718014063,PMT20250718014063,Mobile POS,,,Payment,Corner Store #1,,Scott Moore,CUST714205,67f67fc3-ebe7-4a06-a6dc-35676bedefb2
07/18/2025,07:22:40 AM,America/Chicago,Snacks,Lay's Classic Chips 1oz,SNK-001,1,Regular,$1.99,$0.00,$1.99,$0.14,SQ20250718014105,PMT20250718014105,Mobile POS,,,Payment,Corner Store #1,,,,
07/19/2025,12:40:02 PM,America/Chicago,Beverages,Energy Drink Original 16oz,BEV-011,1,Regular,$3.49,$0.00,$3.49,$0.24,SQ20250719014116,PMT20250719014116,Mobile POS,,,Payment,Corner Store #1,,,,
07/19/2025,07:59:29 PM,America/Chicago,Health & OTC,Antibacterial Ointment Tube,HOT-015,1,Regular,$9.99,$0.00,$9.99,$0.70,SQ20250719014168,PMT20250719014168,Register 1,,,Payment,Corner Store #1,,,,
07/19/2025,07:59:29 PM,America/Chicago,Snacks,Pita Chips Sea Salt 1.5oz,SNK-015,3,Regular,$10.47,-$1.05,$9.42,$0.66,SQ20250719014168,PMT20250719014168,Register 2,,,Payment,Corner Store #1,,,,
07/19/2025,07:59:29 PM,America/Chicago,Candy,Tic Tac Mints,CDY-014,1,Regular,$2.99,$0.00,$2.99,$0.21,SQ20250719014168,PMT20250719014168,Register 2,,,Payment,Corner Store #1,,,,
07/19/2025,08:47:03 AM,America/Chicago,Health & OTC,Reading Glasses +2.0,HOT-010,1,Regular,$8.99,$0.00,$8.99,$0.63,SQ20250719014169,PMT20250719014169,Mobile POS,,,Payment,Corner Store #1,,,,
07/20/2025,09:34:49 AM,America/Chicago,Household & Cleaning,Batteries AA 4-Pack,HHC-012,2,Regular,$12.98,$0.00,$12.98,$0.91,SQ20250720014222,PMT20250720014222,Register 1,,,Payment,Corner Store #1,,,,
07/20/2025,01:30:58 PM,America/Chicago,Frozen Foods,Frozen Pepperoni Pizza,FRZ-001,1,Regular,$8.49,$0.00,$8.49,$0.59,SQ20250720014266,PMT20250720014266,Register 1,,,Payment,Corner Store #1,,,,
07/20/2025,01:30:58 PM,America/Chicago,Candy,Starburst Original Bag,CDY-006,2,Regular,$2.98,$0.00,$2.98,$0.21,SQ20250720014266,PMT20250720014266,Register 1,,,Payment,Corner Store #1,,,,
07/20/2025,01:30:58 PM,America/Chicago,Dairy,Cream Cheese 8oz,DAI-011,1,Regular,$6.99,$0.00,$6.99,$0.49,SQ20250720014266,PMT20250720014266,Register 1,,,Payment,Corner Store #1,,,,
07/20/2025,12:05:12 PM,America/Chicago,Candy,3 Musketeers Bar,CDY-013,1,Regular,$1.99,$0.00,$1.99,$0.14,SQ20250720014269,PMT20250720014269,Mobile POS,,,Payment,Corner Store #1,,Kimberly Johnson,CUST138930,47298073-df66-42d9-86e0-3c9e9bd4a2fd
07/20/2025,12:05:12 PM,America/Chicago,Personal Care,Hand Sanitizer 2oz,PCR-007,1,Regular,$3.49,$0.00,$3.49,$0.24,SQ20250720014269,PMT20250720014269,Register 2,,,Payment,Corner Store #1,,Kimberly Johnson,CUST138930,47298073-df66-42d9-86e0-3c9e9bd4a2fd
07/21/2025,07:28:57 AM,America/Chicago,Bakery,Glazed Donut,BAK-006,1,Regular,$4.99,$0.00,$4.99,$0.35,SQ20250721014297,PMT20250721014297,Register 1,,,Payment,Corner Store #1,,Michael Evans,CUST628314,03a00991-fbd1-47a8-b943-44b1826a9f3f
07/21/2025,07:28:57 AM,America/Chicago,Candy,Life Savers Roll,CDY-015,1,Regular,$2.99,$0.00,$2.99,$0.21,SQ20250721014297,PMT20250721014297,Register 2,,,Payment,Corner Store #1,,Michael Evans,CUST628314,03a00991-fbd1-47a8-b943-44b1826a9f3f
07/21/2025,01:23:34 PM,America/Chicago,Snacks,Pretzels Snack Bag 1.5oz,SNK-004,1,Regular,$3.99,$0.00,$3.99,$0.28,SQ20250721014333,PMT20250721014333,Mobile POS,,,Payment,Corner Store #1,,,,
07/21/2025,01:23:34 PM,America/Chicago,Candy,Starburst Original Bag,CDY-006,1,Regular,$1.49,$0.00,$1.49,$0.10,SQ20250721014333,PMT20250721014333,Register 1,,,Payment,Corner Store #1,,,,
07/21/2025,01:23:34 PM,America/Chicago,Snacks,Pita Chips Sea Salt 1.5oz,SNK-015,1,Regular,$3.49,$0.00,$3.49,$0.24,SQ20250721014333,PMT20250721014333,Register 1,,,Payment,Corner Store #1,,,,
07/22/2025,11:03:35 AM,America/Chicago,Personal Care,Cotton Swabs Box,PCR-010,1,Regular,$1.99,$0.00,$1.99,$0.14,SQ20250722014341,PMT20250722014341,Mobile POS,,,Payment,Corner Store #1,,,,
07/22/2025,11:03:35 AM,America/Chicago,Beverages,Bottled Water 16.9oz,BEV-008,1,Regular,$3.99,$0.00,$3.99,$0.28,SQ20250722014341,PMT20250722014341,Register 2,,,Payment,Corner Store #1,,,,
07/22/2025,12:19:52 PM,America/Chicago,Beverages,Sprite 20oz Bottle,BEV-003,1,Regular,$1.49,$0.00,$1.49,$0.10,SQ20250722014345,PMT20250722014345,Register 2,,,Payment,Corner Store #1,,,,
07/22/2025,12:19:52 PM,America/Chicago,Candy,M&M's Plain Bag,CDY-003,1,Regular,$1.99,$0.00,$1.99,$0.14,SQ20250722014345,PMT20250722014345,Register 1,,,Payment,Corner Store #1,,,,
07/22/2025,12:19:52 PM,America/Chicago,Frozen Foods,Frozen Breakfast Sandwich,FRZ-008,2,Regular,$12.98,$0.00,$12.98,$0.91,SQ20250722014345,PMT20250722014345,Register 1,,,Payment,Corner Store #1,,,,
07/23/2025,04:22:27 PM,America/Chicago,Snacks,Pita Chips Sea Salt 1.5oz,SNK-015,3,Regular,$10.47,$0.00,$10.47,$0.73,SQ20250723014396,PMT20250723014396,Register 1,,,Payment,Corner Store #1,,,,
07/23/2025,04:22:27 PM,America/Chicago,Frozen Foods,Frozen Mozzarella Sticks Bag,FRZ-013,1,Regular,$6.49,$0.00,$6.49,$0.45,SQ20250723014396,PMT20250723014396,Register 1,,,Payment,Corner Store #1,,,,
07/23/2025,07:27:50 PM,America/Chicago,Grocery & Pantry,Cereal Small Box,GRO-009,2,Regular,$2.98,$0.00,$2.98,$0.21,SQ20250723014442,PMT20250723014442,Mobile POS,,,Payment,Corner Store #1,,Philip Sheppard,CUST314176,0c0d20d9-1e50-4261-9f81-ee4a0961c221
07/23/2025,07:27:50 PM,America/Chicago,Grocery & Pantry,Cooking Oil Small Bottle,GRO-012,1,Regular,$6.49,$0.00,$6.49,$0.45,SQ20250723014442,PMT20250723014442,Register 2,,,Payment,Corner Store #1,,Philip Sheppard,CUST314176,0c0d20d9-1e50-4261-9f81-ee4a0961c221
07/23/2025,07:27:50 PM,America/Chicago,Dairy,Butter Stick 4oz,DAI-005,1,Regular,$6.99,$0.00,$6.99,$0.49,SQ20250723014442,PMT20250723014442,Register 2,,,Payment,Corner Store #1,,Philip Sheppard,CUST314176,0c0d20d9-1e50-4261-9f81-ee4a0961c221
07/23/2025,07:27:50 PM,America/Chicago,Personal Care,Bar Soap 2-Pack,PCR-004,1,Regular,$3.99,$0.00,$3.99,$0.28,SQ20250723014442,PMT20250723014442,Mobile POS,,,Payment,Corner Store #1,,Philip Sheppard,CUST314176,0c0d20d9-1e50-4261-9f81-ee4a0961c221
07/24/2025,07:16:09 AM,America/Chicago,Personal Care,Cotton Swabs Box,PCR-010,1,Regular,$1.99,$0.00,$1.99,$0.14,SQ20250724014468,PMT20250724014468,Register 2,,,Payment,Corner Store #1,,,,
07/24/2025,07:07:37 PM,America/Chicago,Personal Care,Hand Sanitizer 2oz,PCR-007,1,Regular,$3.49,$0.00,$3.49,$0.24,SQ20250724014486,PMT20250724014486,Register 1,,,Payment,Corner Store #1,,,,
07/25/2025,07:11:26 PM,America/Chicago,Beverages,Orange Juice 12oz,BEV-013,1,Regular,$2.49,$0.00,$2.49,$0.17,SQ20250725014537,PMT20250725014537,Mobile POS,,,Payment,Corner Store #1,,Lisa Coleman,CUST872483,035c5a0b-5630-433c-80c0-81247123dc83
07/25/2025,01:10:15 PM,America/Chicago,Personal Care,Band-Aids Box,PCR-011,1,Regular,$5.49,$0.00,$5.49,$0.38,SQ20250725014545,PMT20250725014545,Mobile POS,,,Payment,Corner Store #1,,,,
07/25/2025,04:12:14 PM,America/Chicago,Grocery & Pantry,Canned Tuna,GRO-006,1,Regular,$2.99,$0.00,$2.99,$0.21,SQ20250725014566,PMT20250725014566,Register 2,,,Payment,Corner Store #1,,,,
07/25/2025,04:12:14 PM,America/Chicago,Beverages,Mountain Dew 20oz Bottle,BEV-005,1,Regular,$3.49,$0.00,$3.49,$0.24,SQ20250725014566,PMT20250725014566,Mobile POS,,,Payment,Corner Store #1,,,,
07/25/2025,04:12:14 PM,America/Chicago,Personal Care,Hair Gel Small,PCR-013,1,Regular,$7.49,$0.00,$7.49,$0.52,SQ20250725014566,PMT20250725014566,Mobile POS,,,Payment,Corner Store #1,,,,
07/25/2025,04:12:14 PM,America/Chicago,Bakery,Dinner Rolls 8-Pack,BAK-009,1,Regular,$2.49,$0.00,$2.49,$0.17,SQ20250725014566,PMT20250725014566,Register 2,,,Payment,Corner Store #1,,,,
07/25/2025,04:12:14 PM,America/Chicago,Snacks,Lay's Classic Chips 1oz,SNK-001,2,Regular,$3.98,$0.00,$3.98,$0.28,SQ20250725014566,PMT20250725014566,Register 1,,,Payment,Corner Store #1,,,,
07/26/2025,06:13:12 PM,America/Chicago,Dairy,Large Eggs Dozen,DAI-004,1,Regular,$2.49,$0.00,$2.49,$0.17,SQ20250726014592,PMT20250726014592,Register 2,,,Payment,Corner Store #1,,,,
07/26/2025,06:13:12 PM,America/Chicago,Grocery & Pantry,Ketchup Bottle,GRO-013,1,Regular,$5.99,$0.00,$5.99,$0.42,SQ20250726014592,PMT20250726014592,Mobile POS,,,Payment,Corner Store #1,,,,
07/26/2025,06:13:12 PM,America/Chicago,Health & OTC,Antibacterial Ointment Tube,HOT-015,2,Regular,$19.98,$0.00,$19.98,$1.40,SQ20250726014592,PMT20250726014592,Register 1,,,Payment,Corner Store #1,,,,
07/26/2025,06:13:12 PM,America/Chicago,Beverages,Bottled Water 16.9oz,BEV-008,1,Regular,$3.99,$0.00,$3.99,$0.28,SQ20250726014592,PMT20250726014592,Mobile POS,,,Payment,Corner Store #1,,,,
07/26/2025,06:03:58 PM,America/Chicago,Beverages,Energy Drink Sugar-Free 16oz,BEV-012,1,Regular,$3.99,$0.00,$3.99,$0.28,SQ20250726014608,PMT20250726014608,Mobile POS,,,Payment,Corner Store #1,,,,
07/26/2025,07:15:07 PM,America/Chicago,Beverages,Orange Juice 12oz,BEV-013,2,Regular,$4.98,$0.00,$4.98,$0.35,SQ20250726014621,PMT20250726014621,Mobile POS,,,Payment,Corner Store #1,,,,
07/26/2025,05:05:15 PM,America/Chicago,Personal Care,Hand Sanitizer 2oz,PCR-007,1,Regular,$3.49,-$0.35,$3.14,$0.22,SQ20250726014636,PMT20250726014636,Mobile POS,,,Payment,Corner Store #1,,Arthur Bowen,CUST903394,c823bd8a-efd1-4b7b-94ed-240135523fa3
07/26/2025,05:05:15 PM,America/Chicago,Grocery & Pantry,Hot Sauce Bottle,GRO-014,1,Regular,$2.99,$0.00,$2.99,$0.21,SQ20250726014636,PMT20250726014636,Mobile POS,,,Payment,Corner Store #1,,Arthur Bowen,CUST903394,c823bd8a-efd1-4b7b-94ed-240135523fa3
07/26/2025,05:05:15 PM,America/Chicago,Personal Care,Hair Gel Small,PCR-013,1,Regular,$7.49,$0.00,$7.49,$0.52,SQ20250726014636,PMT20250726014636,Register 1,,,Payment,Corner Store #1,,Arthur Bowen,CUST903394,c823bd8a-efd1-4b7b-94ed-240135523fa3
07/26/2025,05:05:15 PM,America/Chicago,Beverages,Energy Drink Sugar-Free 16oz,BEV-012,1,Regular,$3.99,$0.00,$3.99,$0.28,SQ20250726014636,PMT20250726014636,Mobile POS,,,Payment,Corner Store #1,,Arthur Bowen,CUST903394,c823bd8a-efd1-4b7b-94ed-240135523fa3
07/27/2025,04:20:57 PM,America/Chicago,Bakery,Butter Croissant,BAK-008,1,Regular,$5.99,$0.00,$5.99,$0.42,SQ20250727014703,PMT20250727014703,Register 2,,,Payment,Corner Store #1,,Parker Knight,CUST602568,dc237929-fbac-42e8-986f-4fa504e34cb1
07/27/2025,01:35:59 PM,America/Chicago,Dairy,Large Eggs Dozen,DAI-004,2,Regular,$4.98,$0.00,$4.98,$0.35,SQ20250727014705,PMT20250727014705,Register 1,,,Payment,Corner Store #1,,,,
07/27/2025,01:35:59 PM,America/Chicago,Beverages,Energy Drink Original 16oz,BEV-011,3,Regular,$10.47,$0.00,$10.47,$0.73,SQ20250727014705,PMT20250727014705,Register 2,,,Payment,Corner Store #1,,,,
07/27/2025,11:10:54 AM,America/Chicago,Dairy,Sour Cream 8oz,DAI-010,3,Regular,$17.97,$0.00,$17.97,$1.26,SQ20250727014756,PMT20250727014756,Register 2,,,Payment,Corner Store #1,,,,
07/28/2025,05:56:32 PM,America/Chicago,Bakery,Wheat Sandwich Bread,BAK-002,1,Regular,$5.99,$0.00,$5.99,$0.42,SQ20250728014780,PMT20250728014780,Mobile POS,,,Payment,Corner Store #1,,Caitlin Humphrey,CUST278944,4552d0d2-f2ef-480a-be0f-d9ecc7074546
07/28/2025,05:56:32 PM,America/Chicago,Snacks,Pita Chips Sea Salt 1.5oz,SNK-015,2,Regular,$6.98,$0.00,$6.98,$0.49,SQ20250728014780,PMT20250728014780,Register 1,,,Payment,Corner Store #1,,Caitlin Humphrey,CUST278944,4552d0d2-f2ef-480a-be0f-d9ecc7074546
07/28/2025,07:28:30 AM,America/Chicago,Household & Cleaning,Dish Soap 12oz,HHC-003,1,Regular,$5.99,$0.00,$5.99,$0.42,SQ20250728014809,PMT20250728014809,Register 1,,,Payment,Corner Store #1,,,,
07/28/2025,07:28:30 AM,America/Chicago,Candy,Twix Bar,CDY-008,1,Regular,$1.49,$0.00,$1.49,$0.10,SQ20250728014809,PMT20250728014809,Register 1,,,Payment,Corner Store #1,,,,
07/29/2025,07:38:26 AM,America/Chicago,Beverages,Chocolate Milk 14oz,BEV-014,2,Regular,$9.00,$0.00,$9.00,$0.63,SQ20250729014823,PMT20250729014823,Mobile POS,,,Payment,Corner Store #1,,,,
07/29/2025,11:32:35 AM,America/Chicago,Household & Cleaning,Laundry Detergent Small,HHC-004,1,Regular,$6.49,$0.00,$6.49,$0.45,SQ20250729014842,PMT20250729014842,Mobile POS,,,Payment,Corner Store #1,,,,
07/30/2025,12:06:11 PM,America/Chicago,Health & OTC,First Aid Spray,HOT-009,1,Regular,$10.99,$0.00,$10.99,$0.77,SQ20250730014880,PMT20250730014880,Register 2,,,Payment,Corner Store #1,,,,
07/30/2025,06:45:27 PM,America/Chicago,Grocery & Pantry,Canned Tuna,GRO-006,1,Regular,$2.99,$0.00,$2.99,$0.21,SQ20250730014934,PMT20250730014934,Register 2,,,Payment,Corner Store #1,,,,
07/30/2025,06:45:27 PM,America/Chicago,Candy,Twix Bar,CDY-008,1,Regular,$1.49,$0.00,$1.49,$0.10,SQ20250730014934,PMT20250730014934,Mobile POS,,,Payment,Corner Store #1,,,,
07/31/2025,12:42:16 PM,America/Chicago,Household & Cleaning,Aluminum Foil Roll,HHC-008,2,Regular,$8.98,$0.00,$8.98,$0.63,SQ20250731014941,PMT20250731014941,Mobile POS,,,Payment,Corner Store #1,,,,
07/31/2025,12:42:16 PM,America/Chicago,Bakery,Butter Croissant,BAK-008,1,Regular,$5.99,$0.00,$5.99,$0.42,SQ20250731014941,PMT20250731014941,Mobile POS,,,Payment,Corner Store #1,,,,
07/31/2025,12:42:16 PM,America/Chicago,Bakery,Blueberry Muffin,BAK-004,1,Regular,$2.49,-$0.25,$2.24,$0.16,SQ20250731014941,PMT20250731014941,Register 2,,,Payment,Corner Store #1,,,,
07/31/2025,05:37:22 PM,America/Chicago,Dairy,Whole Milk Half Gallon,DAI-003,1,Regular,$6.49,$0.00,$6.49,$0.45,SQ20250731014965,PMT20250731014965,Mobile POS,,,Payment,Corner Store #1,,,,
07/31/2025,05:37:22 PM,America/Chicago,Candy,Reese's Peanut Butter Cups,CDY-004,3,Regular,$4.47,$0.00,$4.47,$0.31,SQ20250731014965,PMT20250731014965,Register 1,,,Payment,Corner Store #1,,,,
07/31/2025,11:58:56 AM,America/Chicago,Grocery & Pantry,Cereal Small Box,GRO-009,2,Regular,$2.98,$0.00,$2.98,$0.21,SQ20250731015008,PMT20250731015008,Register 1,,,Payment,Corner Store #1,,,,
08/01/2025,11:12:39 AM,America/Chicago,Household & Cleaning,Aluminum Foil Roll,HHC-008,1,Regular,$4.49,$0.00,$4.49,$0.31,SQ20250801015060,PMT20250801015060,Mobile POS,,,Payment,Corner Store #1,,David Anderson,CUST366597,12a23aa7-d9fb-428a-8466-cd048a5ae470
08/01/2025,07:18:39 PM,America/Chicago,Snacks,Pretzels Snack Bag 1.5oz,SNK-004,1,Regular,$3.99,$0.00,$3.99,$0.28,SQ20250801015068,PMT20250801015068,Register 2,,,Payment,Corner Store #1,,,,
08/01/2025,07:18:39 PM,America/Chicago,Personal Care,Toothpaste Tube,PCR-001,3,Regular,$17.97,$0.00,$17.97,$1.26,SQ20250801015068,PMT20250801015068,Register 1,,,Payment,Corner Store #1,,,,
08/01/2025,01:00:59 PM,America/Chicago,Snacks,Lay's Classic Chips 1oz,SNK-001,1,Regular,$1.99,$0.00,$1.99,$0.14,SQ20250801015075,PMT20250801015075,Register 2,,,Payment,Corner Store #1,,Paige Davis,CUST733369,78332ea1-49b4-4c9b-833c-2de9a7e19fac
08/01/2025,04:37:03 PM,America/Chicago,Beverages,Energy Drink Sugar-Free 16oz,BEV-012,2,Regular,$7.98,$0.00,$7.98,$0.56,SQ20250801015098,PMT20250801015098,Register 1,,,Payment,Corner Store #1,,,,
08/01/2025,04:37:03 PM,America/Chicago,Frozen Foods,Frozen Popsicles 6-Pack,FRZ-015,1,Regular,$4.99,$0.00,$4.99,$0.35,SQ20250801015098,PMT20250801015098,Register 1,,,Payment,Corner Store #1,,,,
08/02/2025,06:31:23 PM,America/Chicago,Frozen Foods,Frozen Mixed Vegetables Bag,FRZ-006,1,Regular,$2.50,$0.00,$2.50,$0.18,SQ20250802015134,PMT20250802015134,Register 2,,,Payment,Corner Store #1,,,,
08/02/2025,06:31:23 PM,America/Chicago,Snacks,Doritos Nacho Cheese 1oz,SNK-002,1,Regular,$2.49,$0.00,$2.49,$0.17,SQ20250802015134,PMT20250802015134,Register 2,,,Payment,Corner Store #1,,,,
08/02/2025,09:56:55 AM,America/Chicago,Personal Care,Travel Size Shampoo,PCR-005,2,Regular,$7.98,$0.00,$7.98,$0.56,SQ20250802015135,PMT20250802015135,Register 1,,,Payment,Corner Store #1,,,,
08/02/2025,09:56:55 AM,America/Chicago,Beverages,Sprite 20oz Bottle,BEV-003,2,Regular,$2.98,$0.00,$2.98,$0.21,SQ20250802015135,PMT20250802015135,Register 1,,,Payment,Corner Store #1,,,,
08/02/2025,09:42:24 AM,America/Chicago,Health & OTC,Face Masks 5-Pack,HOT-011,1,Regular,$12.49,$0.00,$12.49,$0.87,SQ20250802015150,PMT20250802015150,Register 1,,,Payment,Corner Store #1,,,,
08/02/2025,04:34:46 PM,America/Chicago,Health & OTC,Eye Drops Bottle,HOT-014,1,Regular,$2.50,$0.00,$2.50,$0.18,SQ20250802015171,PMT20250802015171,Register 1,,,Payment,Corner Store #1,,,,
08/02/2025,12:28:17 PM,America/Chicago,Personal Care,Mouthwash 8oz,PCR-003,1,Regular,$4.99,$0.00,$4.99,$0.35,SQ20250802015207,PMT20250802015207,Mobile POS,,,Payment,Corner Store #1,,,,
08/03/2025,11:24:13 AM,America/Chicago,Beverages,Gatorade Lemon-Lime 28oz,BEV-006,1,Regular,$1.49,$0.00,$1.49,$0.10,SQ20250803015233,PMT20250803015233,Register 2,,,Payment,Corner Store #1,,,,
08/03/2025,12:01:06 PM,America/Chicago,Beverages,Gatorade Lemon-Lime 28oz,BEV-006,2,Regular,$2.98,$0.00,$2.98,$0.21,SQ20250803015273,PMT20250803015273,Register 2,,,Payment,Corner Store #1,,Kelly Khan,CUST790206,eb5a83cc-35d6-44be-a540-967a574073b0
08/03/2025,10:41:16 AM,America/Chicago,Health & OTC,Allergy Relief Tablets,HOT-003,1,Regular,$13.49,$0.00,$13.49,$0.94,SQ20250803015303,PMT20250803015303,Mobile POS,,,Payment,Corner Store #1,,,,
08/03/2025,10:41:16 AM,America/Chicago,Snacks,Lay's Classic Chips 1oz,SNK-001,1,Regular,$1.99,$0.00,$1.99,$0.14,SQ20250803015303,PMT20250803015303,Register 1,,,Payment,Corner Store #1,,,,
08/03/2025,07:17:43 PM,America/Chicago,Dairy,2% Milk 1 Gallon,DAI-002,1,Regular,$4.49,$0.00,$4.49,$0.31,SQ20250803015331,PMT20250803015331,Register 2,,,Payment,Corner Store #1,,,,
08/03/2025,07:17:43 PM,America/Chicago,Personal Care,Cotton Swabs Box,PCR-010,1,Regular,$1.99,$0.00,$1.99,$0.14,SQ20250803015331,PMT20250803015331,Register 2,,,Payment,Corner Store #1,,,,
08/03/2025,07:17:43 PM,America/Chicago,Beverages,Orange Juice 12oz,BEV-013,1,Regular,$2.49,$0.00,$2.49,$0.17,SQ20250803015331,PMT20250803015331,Mobile POS,,,Payment,Corner Store #1,,,,
08/03/2025,07:17:43 PM,America/Chicago,Frozen Foods,Frozen Vanilla Ice Cream Pint,FRZ-010,1,Regular,$3.49,$0.00,$3.49,$0.24,SQ20250803015331,PMT20250803015331,Register 2,,,Payment,Corner Store #1,,,,
08/03/2025,07:17:43 PM,America/Chicago,Health & OTC,Digital Thermometer,HOT-012,1,Regular,$3.99,-$0.40,$3.59,$0.25,SQ20250803015331,PMT20250803015331,Mobile POS,,,Payment,Corner Store #1,,,,
08/04/2025,09:13:35 AM,America/Chicago,Grocery & Pantry,Instant Oatmeal Packets,GRO-010,1,Regular,$1.49,$0.00,$1.49,$0.10,SQ20250804015337,PMT20250804015337,Register 1,,,Payment,Corner Store #1,,,,
08/04/2025,09:13:35 AM,America/Chicago,Grocery & Pantry,Pasta Sauce Jar,GRO-003,1,Regular,$4.99,$0.00,$4.99,$0.35,SQ20250804015337,PMT20250804015337,Mobile POS,,,Payment,Corner Store #1,,,,
08/04/2025,11:52:37 AM,America/Chicago,Personal Care,Travel Size Shampoo,PCR-005,1,Regular,$3.99,$0.00,$3.99,$0.28,SQ20250804015361,PMT20250804015361,Register 2,,,Payment,Corner Store #1,,,,
08/05/2025,12:04:57 PM,America/Chicago,Frozen Foods,Frozen Vanilla Ice Cream Pint,FRZ-010,1,Regular,$3.49,$0.00,$3.49,$0.24,SQ20250805015385,PMT20250805015385,Register 1,,,Payment,Corner Store #1,,,,
08/05/2025,12:52:09 PM,America/Chicago,Health & OTC,Face Masks 5-Pack,HOT-011,2,Regular,$24.98,$0.00,$24.98,$1.75,SQ20250805015396,PMT20250805015396,Register 1,,,Payment,Corner Store #1,,,,
08/05/2025,12:52:09 PM,America/Chicago,Beverages,Orange Juice 12oz,BEV-013,1,Regular,$2.49,$0.00,$2.49,$0.17,SQ20250805015396,PMT20250805015396,Mobile POS,,,Payment,Corner Store #1,,,,
08/05/2025,12:52:09 PM,America/Chicago,Personal Care,Bar Soap 2-Pack,PCR-004,1,Regular,$3.99,$0.00,$3.99,$0.28,SQ20250805015396,PMT20250805015396,Mobile POS,,,Payment,Corner Store #1,,,,
08/06/2025,08:02:04 PM,America/Chicago,Grocery & Pantry,Instant Ramen Noodles,GRO-011,2,Regular,$6.98,$0.00,$6.98,$0.49,SQ20250806015439,PMT20250806015439,Register 1,,,Payment,Corner Store #1,,,,
08/06/2025,08:02:04 PM,America/Chicago,Dairy,Cream Cheese 8oz,DAI-011,2,Regular,$13.98,$0.00,$13.98,$0.98,SQ20250806015439,PMT20250806015439,Mobile POS,,,Payment,Corner Store #1,,,,
08/06/2025,08:02:04 PM,America/Chicago,Dairy,Half and Half Pint,DAI-012,1,Regular,$2.99,$0.00,$2.99,$0.21,SQ20250806015439,PMT20250806015439,Register 1,,,Payment,Corner Store #1,,,,
08/06/2025,07:28:49 PM,America/Chicago,Dairy,Cream Cheese 8oz,DAI-011,1,Regular,$6.99,$0.00,$6.99,$0.49,SQ20250806015459,PMT20250806015459,Register 1,,,Payment,Corner Store #1,,Jessica Castro,CUST657955,51105a80-414a-465f-b8d3-9674a5b8a9ec
08/07/2025,04:55:48 PM,America/Chicago,Household & Cleaning,Sponges 3-Pack,HHC-007,2,Regular,$18.98,$0.00,$18.98,$1.33,SQ20250807015498,PMT20250807015498,Register 2,,,Payment,Corner Store #1,,Taylor Byrd,CUST878916,1bbbefac-7988-4901-a182-74339522eda1
08/07/2025,04:55:48 PM,America/Chicago,Grocery & Pantry,Canned Black Beans,GRO-004,2,Regular,$12.98,$0.00,$12.98,$0.91,SQ20250807015498,PMT20250807015498,Register 2,,,Payment,Corner Store #1,,Taylor Byrd,CUST878916,1bbbefac-7988-4901-a182-74339522eda1
08/07/2025,04:55:48 PM,America/Chicago,Beverages,Iced Tea Lemon 18.5oz,BEV-010,3,Regular,$10.47,$0.00,$10.47,$0.73,SQ20250807015498,PMT20250807015498,Register 2,,,Payment,Corner Store #1,,Taylor Byrd,CUST878916,1bbbefac-7988-4901-a182-74339522eda1
08/07/2025,04:55:48 PM,America/Chicago,Grocery & Pantry,Cooking Oil Small Bottle,GRO-012,1,Regular,$6.49,$0.00,$6.49,$0.45,SQ20250807015498,PMT20250807015498,Register 1,,,Payment,Corner Store #1,,Taylor Byrd,CUST878916,1bbbefac-7988-4901-a182-74339522eda1
08/07/2025,04:55:48 PM,America/Chicago,Household & Cleaning,Dish Soap 12oz,HHC-003,1,Regular,$5.99,$0.00,$5.99,$0.42,SQ20250807015498,PMT20250807015498,Register 2,,,Payment,Corner Store #1,,Taylor Byrd,CUST878916,1bbbefac-7988-4901-a182-74339522eda1
08/07/2025,09:11:25 PM,America/Chicago,Candy,Life Savers Roll,CDY-015,1,Regular,$2.99,$0.00,$2.99,$0.21,SQ20250807015501,PMT20250807015501,Mobile POS,,,Payment,Corner Store #1,,,,
08/07/2025,09:11:25 PM,America/Chicago,Frozen Foods,Frozen Cheese Pizza,FRZ-002,1,Regular,$7.99,$0.00,$7.99,$0.56,SQ20250807015501,PMT20250807015501,Mobile POS,,,Payment,Corner Store #1,,,,
08/08/2025,06:39:58 PM,America/Chicago,Grocery & Pantry,Canned Corn,GRO-005,2,Regular,$9.98,$0.00,$9.98,$0.70,SQ20250808015539,PMT20250808015539,Register 2,,,Payment,Corner Store #1,,,,
08/08/2025,01:40:54 PM,America/Chicago,Household & Cleaning,Laundry Detergent Small,HHC-004,3,Regular,$19.47,$0.00,$19.47,$1.36,SQ20250808015566,PMT20250808015566,Register 1,,,Payment,Corner Store #1,,Paul Tyler,CUST342616,062a9d31-96d7-4a01-9605-2cda51d33ded
08/08/2025,07:38:15 PM,America/Chicago,Beverages,Mountain Dew 20oz Bottle,BEV-005,1,Regular,$3.49,$0.00,$3.49,$0.24,SQ20250808015585,PMT20250808015585,Register 1,,,Payment,Corner Store #1,,,,
08/09/2025,08:04:43 AM,America/Chicago,Beverages,Energy Drink Sugar-Free 16oz,BEV-012,1,Regular,$3.99,$0.00,$3.99,$0.28,SQ20250809015648,PMT20250809015648,Mobile POS,,,Payment,Corner Store #1,,Alexandra Lyons,CUST236046,65a72b5f-a4c1-4f91-b292-645931d8ec57
08/09/2025,08:04:43 AM,America/Chicago,Beverages,Orange Juice 12oz,BEV-013,2,Regular,$4.98,$0.00,$4.98,$0.35,SQ20250809015648,PMT20250809015648,Register 2,,,Payment,Corner Store #1,,Alexandra Lyons,CUST236046,65a72b5f-a4c1-4f91-b292-645931d8ec57
08/09/2025,08:04:43 AM,America/Chicago,Snacks,Mixed Nuts 1.5oz,SNK-014,3,Regular,$5.97,$0.00,$5.97,$0.42,SQ20250809015648,PMT20250809015648,Mobile POS,,,Payment,Corner Store #1,,Alexandra Lyons,CUST236046,65a72b5f-a4c1-4f91-b292-645931d8ec57
08/09/2025,04:42:33 PM,America/Chicago,Household & Cleaning,Dish Soap 12oz,HHC-003,1,Regular,$5.99,$0.00,$5.99,$0.42,SQ20250809015656,PMT20250809015656,Mobile POS,,,Payment,Corner Store #1,,,,
08/09/2025,04:42:33 PM,America/Chicago,Bakery,Glazed Donut,BAK-006,2,Regular,$9.98,$0.00,$9.98,$0.70,SQ20250809015656,PMT20250809015656,Mobile POS,,,Payment,Corner Store #1,,,,
08/09/2025,06:30:04 PM,America/Chicago,Bakery,Chocolate Donut,BAK-007,1,Regular,$1.99,$0.00,$1.99,$0.14,SQ20250809015688,PMT20250809015688,Register 1,,,Payment,Corner Store #1,,,,
08/09/2025,06:30:04 PM,America/Chicago,Beverages,Energy Drink Sugar-Free 16oz,BEV-012,1,Regular,$3.99,$0.00,$3.99,$0.28,SQ20250809015688,PMT20250809015688,Register 1,,,Payment,Corner Store #1,,,,
08/09/2025,06:30:04 PM,America/Chicago,Candy,Twix Bar,CDY-008,1,Regular,$1.49,$0.00,$1.49,$0.10,SQ20250809015688,PMT20250809015688,Register 2,,,Payment,Corner Store #1,,,,
08/10/2025,07:12:35 AM,America/Chicago,Health & OTC,Ibuprofen Tablets Small Bottle,HOT-001,1,Regular,$9.49,$0.00,$9.49,$0.66,SQ20250810015714,PMT20250810015714,Register 1,,,Payment,Corner Store #1,,,,
08/10/2025,07:12:35 AM,America/Chicago,Health & OTC,Digital Thermometer,HOT-012,1,Regular,$3.99,$0.00,$3.99,$0.28,SQ20250810015714,PMT20250810015714,Register 1,,,Payment,Corner Store #1,,,,
08/10/2025,01:17:19 PM,America/Chicago,Health & OTC,Digital Thermometer,HOT-012,1,Regular,$3.99,$0.00,$3.99,$0.28,SQ20250810015730,PMT20250810015730,Register 1,,,Payment,Corner Store #1,,Erin Henson,CUST851313,a45a2d29-ce87-4c55-978e-bbc2b0bcb6e5
08/11/2025,12:00:30 PM,America/Chicago,Snacks,Trail Mix Pouch 2oz,SNK-006,1,Regular,$3.99,$0.00,$3.99,$0.28,SQ20250811015801,PMT20250811015801,Register 1,,,Payment,Corner Store #1,,George Haney,CUST292895,ad349caa-09d7-45f8-9ab6-82201c24f102
08/11/2025,12:33:19 PM,America/Chicago,Frozen Foods,Frozen Waffles 8-Pack,FRZ-007,1,Regular,$6.49,$0.00,$6.49,$0.45,SQ20250811015815,PMT20250811015815,Register 1,,,Payment,Corner Store #1,,,,
08/11/2025,12:33:19 PM,America/Chicago,Health & OTC,Digital Thermometer,HOT-012,2,Regular,$7.98,$0.00,$7.98,$0.56,SQ20250811015815,PMT20250811015815,Mobile POS,,,Payment,Corner Store #1,,,,
08/11/2025,11:22:33 AM,America/Chicago,Beverages,Iced Tea Lemon 18.5oz,BEV-010,1,Regular,$3.49,$0.00,$3.49,$0.24,SQ20250811015816,PMT20250811015816,Mobile POS,,,Payment,Corner Store #1,,,,
08/12/2025,10:19:15 AM,America/Chicago,Snacks,Rice Cakes Snack Pack,SNK-013,1,Regular,$1.99,$0.00,$1.99,$0.14,SQ20250812015826,PMT20250812015826,Mobile POS,,,Payment,Corner Store #1,,,,
08/12/2025,06:54:24 PM,America/Chicago,Personal Care,Cotton Swabs Box,PCR-010,1,Regular,$1.99,$0.00,$1.99,$0.14,SQ20250812015831,PMT20250812015831,Register 1,,,Payment,Corner Store #1,,Max Leblanc,CUST142330,500ac7b5-5b83-40a6-942c-0ff95811b254
08/13/2025,09:21:30 PM,America/Chicago,Beverages,Sprite 20oz Bottle,BEV-003,1,Regular,$1.49,$0.00,$1.49,$0.10,SQ20250813015890,PMT20250813015890,Mobile POS,,,Payment,Corner Store #1,,,,
08/13/2025,09:21:30 PM,America/Chicago,Frozen Foods,Frozen Vanilla Ice Cream Pint,FRZ-010,1,Regular,$3.49,$0.00,$3.49,$0.24,SQ20250813015890,PMT20250813015890,Register 2,,,Payment,Corner Store #1,,,,
08/13/2025,07:25:48 AM,America/Chicago,Personal Care,Bar Soap 2-Pack,PCR-004,1,Regular,$3.99,$0.00,$3.99,$0.28,SQ20250813015912,PMT20250813015912,Mobile POS,,,Payment,Corner Store #1,,,,
08/13/2025,07:25:48 AM,America/Chicago,Household & Cleaning,LED Light Bulbs 2-Pack,HHC-013,1,Regular,$2.49,$0.00,$2.49,$0.17,SQ20250813015912,PMT20250813015912,Mobile POS,,,Payment,Corner Store #1,,,,
08/13/2025,07:25:48 AM,America/Chicago,Snacks,Trail Mix Pouch 2oz,SNK-006,1,Regular,$3.99,$0.00,$3.99,$0.28,SQ20250813015912,PMT20250813015912,Mobile POS,,,Payment,Corner Store #1,,,,
08/14/2025,09:24:06 AM,America/Chicago,Grocery & Pantry,Cooking Oil Small Bottle,GRO-012,1,Regular,$6.49,$0.00,$6.49,$0.45,SQ20250814015947,PMT20250814015947,Register 1,,,Payment,Corner Store #1,,,,
08/14/2025,10:41:35 AM,America/Chicago,Beverages,Energy Drink Original 16oz,BEV-011,1,Regular,$3.49,$0.00,$3.49,$0.24,SQ20250814015953,PMT20250814015953,Register 2,,,Payment,Corner Store #1,,,,
08/15/2025,11:33:24 AM,America/Chicago,Grocery & Pantry,Spaghetti Pasta Box,GRO-002,1,Regular,$4.99,$0.00,$4.99,$0.35,SQ20250815016017,PMT20250815016017,Register 1,,,Payment,Corner Store #1,,Sarah Woods,CUST583616,0be9eea0-fe25-4f62-92ba-e51d4957c530
08/15/2025,11:33:24 AM,America/Chicago,Dairy,Whole Milk Half Gallon,DAI-003,2,Regular,$12.98,$0.00,$12.98,$0.91,SQ20250815016017,PMT20250815016017,Mobile POS,,,Payment,Corner Store #1,,Sarah Woods,CUST583616,0be9eea0-fe25-4f62-92ba-e51d4957c530
08/15/2025,05:17:01 PM,America/Chicago,Household & Cleaning,Matches Box,HHC-014,1,Regular,$11.49,$0.00,$11.49,$0.80,SQ20250815016057,PMT20250815016057,Mobile POS,,,Payment,Corner Store #1,,,,
08/15/2025,05:17:01 PM,America/Chicago,Candy,Reese's Peanut Butter Cups,CDY-004,2,Regular,$2.98,$0.00,$2.98,$0.21,SQ20250815016057,PMT20250815016057,Mobile POS,,,Payment,Corner Store #1,,,,
08/15/2025,09:05:14 PM,America/Chicago,Beverages,Bottled Water 16.9oz,BEV-008,1,Regular,$3.99,$0.00,$3.99,$0.28,SQ20250815016067,PMT20250815016067,Mobile POS,,,Payment,Corner Store #1,,,,
08/15/2025,09:05:14 PM,America/Chicago,Household & Cleaning,Paper Towels 2-Pack,HHC-001,1,Regular,$9.49,$0.00,$9.49,$0.66,SQ20250815016067,PMT20250815016067,Mobile POS,,,Payment,Corner Store #1,,,,
08/16/2025,04:25:46 PM,America/Chicago,Frozen Foods,Frozen Chicken Nuggets Bag,FRZ-005,1,Regular,$3.49,$0.00,$3.49,$0.24,SQ20250816016094,PMT20250816016094,Register 2,,,Payment,Corner Store #1,,,,
08/16/2025,01:44:39 PM,America/Chicago,Beverages,Iced Latte Bottle 13oz,BEV-015,1,Regular,$1.99,$0.00,$1.99,$0.14,SQ20250816016148,PMT20250816016148,Mobile POS,,,Payment,Corner Store #1,,Lindsey Moore,CUST427448,f608f37b-c6f6-4c51-9278-db82e9289e9d
08/16/2025,01:44:39 PM,America/Chicago,Frozen Foods,Frozen French Fries Bag,FRZ-004,1,Regular,$5.99,$0.00,$5.99,$0.42,SQ20250816016148,PMT20250816016148,Mobile POS,,,Payment,Corner Store #1,,Lindsey Moore,CUST427448,f608f37b-c6f6-4c51-9278-db82e9289e9d
08/16/2025,01:44:39 PM,America/Chicago,Health & OTC,Digital Thermometer,HOT-012,2,Regular,$7.98,$0.00,$7.98,$0.56,SQ20250816016148,PMT20250816016148,Register 2,,,Payment,Corner Store #1,,Lindsey Moore,CUST427448,f608f37b-c6f6-4c51-9278-db82e9289e9d
08/16/2025,12:09:03 PM,America/Chicago,Snacks,Mixed Nuts 1.5oz,SNK-014,2,Regular,$3.98,$0.00,$3.98,$0.28,SQ20250816016149,PMT20250816016149,Register 1,,,Payment,Corner Store #1,,,,
08/16/2025,06:06:54 PM,America/Chicago,Dairy,Cream Cheese 8oz,DAI-011,3,Regular,$20.97,$0.00,$20.97,$1.47,SQ20250816016167,PMT20250816016167,Mobile POS,,,Payment,Corner Store #1,,Julie Ross,CUST197205,c6718ba3-5671-4cd8-bca4-0fc2a9569750
08/16/2025,06:06:54 PM,America/Chicago,Candy,Milky Way Bar,CDY-012,1,Regular,$1.49,$0.00,$1.49,$0.10,SQ20250816016167,PMT20250816016167,Register 1,,,Payment,Corner Store #1,,Julie Ross,CUST197205,c6718ba3-5671-4cd8-bca4-0fc2a9569750
08/17/2025,01:33:15 PM,America/Chicago,Candy,M&M's Peanut Bag,CDY-002,1,Regular,$2.49,$0.00,$2.49,$0.17,SQ20250817016200,PMT20250817016200,Register 1,,,Payment,Corner Store #1,,,,
08/17/2025,07:05:52 PM,America/Chicago,Grocery & Pantry,Canned Tuna,GRO-006,1,Regular,$2.99,$0.00,$2.99,$0.21,SQ20250817016244,PMT20250817016244,Mobile POS,,,Payment,Corner Store #1,,,,
08/17/2025,11:12:05 AM,America/Chicago,Snacks,Lay's Classic Chips 1oz,SNK-001,1,Regular,$1.99,$0.00,$1.99,$0.14,SQ20250817016248,PMT20250817016248,Mobile POS,,,Payment,Corner Store #1,,,,
08/18/2025,09:08:47 PM,America/Chicago,Candy,Twix Bar,CDY-008,1,Regular,$1.49,$0.00,$1.49,$0.10,SQ20250818016269,PMT20250818016269,Register 2,,,Payment,Corner Store #1,,,,
08/18/2025,09:08:47 PM,America/Chicago,Health & OTC,Reading Glasses +2.0,HOT-010,1,Regular,$8.99,$0.00,$8.99,$0.63,SQ20250818016269,PMT20250818016269,Register 1,,,Payment,Corner Store #1,,,,
08/18/2025,04:27:55 PM,America/Chicago,Health & OTC,Digital Thermometer,HOT-012,1,Regular,$3.99,$0.00,$3.99,$0.28,SQ20250818016270,PMT20250818016270,Register 2,,,Payment,Corner Store #1,,,,
08/18/2025,04:27:55 PM,America/Chicago,Personal Care,Bar Soap 2-Pack,PCR-004,1,Regular,$3.99,$0.00,$3.99,$0.28,SQ20250818016270,PMT20250818016270,Register 1,,,Payment,Corner Store #1,,,,
08/18/2025,06:01:26 PM,America/Chicago,Snacks,Veggie Straws 1oz,SNK-012,2,Regular,$5.98,$0.00,$5.98,$0.42,SQ20250818016285,PMT20250818016285,Register 1,,,Payment,Corner Store #1,,Jennifer Murphy,CUST150104,d6e9ebe0-189b-48d4-99d7-2f60529d82f8
08/19/2025,11:37:45 AM,America/Chicago,Dairy,Large Eggs Dozen,DAI-004,1,Regular,$2.49,$0.00,$2.49,$0.17,SQ20250819016340,PMT20250819016340,Register 2,,,Payment,Corner Store #1,,,,
08/19/2025,05:31:44 PM,America/Chicago,Bakery,Cinnamon Roll,BAK-010,1,Regular,$5.49,$0.00,$5.49,$0.38,SQ20250819016355,PMT20250819016355,Mobile POS,,,Payment,Corner Store #1,,Kimberly Savage,CUST876403,be9c0533-6d86-4f77-bd91-8fcbffbdefdc
08/20/2025,06:40:08 PM,America/Chicago,Household & Cleaning,Dish Soap 12oz,HHC-003,1,Regular,$5.99,$0.00,$5.99,$0.42,SQ20250820016397,PMT20250820016397,Register 2,,,Payment,Corner Store #1,,,,
08/20/2025,06:40:08 PM,America/Chicago,Personal Care,Lip Balm,PCR-012,1,Regular,$1.50,$0.00,$1.50,$0.11,SQ20250820016397,PMT20250820016397,Register 2,,,Payment,Corner Store #1,,,,
08/20/2025,08:04:02 PM,America/Chicago,Bakery,Wheat Sandwich Bread,BAK-002,1,Regular,$5.99,$0.00,$5.99,$0.42,SQ20250820016412,PMT20250820016412,Register 1,,,Payment,Corner Store #1,,,,
08/20/2025,08:04:02 PM,America/Chicago,Candy,Starburst Original Bag,CDY-006,1,Regular,$1.49,$0.00,$1.49,$0.10,SQ20250820016412,PMT20250820016412,Register 1,,,Payment,Corner Store #1,,,,
08/21/2025,12:30:01 PM,America/Chicago,Beverages,Orange Juice 12oz,BEV-013,1,Regular,$2.49,$0.00,$2.49,$0.17,SQ20250821016421,PMT20250821016421,Mobile POS,,,Payment,Corner Store #1,,Jacqueline Nelson,CUST390505,f0e208b9-3d4b-4695-a66a-8b58496f48e1
08/21/2025,05:59:37 PM,America/Chicago,Beverages,Coca-Cola 20oz Bottle,BEV-001,1,Regular,$3.49,$0.00,$3.49,$0.24,SQ20250821016439,PMT20250821016439,Register 1,,,Payment,Corner Store #1,,,,
08/21/2025,05:59:37 PM,America/Chicago,Grocery & Pantry,Grape Jelly Jar,GRO-008,1,Regular,$3.49,-$0.35,$3.14,$0.22,SQ20250821016439,PMT20250821016439,Mobile POS,,,Payment,Corner Store #1,,,,
08/21/2025,05:59:37 PM,America/Chicago,Beverages,Gatorade Lemon-Lime 28oz,BEV-006,2,Regular,$2.98,$0.00,$2.98,$0.21,SQ20250821016439,PMT20250821016439,Mobile POS,,,Payment,Corner Store #1,,,,
08/22/2025,11:50:04 AM,America/Chicago,Health & OTC,First Aid Spray,HOT-009,1,Regular,$10.99,$0.00,$10.99,$0.77,SQ20250822016483,PMT20250822016483,Mobile POS,,,Payment,Corner Store #1,,Kathryn Curry,CUST929745,46d49eb2-eddc-45ce-899d-3b6872a4768e
08/22/2025,11:50:04 AM,America/Chicago,Personal Care,Travel Size Body Wash,PCR-014,2,Regular,$10.98,$0.00,$10.98,$0.77,SQ20250822016483,PMT20250822016483,Register 1,,,Payment,Corner Store #1,,Kathryn Curry,CUST929745,46d49eb2-eddc-45ce-899d-3b6872a4768e
08/22/2025,11:50:04 AM,America/Chicago,Health & OTC,Cough Drops Bag,HOT-004,2,Regular,$26.98,$0.00,$26.98,$1.89,SQ20250822016483,PMT20250822016483,Register 1,,,Payment,Corner Store #1,,Kathryn Curry,CUST929745,46d49eb2-eddc-45ce-899d-3b6872a4768e
08/22/2025,01:59:47 PM,America/Chicago,Bakery,Banana Bread Slice,BAK-011,2,Regular,$3.98,$0.00,$3.98,$0.28,SQ20250822016495,PMT20250822016495,Register 1,,,Payment,Corner Store #1,,Janet Mcclure,CUST870230,bd8927fb-040c-450a-9d36-51cfb54a9d93
08/22/2025,04:21:12 PM,America/Chicago,Health & OTC,Allergy Relief Tablets,HOT-003,1,Regular,$13.49,$0.00,$13.49,$0.94,SQ20250822016546,PMT20250822016546,Mobile POS,,,Payment,Corner Store #1,,,,
08/22/2025,04:21:12 PM,America/Chicago,Candy,Milky Way Bar,CDY-012,1,Regular,$1.49,$0.00,$1.49,$0.10,SQ20250822016546,PMT20250822016546,Register 1,,,Payment,Corner Store #1,,,,
08/23/2025,06:07:45 PM,America/Chicago,Personal Care,Hand Sanitizer 2oz,PCR-007,3,Regular,$10.47,$0.00,$10.47,$0.73,SQ20250823016569,PMT20250823016569,Register 1,,,Payment,Corner Store #1,,Ana Scott,CUST156803,208befee-4255-4846-b067-7475629b1f6b
08/23/2025,06:07:45 PM,America/Chicago,Candy,Twix Bar,CDY-008,3,Regular,$4.47,$0.00,$4.47,$0.31,SQ20250823016569,PMT20250823016569,Register 1,,,Payment,Corner Store #1,,Ana Scott,CUST156803,208befee-4255-4846-b067-7475629b1f6b
08/23/2025,03:51:50 PM,America/Chicago,Candy,Milky Way Bar,CDY-012,2,Regular,$2.98,$0.00,$2.98,$0.21,SQ20250823016570,PMT20250823016570,Mobile POS,,,Payment,Corner Store #1,,Vicki Thompson,CUST647115,b06b4ec8-1a50-4c62-a830-3f49ea2b9b89
08/23/2025,11:51:00 AM,America/Chicago,Personal Care,Travel Size Shampoo,PCR-005,2,Regular,$7.98,$0.00,$7.98,$0.56,SQ20250823016575,PMT20250823016575,Register 1,,,Payment,Corner Store #1,,,,
08/23/2025,11:51:00 AM,America/Chicago,Bakery,Dinner Rolls 8-Pack,BAK-009,1,Regular,$2.49,$0.00,$2.49,$0.17,SQ20250823016575,PMT20250823016575,Mobile POS,,,Payment,Corner Store #1,,,,
08/23/2025,11:51:00 AM,America/Chicago,Snacks,Pretzels Snack Bag 1.5oz,SNK-004,1,Regular,$3.99,$0.00,$3.99,$0.28,SQ20250823016575,PMT20250823016575,Register 2,,,Payment,Corner Store #1,,,,
08/23/2025,11:51:00 AM,America/Chicago,Bakery,Hamburger Buns 8-Pack,BAK-013,3,Regular,$8.97,$0.00,$8.97,$0.63,SQ20250823016575,PMT20250823016575,Mobile POS,,,Payment,Corner Store #1,,,,
08/24/2025,08:53:51 AM,America/Chicago,Health & OTC,Allergy Relief Tablets,HOT-003,1,Regular,$13.49,$0.00,$13.49,$0.94,SQ20250824016637,PMT20250824016637,Register 2,,,Payment,Corner Store #1,,,,
08/24/2025,11:24:07 AM,America/Chicago,Dairy,2% Milk 1 Gallon,DAI-002,1,Regular,$4.49,-$0.45,$4.04,$0.28,SQ20250824016643,PMT20250824016643,Register 2,,,Payment,Corner Store #1,,,,
08/24/2025,11:24:07 AM,America/Chicago,Snacks,Doritos Nacho Cheese 1oz,SNK-002,2,Regular,$4.98,$0.00,$4.98,$0.35,SQ20250824016643,PMT20250824016643,Mobile POS,,,Payment,Corner Store #1,,,,
08/24/2025,01:04:59 PM,America/Chicago,Grocery & Pantry,Ketchup Bottle,GRO-013,1,Regular,$5.99,$0.00,$5.99,$0.42,SQ20250824016702,PMT20250824016702,Register 2,,,Payment,Corner Store #1,,,,
08/24/2025,01:04:59 PM,America/Chicago,Dairy,Butter Stick 4oz,DAI-005,1,Regular,$6.99,$0.00,$6.99,$0.49,SQ20250824016702,PMT20250824016702,Register 1,,,Payment,Corner Store #1,,,,
08/24/2025,01:04:59 PM,America/Chicago,Bakery,Flour Tortillas 10-Pack,BAK-015,2,Regular,$5.98,$0.00,$5.98,$0.42,SQ20250824016702,PMT20250824016702,Register 2,,,Payment,Corner Store #1,,,,
08/25/2025,06:36:04 PM,America/Chicago,Personal Care,Travel Size Shampoo,PCR-005,2,Regular,$7.98,-$0.80,$7.18,$0.50,SQ20250825016704,PMT20250825016704,Register 1,,,Payment,Corner Store #1,,,,
08/25/2025,06:36:04 PM,America/Chicago,Household & Cleaning,Sponges 3-Pack,HHC-007,1,Regular,$9.49,$0.00,$9.49,$0.66,SQ20250825016704,PMT20250825016704,Register 2,,,Payment,Corner Store #1,,,,
08/25/2025,06:36:04 PM,America/Chicago,Personal Care,Travel Size Shampoo,PCR-005,1,Regular,$3.99,$0.00,$3.99,$0.28,SQ20250825016704,PMT20250825016704,Register 1,,,Payment,Corner Store #1,,,,
08/25/2025,06:24:46 PM,America/Chicago,Beverages,Sparkling Water Lime 12oz,BEV-009,1,Regular,$1.99,$0.00,$1.99,$0.14,SQ20250825016733,PMT20250825016733,Register 1,,,Payment,Corner Store #1,,,,
08/26/2025,09:12:16 AM,America/Chicago,Bakery,Pound Cake Slice,BAK-012,1,Regular,$5.49,$0.00,$5.49,$0.38,SQ20250826016780,PMT20250826016780,Mobile POS,,,Payment,Corner Store #1,,,,
08/26/2025,09:12:16 AM,America/Chicago,Grocery & Pantry,Instant Oatmeal Packets,GRO-010,2,Regular,$2.98,$0.00,$2.98,$0.21,SQ20250826016780,PMT20250826016780,Register 1,,,Payment,Corner Store #1,,,,
08/26/2025,09:12:16 AM,America/Chicago,Frozen Foods,Frozen Cheese Pizza,FRZ-002,1,Regular,$7.99,$0.00,$7.99,$0.56,SQ20250826016780,PMT20250826016780,Register 2,,,Payment,Corner Store #1,,,,
08/26/2025,09:12:16 AM,America/Chicago,Dairy,Whole Milk 1 Gallon,DAI-001,1,Regular,$3.49,$0.00,$3.49,$0.24,SQ20250826016780,PMT20250826016780,Register 1,,,Payment,Corner Store #1,,,,
08/26/2025,07:07:02 PM,America/Chicago,Grocery & Pantry,Canned Tuna,GRO-006,1,Regular,$2.99,$0.00,$2.99,$0.21,SQ20250826016822,PMT20250826016822,Mobile POS,,,Payment,Corner Store #1,,,,
08/27/2025,02:06:01 PM,America/Chicago,Beverages,Gatorade Lemon-Lime 28oz,BEV-006,2,Regular,$2.98,$0.00,$2.98,$0.21,SQ20250827016851,PMT20250827016851,Mobile POS,,,Payment,Corner Store #1,,,,
08/27/2025,03:42:29 PM,America/Chicago,Personal Care,Band-Aids Box,PCR-011,3,Regular,$16.47,$0.00,$16.47,$1.15,SQ20250827016874,PMT20250827016874,Mobile POS,,,Payment,Corner Store #1,,Jacqueline Woods,CUST744084,bf966001-49df-4018-8459-c7bd83125577
08/28/2025,12:38:54 PM,America/Chicago,Frozen Foods,Frozen Breakfast Sandwich,FRZ-008,1,Regular,$6.49,$0.00,$6.49,$0.45,SQ20250828016897,PMT20250828016897,Register 1,,,Payment,Corner Store #1,,Karen Gonzales,CUST454468,c7b6ba72-6115-414c-99ba-b1606f3312ce
08/28/2025,12:38:54 PM,America/Chicago,Candy,M&M's Plain Bag,CDY-003,1,Regular,$1.99,$0.00,$1.99,$0.14,SQ20250828016897,PMT20250828016897,Register 2,,,Payment,Corner Store #1,,Karen Gonzales,CUST454468,c7b6ba72-6115-414c-99ba-b1606f3312ce
08/28/2025,01:58:57 PM,America/Chicago,Beverages,Sprite 20oz Bottle,BEV-003,1,Regular,$1.49,$0.00,$1.49,$0.10,SQ20250828016913,PMT20250828016913,Register 2,,,Payment,Corner Store #1,,Brian Clark,CUST315068,1fff4d86-7774-4cd0-b6bc-70a097ff7fd8
08/28/2025,01:58:57 PM,America/Chicago,Grocery & Pantry,Spaghetti Pasta Box,GRO-002,1,Regular,$4.99,-$0.50,$4.49,$0.31,SQ20250828016913,PMT20250828016913,Mobile POS,,,Payment,Corner Store #1,,Brian Clark,CUST315068,1fff4d86-7774-4cd0-b6bc-70a097ff7fd8
08/29/2025,09:53:43 AM,America/Chicago,Frozen Foods,Frozen French Fries Bag,FRZ-004,2,Regular,$11.98,$0.00,$11.98,$0.84,SQ20250829016946,PMT20250829016946,Register 1,,,Payment,Corner Store #1,,,,
08/29/2025,11:57:58 AM,America/Chicago,Beverages,Coca-Cola 20oz Bottle,BEV-001,2,Regular,$6.98,-$0.70,$6.28,$0.44,SQ20250829016959,PMT20250829016959,Register 2,,,Payment,Corner Store #1,,Jacqueline Wang,CUST515321,0680809e-7623-450e-9f66-b98f097e0cad
08/29/2025,11:57:58 AM,America/Chicago,Snacks,Pita Chips Sea Salt 1.5oz,SNK-015,1,Regular,$3.49,$0.00,$3.49,$0.24,SQ20250829016959,PMT20250829016959,Mobile POS,,,Payment,Corner Store #1,,Jacqueline Wang,CUST515321,0680809e-7623-450e-9f66-b98f097e0cad
08/29/2025,11:57:58 AM,America/Chicago,Personal Care,Cotton Swabs Box,PCR-010,2,Regular,$3.98,$0.00,$3.98,$0.28,SQ20250829016959,PMT20250829016959,Register 2,,,Payment,Corner Store #1,,Jacqueline Wang,CUST515321,0680809e-7623-450e-9f66-b98f097e0cad
08/29/2025,05:29:14 PM,America/Chicago,Beverages,Chocolate Milk 14oz,BEV-014,1,Regular,$4.50,$0.00,$4.50,$0.32,SQ20250829017001,PMT20250829017001,Register 2,,,Payment,Corner Store #1,,,,
08/30/2025,07:39:16 PM,America/Chicago,Beverages,Orange Juice 12oz,BEV-013,3,Regular,$7.47,-$0.75,$6.72,$0.47,SQ20250830017048,PMT20250830017048,Register 2,,,Payment,Corner Store #1,,Ashley Davis,CUST120833,aa6d7584-8846-49fb-b002-2232c5c04ac0
08/30/2025,09:45:16 AM,America/Chicago,Beverages,Sprite 20oz Bottle,BEV-003,1,Regular,$1.49,$0.00,$1.49,$0.10,SQ20250830017070,PMT20250830017070,Register 1,,,Payment,Corner Store #1,,,,
08/30/2025,12:28:14 PM,America/Chicago,Beverages,Orange Juice 12oz,BEV-013,1,Regular,$2.49,$0.00,$2.49,$0.17,SQ20250830017072,PMT20250830017072,Register 2,,,Payment,Corner Store #1,,,,
08/30/2025,09:43:57 AM,America/Chicago,Bakery,Butter Croissant,BAK-008,1,Regular,$5.99,$0.00,$5.99,$0.42,SQ20250830017089,PMT20250830017089,Mobile POS,,,Payment,Corner Store #1,,,,
08/31/2025,05:16:14 PM,America/Chicago,Personal Care,Deodorant Stick,PCR-006,1,Regular,$2.99,-$0.30,$2.69,$0.19,SQ20250831017120,PMT20250831017120,Mobile POS,,,Payment,Corner Store #1,,Benjamin Boyer,CUST189068,30158278-198f-4ed1-92e9-06548f03e621
08/31/2025,05:16:14 PM,America/Chicago,Household & Cleaning,Aluminum Foil Roll,HHC-008,2,Regular,$8.98,$0.00,$8.98,$0.63,SQ20250831017120,PMT20250831017120,Mobile POS,,,Payment,Corner Store #1,,Benjamin Boyer,CUST189068,30158278-198f-4ed1-92e9-06548f03e621
08/31/2025,05:16:14 PM,America/Chicago,Candy,Gummy Bears Bag,CDY-011,1,Regular,$1.99,$0.00,$1.99,$0.14,SQ20250831017120,PMT20250831017120,Mobile POS,,,Payment,Corner Store #1,,Benjamin Boyer,CUST189068,30158278-198f-4ed1-92e9-06548f03e621
08/31/2025,05:16:14 PM,America/Chicago,Health & OTC,Vitamin C Tablets Bottle,HOT-006,1,Regular,$11.49,$0.00,$11.49,$0.80,SQ20250831017120,PMT20250831017120,Register 1,,,Payment,Corner Store #1,,Benjamin Boyer,CUST189068,30158278-198f-4ed1-92e9-06548f03e621
08/31/2025,05:38:27 PM,America/Chicago,Personal Care,Travel Size Shampoo,PCR-005,1,Regular,$3.99,$0.00,$3.99,$0.28,SQ20250831017129,PMT20250831017129,Mobile POS,,,Payment,Corner Store #1,,,,
08/31/2025,05:38:27 PM,America/Chicago,Household & Cleaning,Dish Soap 12oz,HHC-003,3,Regular,$17.97,$0.00,$17.97,$1.26,SQ20250831017129,PMT20250831017129,Register 2,,,Payment,Corner Store #1,,,,
08/31/2025,05:38:27 PM,America/Chicago,Beverages,Orange Juice 12oz,BEV-013,1,Regular,$2.49,-$0.25,$2.24,$0.16,SQ20250831017129,PMT20250831017129,Register 1,,,Payment,Corner Store #1,,,,
08/31/2025,04:29:23 PM,America/Chicago,Candy,Tic Tac Mints,CDY-014,1,Regular,$2.99,$0.00,$2.99,$0.21,SQ20250831017176,PMT20250831017176,Register 1,,,Payment,Corner Store #1,,Cheryl Reed,CUST725661,0e967fb8-e855-40e4-b3af-ccd98014c6d0
09/01/2025,09:48:02 PM,America/Chicago,Household & Cleaning,Matches Box,HHC-014,1,Regular,$11.49,$0.00,$11.49,$0.80,SQ20250901017227,PMT20250901017227,Register 2,,,Payment,Corner Store #1,,,,
09/01/2025,09:48:02 PM,America/Chicago,Health & OTC,Digital Thermometer,HOT-012,1,Regular,$3.99,$0.00,$3.99,$0.28,SQ20250901017227,PMT20250901017227,Mobile POS,,,Payment,Corner Store #1,,,,
09/01/2025,09:48:02 PM,America/Chicago,Bakery,Chocolate Chip Muffin,BAK-005,2,Regular,$6.98,$0.00,$6.98,$0.49,SQ20250901017227,PMT20250901017227,Mobile POS,,,Payment,Corner Store #1,,,,
09/01/2025,05:37:05 PM,America/Chicago,Household & Cleaning,Aluminum Foil Roll,HHC-008,1,Regular,$4.49,$0.00,$4.49,$0.31,SQ20250901017258,PMT20250901017258,Register 1,,,Payment,Corner Store #1,,,,
09/01/2025,05:37:05 PM,America/Chicago,Beverages,Coca-Cola 20oz Bottle,BEV-001,1,Regular,$3.49,$0.00,$3.49,$0.24,SQ20250901017258,PMT20250901017258,Register 1,,,Payment,Corner Store #1,,,,
09/01/2025,05:37:05 PM,America/Chicago,Household & Cleaning,All-Purpose Cleaner Spray,HHC-005,2,Regular,$16.98,$0.00,$16.98,$1.19,SQ20250901017258,PMT20250901017258,Register 1,,,Payment,Corner Store #1,,,,
09/01/2025,05:37:05 PM,America/Chicago,Candy,M&M's Plain Bag,CDY-003,1,Regular,$1.99,$0.00,$1.99,$0.14,SQ20250901017258,PMT20250901017258,Mobile POS,,,Payment,Corner Store #1,,,,
09/01/2025,11:00:53 AM,America/Chicago,Grocery & Pantry,Spaghetti Pasta Box,GRO-002,1,Regular,$4.99,-$0.50,$4.49,$0.31,SQ20250901017262,PMT20250901017262,Register 1,,,Payment,Corner Store #1,,,,
09/01/2025,11:00:53 AM,America/Chicago,Grocery & Pantry,Instant Ramen Noodles,GRO-011,1,Regular,$3.49,$0.00,$3.49,$0.24,SQ20250901017262,PMT20250901017262,Register 1,,,Payment,Corner Store #1,,,,
09/01/2025,01:32:51 PM,America/Chicago,Grocery & Pantry,Instant Oatmeal Packets,GRO-010,1,Regular,$1.49,$0.00,$1.49,$0.10,SQ20250901017277,PMT20250901017277,Mobile POS,,,Payment,Corner Store #1,,Krista Walsh,CUST876254,07048a39-659a-49e3-8b5a-f1d272565a3e
09/01/2025,01:32:51 PM,America/Chicago,Bakery,Butter Croissant,BAK-008,1,Regular,$5.99,$0.00,$5.99,$0.42,SQ20250901017277,PMT20250901017277,Mobile POS,,,Payment,Corner Store #1,,Krista Walsh,CUST876254,07048a39-659a-49e3-8b5a-f1d272565a3e
09/02/2025,04:38:12 PM,America/Chicago,Health & OTC,Allergy Relief Tablets,HOT-003,2,Regular,$26.98,$0.00,$26.98,$1.89,SQ20250902017305,PMT20250902017305,Register 1,,,Payment,Corner Store #1,,,,
09/02/2025,04:38:12 PM,America/Chicago,Candy,Starburst Original Bag,CDY-006,1,Regular,$1.49,$0.00,$1.49,$0.10,SQ20250902017305,PMT20250902017305,Register 1,,,Payment,Corner Store #1,,,,
09/02/2025,04:38:12 PM,America/Chicago,Personal Care,Band-Aids Box,PCR-011,1,Regular,$5.49,-$0.55,$4.94,$0.35,SQ20250902017305,PMT20250902017305,Register 2,,,Payment,Corner Store #1,,,,
09/02/2025,04:38:12 PM,America/Chicago,Bakery,Hot Dog Buns 8-Pack,BAK-014,1,Regular,$5.49,$0.00,$5.49,$0.38,SQ20250902017305,PMT20250902017305,Register 1,,,Payment,Corner Store #1,,,,
09/02/2025,06:35:37 PM,America/Chicago,Bakery,Cinnamon Roll,BAK-010,1,Regular,$5.49,$0.00,$5.49,$0.38,SQ20250902017361,PMT20250902017361,Register 1,,,Payment,Corner Store #1,,,,
09/02/2025,06:35:37 PM,America/Chicago,Frozen Foods,Frozen Vanilla Ice Cream Pint,FRZ-010,3,Regular,$10.47,$0.00,$10.47,$0.73,SQ20250902017361,PMT20250902017361,Register 2,,,Payment,Corner Store #1,,,,
09/02/2025,06:35:37 PM,America/Chicago,Frozen Foods,Frozen Chocolate Ice Cream Pint,FRZ-011,1,Regular,$8.49,$0.00,$8.49,$0.59,SQ20250902017361,PMT20250902017361,Register 1,,,Payment,Corner Store #1,,,,
09/02/2025,06:35:37 PM,America/Chicago,Household & Cleaning,Aluminum Foil Roll,HHC-008,2,Regular,$8.98,$0.00,$8.98,$0.63,SQ20250902017361,PMT20250902017361,Register 1,,,Payment,Corner Store #1,,,,
09/02/2025,06:35:37 PM,America/Chicago,Beverages,Sparkling Water Lime 12oz,BEV-009,2,Regular,$3.98,$0.00,$3.98,$0.28,SQ20250902017361,PMT20250902017361,Register 1,,,Payment,Corner Store #1,,,,
09/02/2025,10:04:33 AM,America/Chicago,Beverages,Iced Latte Bottle 13oz,BEV-015,3,Regular,$5.97,-$0.60,$5.37,$0.38,SQ20250902017368,PMT20250902017368,Register 1,,,Payment,Corner Store #1,,Mr. Luis Bell,CUST382396,1e812495-0bd5-45dd-a175-47ed924b0644
09/02/2025,10:04:33 AM,America/Chicago,Beverages,Iced Latte Bottle 13oz,BEV-015,1,Regular,$1.99,$0.00,$1.99,$0.14,SQ20250902017368,PMT20250902017368,Mobile POS,,,Payment,Corner Store #1,,Mr. Luis Bell,CUST382396,1e812495-0bd5-45dd-a175-47ed924b0644
09/03/2025,07:01:19 AM,America/Chicago,Beverages,Energy Drink Sugar-Free 16oz,BEV-012,1,Regular,$3.99,$0.00,$3.99,$0.28,SQ20250903017396,PMT20250903017396,Register 2,,,Payment,Corner Store #1,,Melissa Thompson,CUST252068,fa0b14f4-f3d5-4d58-933a-10eea733dfe6
09/03/2025,07:01:19 AM,America/Chicago,Grocery & Pantry,Instant Ramen Noodles,GRO-011,2,Regular,$6.98,$0.00,$6.98,$0.49,SQ20250903017396,PMT20250903017396,Register 1,,,Payment,Corner Store #1,,Melissa Thompson,CUST252068,fa0b14f4-f3d5-4d58-933a-10eea733dfe6
09/03/2025,07:01:19 AM,America/Chicago,Beverages,Coca-Cola 20oz Bottle,BEV-001,1,Regular,$3.49,$0.00,$3.49,$0.24,SQ20250903017396,PMT20250903017396,Register 1,,,Payment,Corner Store #1,,Melissa Thompson,CUST252068,fa0b14f4-f3d5-4d58-933a-10eea733dfe6
09/03/2025,11:28:39 AM,America/Chicago,Beverages,Energy Drink Sugar-Free 16oz,BEV-012,1,Regular,$3.99,$0.00,$3.99,$0.28,SQ20250903017408,PMT20250903017408,Register 1,,,Payment,Corner Store #1,,,,
09/03/2025,11:28:39 AM,America/Chicago,Frozen Foods,Frozen Breakfast Sandwich,FRZ-008,3,Regular,$19.47,$0.00,$19.47,$1.36,SQ20250903017408,PMT20250903017408,Register 1,,,Payment,Corner Store #1,,,,
09/03/2025,11:28:39 AM,America/Chicago,Frozen Foods,Frozen Chicken Nuggets Bag,FRZ-005,1,Regular,$3.49,$0.00,$3.49,$0.24,SQ20250903017408,PMT20250903017408,Register 2,,,Payment,Corner Store #1,,,,
09/03/2025,11:28:39 AM,America/Chicago,Health & OTC,Allergy Relief Tablets,HOT-003,1,Regular,$13.49,$0.00,$13.49,$0.94,SQ20250903017408,PMT20250903017408,Register 1,,,Payment,Corner Store #1,,,,
09/03/2025,11:55:08 AM,America/Chicago,Candy,M&M's Plain Bag,CDY-003,1,Regular,$1.99,$0.00,$1.99,$0.14,SQ20250903017417,PMT20250903017417,Register 1,,,Payment,Corner Store #1,,,,
09/04/2025,03:33:03 PM,America/Chicago,Beverages,Bottled Water 16.9oz,BEV-008,2,Regular,$7.98,$0.00,$7.98,$0.56,SQ20250904017478,PMT20250904017478,Mobile POS,,,Payment,Corner Store #1,,,,
09/04/2025,12:23:33 PM,America/Chicago,Grocery & Pantry,Pasta Sauce Jar,GRO-003,3,Regular,$14.97,$0.00,$14.97,$1.05,SQ20250904017486,PMT20250904017486,Mobile POS,,,Payment,Corner Store #1,,Makayla Reynolds,CUST167353,114b32aa-6815-43bd-b40a-5464d7a94992
09/04/2025,12:23:33 PM,America/Chicago,Beverages,Iced Tea Lemon 18.5oz,BEV-010,1,Regular,$3.49,$0.00,$3.49,$0.24,SQ20250904017486,PMT20250904017486,Mobile POS,,,Payment,Corner Store #1,,Makayla Reynolds,CUST167353,114b32aa-6815-43bd-b40a-5464d7a94992
09/04/2025,12:23:33 PM,America/Chicago,Bakery,Wheat Sandwich Bread,BAK-002,1,Regular,$5.99,$0.00,$5.99,$0.42,SQ20250904017486,PMT20250904017486,Register 2,,,Payment,Corner Store #1,,Makayla Reynolds,CUST167353,114b32aa-6815-43bd-b40a-5464d7a94992
09/04/2025,01:26:34 PM,America/Chicago,Frozen Foods,Frozen Ice Cream Sandwiches 6-Pack,FRZ-009,1,Regular,$2.50,$0.00,$2.50,$0.18,SQ20250904017498,PMT20250904017498,Register 1,,,Payment,Corner Store #1,,,,
09/04/2025,01:26:34 PM,America/Chicago,Candy,M&M's Plain Bag,CDY-003,1,Regular,$1.99,$0.00,$1.99,$0.14,SQ20250904017498,PMT20250904017498,Register 1,,,Payment,Corner Store #1,,,,
09/04/2025,01:26:34 PM,America/Chicago,Snacks,Peanut Butter Crackers Pack,SNK-010,3,Regular,$10.47,$0.00,$10.47,$0.73,SQ20250904017498,PMT20250904017498,Register 2,,,Payment,Corner Store #1,,,,
09/04/2025,01:26:34 PM,America/Chicago,Bakery,Glazed Donut,BAK-006,1,Regular,$4.99,$0.00,$4.99,$0.35,SQ20250904017498,PMT20250904017498,Register 1,,,Payment,Corner Store #1,,,,
09/04/2025,01:26:34 PM,America/Chicago,Candy,Starburst Original Bag,CDY-006,1,Regular,$1.49,$0.00,$1.49,$0.10,SQ20250904017498,PMT20250904017498,Register 1,,,Payment,Corner Store #1,,,,
09/05/2025,06:34:43 PM,America/Chicago,Personal Care,Travel Size Shampoo,PCR-005,1,Regular,$3.99,$0.00,$3.99,$0.28,SQ20250905017522,PMT20250905017522,Register 2,,,Payment,Corner Store #1,,,,
09/05/2025,06:34:43 PM,America/Chicago,Household & Cleaning,Lighter Fluid,HHC-015,2,Regular,$7.98,$0.00,$7.98,$0.56,SQ20250905017522,PMT20250905017522,Register 2,,,Payment,Corner Store #1,,,,
09/05/2025,06:34:43 PM,America/Chicago,Personal Care,Toothpaste Tube,PCR-001,1,Regular,$5.99,$0.00,$5.99,$0.42,SQ20250905017522,PMT20250905017522,Register 2,,,Payment,Corner Store #1,,,,
09/05/2025,06:34:43 PM,America/Chicago,Bakery,Bagels Plain 6-Pack,BAK-003,1,Regular,$5.49,$0.00,$5.49,$0.38,SQ20250905017522,PMT20250905017522,Register 1,,,Payment,Corner Store #1,,,,
09/05/2025,03:01:28 PM,America/Chicago,Candy,M&M's Peanut Bag,CDY-002,1,Regular,$2.49,$0.00,$2.49,$0.17,SQ20250905017544,PMT20250905017544,Mobile POS,,,Payment,Corner Store #1,,,,
09/05/2025,03:01:28 PM,America/Chicago,Household & Cleaning,All-Purpose Cleaner Spray,HHC-005,1,Regular,$8.49,$0.00,$8.49,$0.59,SQ20250905017544,PMT20250905017544,Register 1,,,Payment,Corner Store #1,,,,
09/05/2025,03:01:28 PM,America/Chicago,Beverages,Sprite 20oz Bottle,BEV-003,1,Regular,$1.49,$0.00,$1.49,$0.10,SQ20250905017544,PMT20250905017544,Mobile POS,,,Payment,Corner Store #1,,,,
09/05/2025,03:01:28 PM,America/Chicago,Bakery,Wheat Sandwich Bread,BAK-002,3,Regular,$17.97,$0.00,$17.97,$1.26,SQ20250905017544,PMT20250905017544,Mobile POS,,,Payment,Corner Store #1,,,,
09/05/2025,03:01:28 PM,America/Chicago,Dairy,Greek Yogurt Cup,DAI-008,1,Regular,$4.49,$0.00,$4.49,$0.31,SQ20250905017544,PMT20250905017544,Mobile POS,,,Payment,Corner Store #1,,,,
09/05/2025,07:05:09 AM,America/Chicago,Dairy,Butter Stick 4oz,DAI-005,1,Regular,$6.99,$0.00,$6.99,$0.49,SQ20250905017555,PMT20250905017555,Register 2,,,Payment,Corner Store #1,,Ashley Holt,CUST876576,5ba21b8c-5066-4b04-81a6-bcf9dbbaf54d
09/05/2025,07:05:09 AM,America/Chicago,Grocery & Pantry,Cereal Small Box,GRO-009,1,Regular,$1.49,-$0.15,$1.34,$0.09,SQ20250905017555,PMT20250905017555,Mobile POS,,,Payment,Corner Store #1,,Ashley Holt,CUST876576,5ba21b8c-5066-4b04-81a6-bcf9dbbaf54d
09/05/2025,07:05:09 AM,America/Chicago,Bakery,White Sandwich Bread,BAK-001,1,Regular,$3.49,$0.00,$3.49,$0.24,SQ20250905017555,PMT20250905017555,Register 2,,,Payment,Corner Store #1,,Ashley Holt,CUST876576,5ba21b8c-5066-4b04-81a6-bcf9dbbaf54d
09/06/2025,01:53:42 PM,America/Chicago,Bakery,Banana Bread Slice,BAK-011,1,Regular,$1.99,$0.00,$1.99,$0.14,SQ20250906017591,PMT20250906017591,Mobile POS,,,Payment,Corner Store #1,,,,
09/06/2025,01:53:42 PM,America/Chicago,Grocery & Pantry,Instant Oatmeal Packets,GRO-010,2,Regular,$2.98,$0.00,$2.98,$0.21,SQ20250906017591,PMT20250906017591,Register 1,,,Payment,Corner Store #1,,,,
09/06/2025,08:52:55 PM,America/Chicago,Health & OTC,Nasal Spray,HOT-013,3,Regular,$37.47,$0.00,$37.47,$2.62,SQ20250906017592,PMT20250906017592,Register 1,,,Payment,Corner Store #1,,,,
09/06/2025,08:22:11 AM,America/Chicago,Beverages,Pepsi 20oz Bottle,BEV-004,1,Regular,$3.49,$0.00,$3.49,$0.24,SQ20250906017597,PMT20250906017597,Register 2,,,Payment,Corner Store #1,,,,
09/06/2025,08:22:11 AM,America/Chicago,Household & Cleaning,Sponges 3-Pack,HHC-007,2,Regular,$18.98,$0.00,$18.98,$1.33,SQ20250906017597,PMT20250906017597,Register 2,,,Payment,Corner Store #1,,,,
09/06/2025,08:22:11 AM,America/Chicago,Snacks,Peanut Butter Crackers Pack,SNK-010,2,Regular,$6.98,$0.00,$6.98,$0.49,SQ20250906017597,PMT20250906017597,Mobile POS,,,Payment,Corner Store #1,,,,
09/06/2025,08:22:11 AM,America/Chicago,Personal Care,Hair Gel Small,PCR-013,1,Regular,$7.49,$0.00,$7.49,$0.52,SQ20250906017597,PMT20250906017597,Register 1,,,Payment,Corner Store #1,,,,
09/07/2025,09:12:13 PM,America/Chicago,Beverages,Orange Juice 12oz,BEV-013,1,Regular,$2.49,$0.00,$2.49,$0.17,SQ20250907017684,PMT20250907017684,Mobile POS,,,Payment,Corner Store #1,,,,
09/07/2025,09:12:13 PM,America/Chicago,Bakery,Chocolate Donut,BAK-007,1,Regular,$1.99,$0.00,$1.99,$0.14,SQ20250907017684,PMT20250907017684,Register 2,,,Payment,Corner Store #1,,,,
09/07/2025,09:12:13 PM,America/Chicago,Personal Care,Mouthwash 8oz,PCR-003,1,Regular,$4.99,$0.00,$4.99,$0.35,SQ20250907017684,PMT20250907017684,Mobile POS,,,Payment,Corner Store #1,,,,
09/07/2025,09:12:13 PM,America/Chicago,Grocery & Pantry,Cereal Small Box,GRO-009,3,Regular,$4.47,$0.00,$4.47,$0.31,SQ20250907017684,PMT20250907017684,Register 1,,,Payment,Corner Store #1,,,,
09/07/2025,04:41:38 PM,America/Chicago,Personal Care,Travel Size Shampoo,PCR-005,1,Regular,$3.99,$0.00,$3.99,$0.28,SQ20250907017700,PMT20250907017700,Register 2,,,Payment,Corner Store #1,,,,
09/07/2025,12:09:18 PM,America/Chicago,Personal Care,Bar Soap 2-Pack,PCR-004,2,Regular,$7.98,$0.00,$7.98,$0.56,SQ20250907017726,PMT20250907017726,Register 2,,,Payment,Corner Store #1,,Jocelyn Charles,CUST676143,5c035317-2f38-4264-9a22-3635f4158ddf
09/08/2025,11:50:38 AM,America/Chicago,Household & Cleaning,Plastic Wrap Roll,HHC-009,1,Regular,$7.49,$0.00,$7.49,$0.52,SQ20250908017758,PMT20250908017758,Register 2,,,Payment,Corner Store #1,,,,
09/08/2025,11:50:38 AM,America/Chicago,Candy,Hershey's Milk Chocolate Bar,CDY-009,2,Regular,$5.98,$0.00,$5.98,$0.42,SQ20250908017758,PMT20250908017758,Register 1,,,Payment,Corner Store #1,,,,
09/08/2025,04:17:33 PM,America/Chicago,Household & Cleaning,Batteries AA 4-Pack,HHC-012,1,Regular,$6.49,$0.00,$6.49,$0.45,SQ20250908017788,PMT20250908017788,Register 2,,,Payment,Corner Store #1,,Jamie Barrett,CUST110532,4dc41ea9-e36d-4559-a49c-9a6e9968484e
09/09/2025,05:29:46 PM,America/Chicago,Bakery,Hamburger Buns 8-Pack,BAK-013,1,Regular,$2.99,$0.00,$2.99,$0.21,SQ20250909017815,PMT20250909017815,Register 1,,,Payment,Corner Store #1,,,,
09/09/2025,12:19:18 PM,America/Chicago,Dairy,Butter Stick 4oz,DAI-005,3,Regular,$20.97,$0.00,$20.97,$1.47,SQ20250909017854,PMT20250909017854,Register 2,,,Payment,Corner Store #1,,Peter Hayes,CUST129256,b3ec3680-10bb-4ed7-b0b7-b5773bd6916f
09/10/2025,07:39:26 PM,America/Chicago,Beverages,Bottled Water 16.9oz,BEV-008,1,Regular,$3.99,$0.00,$3.99,$0.28,SQ20250910017892,PMT20250910017892,Mobile POS,,,Payment,Corner Store #1,,,,
09/10/2025,07:27:07 AM,America/Chicago,Personal Care,Deodorant Stick,PCR-006,1,Regular,$2.99,$0.00,$2.99,$0.21,SQ20250910017912,PMT20250910017912,Register 2,,,Payment,Corner Store #1,,Patrick Woods,CUST255046,1a9062c7-3c40-4ca2-b4d4-2426d4db54a3
09/10/2025,07:27:07 AM,America/Chicago,Household & Cleaning,Batteries AA 4-Pack,HHC-012,2,Regular,$12.98,$0.00,$12.98,$0.91,SQ20250910017912,PMT20250910017912,Register 2,,,Payment,Corner Store #1,,Patrick Woods,CUST255046,1a9062c7-3c40-4ca2-b4d4-2426d4db54a3
09/11/2025,04:00:05 PM,America/Chicago,Bakery,Cinnamon Roll,BAK-010,1,Regular,$5.49,$0.00,$5.49,$0.38,SQ20250911017927,PMT20250911017927,Register 1,,,Payment,Corner Store #1,,,,
09/11/2025,12:55:00 PM,America/Chicago,Household & Cleaning,Plastic Wrap Roll,HHC-009,1,Regular,$7.49,$0.00,$7.49,$0.52,SQ20250911017971,PMT20250911017971,Register 1,,,Payment,Corner Store #1,,,,
09/11/2025,09:19:38 PM,America/Chicago,Personal Care,Travel Size Body Wash,PCR-014,1,Regular,$5.49,$0.00,$5.49,$0.38,SQ20250911017978,PMT20250911017978,Register 2,,,Payment,Corner Store #1,,Amber Becker,CUST357835,b5798280-e9c7-4673-a3c0-8f2df33a86db
09/12/2025,01:48:28 PM,America/Chicago,Frozen Foods,Frozen Mozzarella Sticks Bag,FRZ-013,1,Regular,$6.49,$0.00,$6.49,$0.45,SQ20250912017989,PMT20250912017989,Register 2,,,Payment,Corner Store #1,,,,
09/12/2025,01:48:28 PM,America/Chicago,Snacks,Beef Jerky Original 2.85oz,SNK-007,1,Regular,$2.49,$0.00,$2.49,$0.17,SQ20250912017989,PMT20250912017989,Register 1,,,Payment,Corner Store #1,,,,
09/12/2025,01:48:28 PM,America/Chicago,Bakery,Wheat Sandwich Bread,BAK-002,1,Regular,$5.99,$0.00,$5.99,$0.42,SQ20250912017989,PMT20250912017989,Register 2,,,Payment,Corner Store #1,,,,
09/12/2025,03:12:02 PM,America/Chicago,Grocery & Pantry,Spaghetti Pasta Box,GRO-002,1,Regular,$4.99,$0.00,$4.99,$0.35,SQ20250912017997,PMT20250912017997,Register 1,,,Payment,Corner Store #1,,,,
09/12/2025,03:12:02 PM,America/Chicago,Dairy,Shredded Cheddar Cheese 8oz,DAI-006,3,Regular,$17.97,$0.00,$17.97,$1.26,SQ20250912017997,PMT20250912017997,Register 2,,,Payment,Corner Store #1,,,,
09/12/2025,09:56:10 AM,America/Chicago,Bakery,Wheat Sandwich Bread,BAK-002,1,Regular,$5.99,$0.00,$5.99,$0.42,SQ20250912018025,PMT20250912018025,Register 1,,,Payment,Corner Store #1,,Darin Ray,CUST665262,bbf2bd45-9252-4856-b688-48ea115615d0
09/12/2025,09:56:10 AM,America/Chicago,Candy,M&M's Plain Bag,CDY-003,1,Regular,$1.99,$0.00,$1.99,$0.14,SQ20250912018025,PMT20250912018025,Register 1,,,Payment,Corner Store #1,,Darin Ray,CUST665262,bbf2bd45-9252-4856-b688-48ea115615d0
09/12/2025,09:56:10 AM,America/Chicago,Bakery,Chocolate Donut,BAK-007,1,Regular,$1.99,$0.00,$1.99,$0.14,SQ20250912018025,PMT20250912018025,Mobile POS,,,Payment,Corner Store #1,,Darin Ray,CUST665262,bbf2bd45-9252-4856-b688-48ea115615d0
09/12/2025,09:56:10 AM,America/Chicago,Dairy,2% Milk 1 Gallon,DAI-002,1,Regular,$4.49,$0.00,$4.49,$0.31,SQ20250912018025,PMT20250912018025,Mobile POS,,,Payment,Corner Store #1,,Darin Ray,CUST665262,bbf2bd45-9252-4856-b688-48ea115615d0
09/13/2025,07:34:21 AM,America/Chicago,Health & OTC,Face Masks 5-Pack,HOT-011,3,Regular,$37.47,$0.00,$37.47,$2.62,SQ20250913018087,PMT20250913018087,Mobile POS,,,Payment,Corner Store #1,,,,
09/13/2025,07:34:21 AM,America/Chicago,Snacks,Doritos Nacho Cheese 1oz,SNK-002,1,Regular,$2.49,$0.00,$2.49,$0.17,SQ20250913018087,PMT20250913018087,Mobile POS,,,Payment,Corner Store #1,,,,
09/13/2025,11:26:14 AM,America/Chicago,Beverages,Sprite 20oz Bottle,BEV-003,2,Regular,$2.98,$0.00,$2.98,$0.21,SQ20250913018113,PMT20250913018113,Register 1,,,Payment,Corner Store #1,,Austin Leonard,CUST371980,ec238cc1-f692-4870-a43a-3b69fcd5e8e6
09/13/2025,09:03:50 PM,America/Chicago,Health & OTC,Acetaminophen Tablets Small Bottle,HOT-002,1,Regular,$10.99,$0.00,$10.99,$0.77,SQ20250913018139,PMT20250913018139,Mobile POS,,,Payment,Corner Store #1,,,,
09/13/2025,09:03:50 PM,America/Chicago,Candy,M&M's Plain Bag,CDY-003,2,Regular,$3.98,$0.00,$3.98,$0.28,SQ20250913018139,PMT20250913018139,Register 2,,,Payment,Corner Store #1,,,,
09/13/2025,09:03:50 PM,America/Chicago,Snacks,Peanut Butter Crackers Pack,SNK-010,2,Regular,$6.98,$0.00,$6.98,$0.49,SQ20250913018139,PMT20250913018139,Register 1,,,Payment,Corner Store #1,,,,
09/13/2025,08:25:27 AM,America/Chicago,Candy,Hershey's Milk Chocolate Bar,CDY-009,1,Regular,$2.99,$0.00,$2.99,$0.21,SQ20250913018146,PMT20250913018146,Register 2,,,Payment,Corner Store #1,,,,
09/14/2025,11:44:02 AM,America/Chicago,Health & OTC,Antacid Tablets Roll,HOT-005,3,Regular,$16.47,$0.00,$16.47,$1.15,SQ20250914018199,PMT20250914018199,Mobile POS,,,Payment,Corner Store #1,,,,
09/14/2025,04:15:10 PM,America/Chicago,Bakery,Hamburger Buns 8-Pack,BAK-013,2,Regular,$5.98,$0.00,$5.98,$0.42,SQ20250914018206,PMT20250914018206,Mobile POS,,,Payment,Corner Store #1,,Scott King,CUST592663,10747f51-40b2-423d-a8ee-009b4748610e
09/14/2025,04:15:10 PM,America/Chicago,Health & OTC,First Aid Spray,HOT-009,1,Regular,$10.99,$0.00,$10.99,$0.77,SQ20250914018206,PMT20250914018206,Mobile POS,,,Payment,Corner Store #1,,Scott King,CUST592663,10747f51-40b2-423d-a8ee-009b4748610e
09/14/2025,04:15:10 PM,America/Chicago,Personal Care,Mouthwash 8oz,PCR-003,1,Regular,$4.99,$0.00,$4.99,$0.35,SQ20250914018206,PMT20250914018206,Mobile POS,,,Payment,Corner Store #1,,Scott King,CUST592663,10747f51-40b2-423d-a8ee-009b4748610e
09/14/2025,04:15:10 PM,America/Chicago,Beverages,Coca-Cola 20oz Bottle,BEV-001,1,Regular,$3.49,$0.00,$3.49,$0.24,SQ20250914018206,PMT20250914018206,Mobile POS,,,Payment,Corner Store #1,,Scott King,CUST592663,10747f51-40b2-423d-a8ee-009b4748610e
09/14/2025,04:15:10 PM,America/Chicago,Frozen Foods,Frozen Mozzarella Sticks Bag,FRZ-013,1,Regular,$6.49,$0.00,$6.49,$0.45,SQ20250914018206,PMT20250914018206,Mobile POS,,,Payment,Corner Store #1,,Scott King,CUST592663,10747f51-40b2-423d-a8ee-009b4748610e
09/14/2025,09:28:44 AM,America/Chicago,Grocery & Pantry,White Rice 2lb Bag,GRO-001,2,Regular,$8.98,$0.00,$8.98,$0.63,SQ20250914018234,PMT20250914018234,Mobile POS,,,Payment,Corner Store #1,,,,
09/15/2025,05:34:04 PM,America/Chicago,Bakery,Dinner Rolls 8-Pack,BAK-009,1,Regular,$2.49,$0.00,$2.49,$0.17,SQ20250915018265,PMT20250915018265,Mobile POS,,,Payment,Corner Store #1,,Adriana Malone,CUST190905,8b274fac-d636-4fba-9e23-be53788c1b36
09/15/2025,05:34:04 PM,America/Chicago,Personal Care,Toothbrush Single,PCR-002,1,Regular,$8.49,$0.00,$8.49,$0.59,SQ20250915018265,PMT20250915018265,Register 2,,,Payment,Corner Store #1,,Adriana Malone,CUST190905,8b274fac-d636-4fba-9e23-be53788c1b36
09/15/2025,06:49:55 PM,America/Chicago,Personal Care,Travel Size Shampoo,PCR-005,1,Regular,$3.99,$0.00,$3.99,$0.28,SQ20250915018292,PMT20250915018292,Register 1,,,Payment,Corner Store #1,,Michael Larson,CUST459787,ea58867e-01fc-4776-8f8f-cbaf603efb14
09/15/2025,06:49:55 PM,America/Chicago,Household & Cleaning,Trash Bags 13-Gallon 10-Pack,HHC-006,1,Regular,$2.99,$0.00,$2.99,$0.21,SQ20250915018292,PMT20250915018292,Register 2,,,Payment,Corner Store #1,,Michael Larson,CUST459787,ea58867e-01fc-4776-8f8f-cbaf603efb14
09/15/2025,09:50:33 AM,America/Chicago,Household & Cleaning,Dish Soap 12oz,HHC-003,1,Regular,$5.99,$0.00,$5.99,$0.42,SQ20250915018297,PMT20250915018297,Register 1,,,Payment,Corner Store #1,,,,
09/16/2025,11:57:25 AM,America/Chicago,Health & OTC,Small Multivitamin Bottle,HOT-007,1,Regular,$5.49,$0.00,$5.49,$0.38,SQ20250916018322,PMT20250916018322,Register 1,,,Payment,Corner Store #1,,,,
09/16/2025,11:57:25 AM,America/Chicago,Beverages,Energy Drink Original 16oz,BEV-011,2,Regular,$6.98,$0.00,$6.98,$0.49,SQ20250916018322,PMT20250916018322,Register 1,,,Payment,Corner Store #1,,,,
09/16/2025,11:57:25 AM,America/Chicago,Beverages,Sprite 20oz Bottle,BEV-003,1,Regular,$1.49,$0.00,$1.49,$0.10,SQ20250916018322,PMT20250916018322,Register 2,,,Payment,Corner Store #1,,,,
09/16/2025,11:57:25 AM,America/Chicago,Personal Care,Band-Aids Box,PCR-011,1,Regular,$5.49,$0.00,$5.49,$0.38,SQ20250916018322,PMT20250916018322,Register 1,,,Payment,Corner Store #1,,,,
09/16/2025,01:23:23 PM,America/Chicago,Candy,Life Savers Roll,CDY-015,3,Regular,$8.97,$0.00,$8.97,$0.63,SQ20250916018358,PMT20250916018358,Register 1,,,Payment,Corner Store #1,,Christine Ferrell,CUST352933,ce6e4938-190d-4681-ab80-2329a6f39cfe
09/16/2025,04:51:49 PM,America/Chicago,Frozen Foods,Frozen Pot Pie,FRZ-014,1,Regular,$6.99,$0.00,$6.99,$0.49,SQ20250916018387,PMT20250916018387,Register 2,,,Payment,Corner Store #1,,,,
09/17/2025,04:02:56 PM,America/Chicago,Beverages,Diet Coke 20oz Bottle,BEV-002,1,Regular,$3.49,-$0.35,$3.14,$0.22,SQ20250917018407,PMT20250917018407,Register 2,,,Payment,Corner Store #1,,,,
09/17/2025,11:53:14 AM,America/Chicago,Household & Cleaning,LED Light Bulbs 2-Pack,HHC-013,3,Regular,$7.47,$0.00,$7.47,$0.52,SQ20250917018409,PMT20250917018409,Register 2,,,Payment,Corner Store #1,,Jessica Porter,CUST606205,9b1025a3-89f7-4cf7-84a6-27f57cbef196
09/17/2025,11:53:14 AM,America/Chicago,Beverages,Sprite 20oz Bottle,BEV-003,1,Regular,$1.49,$0.00,$1.49,$0.10,SQ20250917018409,PMT20250917018409,Register 1,,,Payment,Corner Store #1,,Jessica Porter,CUST606205,9b1025a3-89f7-4cf7-84a6-27f57cbef196
09/18/2025,06:49:05 PM,America/Chicago,Beverages,Orange Juice 12oz,BEV-013,1,Regular,$2.49,$0.00,$2.49,$0.17,SQ20250918018486,PMT20250918018486,Register 1,,,Payment,Corner Store #1,,,,
09/18/2025,02:26:48 PM,America/Chicago,Bakery,Hot Dog Buns 8-Pack,BAK-014,1,Regular,$5.49,-$0.55,$4.94,$0.35,SQ20250918018491,PMT20250918018491,Register 2,,,Payment,Corner Store #1,,,,
09/18/2025,02:26:48 PM,America/Chicago,Health & OTC,Cough Drops Bag,HOT-004,1,Regular,$13.49,$0.00,$13.49,$0.94,SQ20250918018491,PMT20250918018491,Mobile POS,,,Payment,Corner Store #1,,,,
09/18/2025,02:26:48 PM,America/Chicago,Beverages,Gatorade Lemon-Lime 28oz,BEV-006,1,Regular,$1.49,-$0.15,$1.34,$0.09,SQ20250918018491,PMT20250918018491,Register 1,,,Payment,Corner Store #1,,,,
09/18/2025,02:26:48 PM,America/Chicago,Health & OTC,Cough Drops Bag,HOT-004,1,Regular,$13.49,$0.00,$13.49,$0.94,SQ20250918018491,PMT20250918018491,Mobile POS,,,Payment,Corner Store #1,,,,
09/18/2025,02:26:48 PM,America/Chicago,Candy,Milky Way Bar,CDY-012,1,Regular,$1.49,$0.00,$1.49,$0.10,SQ20250918018491,PMT20250918018491,Register 1,,,Payment,Corner Store #1,,,,
09/18/2025,11:39:22 AM,America/Chicago,Frozen Foods,Frozen Waffles 8-Pack,FRZ-007,2,Regular,$12.98,-$1.30,$11.68,$0.82,SQ20250918018497,PMT20250918018497,Register 2,,,Payment,Corner Store #1,,,,
09/19/2025,04:39:53 PM,America/Chicago,Bakery,Bagels Plain 6-Pack,BAK-003,1,Regular,$5.49,-$0.55,$4.94,$0.35,SQ20250919018523,PMT20250919018523,Register 2,,,Payment,Corner Store #1,,,,
09/19/2025,07:31:56 PM,America/Chicago,Beverages,Bottled Water 16.9oz,BEV-008,1,Regular,$3.99,$0.00,$3.99,$0.28,SQ20250919018561,PMT20250919018561,Register 2,,,Payment,Corner Store #1,,,,
09/19/2025,07:31:56 PM,America/Chicago,Household & Cleaning,Toilet Paper 4-Pack,HHC-002,2,Regular,$5.98,$0.00,$5.98,$0.42,SQ20250919018561,PMT20250919018561,Register 1,,,Payment,Corner Store #1,,,,
09/19/2025,08:29:08 PM,America/Chicago,Personal Care,Toothpaste Tube,PCR-001,1,Regular,$5.99,$0.00,$5.99,$0.42,SQ20250919018570,PMT20250919018570,Register 2,,,Payment,Corner Store #1,,,,
09/20/2025,04:27:10 PM,America/Chicago,Frozen Foods,Frozen Mozzarella Sticks Bag,FRZ-013,1,Regular,$6.49,$0.00,$6.49,$0.45,SQ20250920018613,PMT20250920018613,Register 2,,,Payment,Corner Store #1,,,,
09/20/2025,04:27:10 PM,America/Chicago,Snacks,Pork Rinds 2.5oz,SNK-008,1,Regular,$1.49,$0.00,$1.49,$0.10,SQ20250920018613,PMT20250920018613,Mobile POS,,,Payment,Corner Store #1,,,,
09/20/2025,07:14:58 AM,America/Chicago,Health & OTC,Allergy Relief Tablets,HOT-003,1,Regular,$13.49,$0.00,$13.49,$0.94,SQ20250920018617,PMT20250920018617,Mobile POS,,,Payment,Corner Store #1,,,,
09/20/2025,07:14:58 AM,America/Chicago,Dairy,Whole Milk Half Gallon,DAI-003,1,Regular,$6.49,$0.00,$6.49,$0.45,SQ20250920018617,PMT20250920018617,Mobile POS,,,Payment,Corner Store #1,,,,
09/20/2025,07:14:58 AM,America/Chicago,Personal Care,Toothbrush Single,PCR-002,1,Regular,$8.49,$0.00,$8.49,$0.59,SQ20250920018617,PMT20250920018617,Register 1,,,Payment,Corner Store #1,,,,
09/20/2025,12:07:13 PM,America/Chicago,Beverages,Pepsi 20oz Bottle,BEV-004,1,Regular,$3.49,$0.00,$3.49,$0.24,SQ20250920018685,PMT20250920018685,Register 1,,,Payment,Corner Store #1,,,,
09/20/2025,12:07:13 PM,America/Chicago,Bakery,Dinner Rolls 8-Pack,BAK-009,1,Regular,$2.49,$0.00,$2.49,$0.17,SQ20250920018685,PMT20250920018685,Register 2,,,Payment,Corner Store #1,,,,
09/20/2025,12:07:13 PM,America/Chicago,Beverages,Gatorade Lemon-Lime 28oz,BEV-006,1,Regular,$1.49,$0.00,$1.49,$0.10,SQ20250920018685,PMT20250920018685,Register 2,,,Payment,Corner Store #1,,,,
09/21/2025,11:54:30 AM,America/Chicago,Beverages,Bottled Water 16.9oz,BEV-008,1,Regular,$3.99,$0.00,$3.99,$0.28,SQ20250921018719,PMT20250921018719,Register 2,,,Payment,Corner Store #1,,,,
09/21/2025,11:54:30 AM,America/Chicago,Health & OTC,Digital Thermometer,HOT-012,1,Regular,$3.99,$0.00,$3.99,$0.28,SQ20250921018719,PMT20250921018719,Register 1,,,Payment,Corner Store #1,,,,
09/21/2025,04:25:51 PM,America/Chicago,Snacks,Rice Cakes Snack Pack,SNK-013,1,Regular,$1.99,$0.00,$1.99,$0.14,SQ20250921018728,PMT20250921018728,Register 2,,,Payment,Corner Store #1,,,,
09/21/2025,04:25:51 PM,America/Chicago,Personal Care,Cotton Swabs Box,PCR-010,2,Regular,$3.98,$0.00,$3.98,$0.28,SQ20250921018728,PMT20250921018728,Register 1,,,Payment,Corner Store #1,,,,
09/21/2025,11:30:03 AM,America/Chicago,Grocery & Pantry,Canned Black Beans,GRO-004,1,Regular,$6.49,$0.00,$6.49,$0.45,SQ20250921018740,PMT20250921018740,Mobile POS,,,Payment,Corner Store #1,,Tonya Graham,CUST724037,a9da5dd7-5537-4e6d-b424-4500b20463da
09/22/2025,12:27:18 PM,America/Chicago,Frozen Foods,Frozen Chocolate Ice Cream Pint,FRZ-011,2,Regular,$16.98,$0.00,$16.98,$1.19,SQ20250922018782,PMT20250922018782,Mobile POS,,,Payment,Corner Store #1,,,,
09/22/2025,12:27:18 PM,America/Chicago,Personal Care,Travel Size Body Wash,PCR-014,2,Regular,$10.98,$0.00,$10.98,$0.77,SQ20250922018782,PMT20250922018782,Mobile POS,,,Payment,Corner Store #1,,,,
09/22/2025,12:27:18 PM,America/Chicago,Health & OTC,Nasal Spray,HOT-013,1,Regular,$12.49,$0.00,$12.49,$0.87,SQ20250922018782,PMT20250922018782,Register 1,,,Payment,Corner Store #1,,,,
09/22/2025,09:20:03 AM,America/Chicago,Personal Care,Band-Aids Box,PCR-011,1,Regular,$5.49,$0.00,$5.49,$0.38,SQ20250922018812,PMT20250922018812,Mobile POS,,,Payment,Corner Store #1,,,,
09/22/2025,09:20:03 AM,America/Chicago,Personal Care,Toothpaste Tube,PCR-001,1,Regular,$5.99,$0.00,$5.99,$0.42,SQ20250922018812,PMT20250922018812,Register 2,,,Payment,Corner Store #1,,,,
09/23/2025,08:40:37 PM,America/Chicago,Personal Care,Facial Tissues Box,PCR-008,1,Regular,$5.49,-$0.55,$4.94,$0.35,SQ20250923018831,PMT20250923018831,Register 1,,,Payment,Corner Store #1,,Nicole Blanchard,CUST335356,3e22c222-7af7-496a-9e47-ca1bb4489b2d
09/23/2025,08:40:37 PM,America/Chicago,Grocery & Pantry,Cereal Small Box,GRO-009,1,Regular,$1.49,$0.00,$1.49,$0.10,SQ20250923018831,PMT20250923018831,Mobile POS,,,Payment,Corner Store #1,,Nicole Blanchard,CUST335356,3e22c222-7af7-496a-9e47-ca1bb4489b2d
09/23/2025,02:26:29 PM,America/Chicago,Grocery & Pantry,Instant Oatmeal Packets,GRO-010,1,Regular,$1.49,$0.00,$1.49,$0.10,SQ20250923018834,PMT20250923018834,Register 2,,,Payment,Corner Store #1,,,,
09/23/2025,02:26:29 PM,America/Chicago,Personal Care,Bar Soap 2-Pack,PCR-004,1,Regular,$3.99,$0.00,$3.99,$0.28,SQ20250923018834,PMT20250923018834,Register 2,,,Payment,Corner Store #1,,,,
09/24/2025,04:51:21 PM,America/Chicago,Personal Care,Travel Size Shampoo,PCR-005,2,Regular,$7.98,-$0.80,$7.18,$0.50,SQ20250924018922,PMT20250924018922,Register 1,,,Payment,Corner Store #1,,,,
09/24/2025,07:00:21 AM,America/Chicago,Frozen Foods,Frozen Popsicles 6-Pack,FRZ-015,1,Regular,$4.99,$0.00,$4.99,$0.35,SQ20250924018928,PMT20250924018928,Register 2,,,Payment,Corner Store #1,,,,
09/24/2025,07:00:21 AM,America/Chicago,Dairy,Whole Milk 1 Gallon,DAI-001,2,Regular,$6.98,$0.00,$6.98,$0.49,SQ20250924018928,PMT20250924018928,Mobile POS,,,Payment,Corner Store #1,,,,
09/25/2025,12:37:06 PM,America/Chicago,Beverages,Diet Coke 20oz Bottle,BEV-002,1,Regular,$3.49,$0.00,$3.49,$0.24,SQ20250925018957,PMT20250925018957,Mobile POS,,,Payment,Corner Store #1,,Christopher Moran,CUST969020,09edd3b6-e6b3-4de4-8d3a-b986d29f222c
09/25/2025,12:37:06 PM,America/Chicago,Grocery & Pantry,Instant Oatmeal Packets,GRO-010,2,Regular,$2.98,$0.00,$2.98,$0.21,SQ20250925018957,PMT20250925018957,Mobile POS,,,Payment,Corner Store #1,,Christopher Moran,CUST969020,09edd3b6-e6b3-4de4-8d3a-b986d29f222c
09/25/2025,12:08:50 PM,America/Chicago,Snacks,Pita Chips Sea Salt 1.5oz,SNK-015,1,Regular,$3.49,$0.00,$3.49,$0.24,SQ20250925018967,PMT20250925018967,Register 2,,,Payment,Corner Store #1,,,,
09/25/2025,12:08:50 PM,America/Chicago,Health & OTC,Digital Thermometer,HOT-012,2,Regular,$7.98,-$0.80,$7.18,$0.50,SQ20250925018967,PMT20250925018967,Register 1,,,Payment,Corner Store #1,,,,
09/25/2025,12:08:50 PM,America/Chicago,Personal Care,Bar Soap 2-Pack,PCR-004,1,Regular,$3.99,$0.00,$3.99,$0.28,SQ20250925018967,PMT20250925018967,Register 1,,,Payment,Corner Store #1,,,,
09/25/2025,12:08:50 PM,America/Chicago,Personal Care,Toothbrush Single,PCR-002,2,Regular,$16.98,$0.00,$16.98,$1.19,SQ20250925018967,PMT20250925018967,Register 2,,,Payment,Corner Store #1,,,,
09/25/2025,03:53:27 PM,America/Chicago,Candy,Skittles Original Bag,CDY-005,3,Regular,$7.47,$0.00,$7.47,$0.52,SQ20250925018968,PMT20250925018968,Mobile POS,,,Payment,Corner Store #1,,Michelle Campbell,CUST156283,e9c0cd03-9b97-4c27-ba7b-e33fd13a895f
09/26/2025,09:11:39 AM,America/Chicago,Beverages,Gatorade Lemon-Lime 28oz,BEV-006,3,Regular,$4.47,$0.00,$4.47,$0.31,SQ20250926019012,PMT20250926019012,Register 2,,,Payment,Corner Store #1,,,,
09/26/2025,04:30:59 PM,America/Chicago,Dairy,2% Milk 1 Gallon,DAI-002,1,Regular,$4.49,$0.00,$4.49,$0.31,SQ20250926019022,PMT20250926019022,Register 1,,,Payment,Corner Store #1,,Danielle Cisneros,CUST741523,6e0b214f-5e2d-4f94-97a9-bc72437483d7
09/26/2025,04:30:59 PM,America/Chicago,Snacks,Pita Chips Sea Salt 1.5oz,SNK-015,1,Regular,$3.49,$0.00,$3.49,$0.24,SQ20250926019022,PMT20250926019022,Register 2,,,Payment,Corner Store #1,,Danielle Cisneros,CUST741523,6e0b214f-5e2d-4f94-97a9-bc72437483d7
09/27/2025,11:24:09 AM,America/Chicago,Personal Care,Travel Size Body Wash,PCR-014,1,Regular,$5.49,$0.00,$5.49,$0.38,SQ20250927019091,PMT20250927019091,Register 2,,,Payment,Corner Store #1,,,,
09/27/2025,05:12:51 PM,America/Chicago,Beverages,Iced Tea Lemon 18.5oz,BEV-010,1,Regular,$3.49,$0.00,$3.49,$0.24,SQ20250927019101,PMT20250927019101,Register 1,,,Payment,Corner Store #1,,Donald Stewart,CUST233551,9ec5d42a-3629-44ef-9cd1-5e09dec9cda8
09/27/2025,05:12:51 PM,America/Chicago,Health & OTC,First Aid Spray,HOT-009,1,Regular,$10.99,$0.00,$10.99,$0.77,SQ20250927019101,PMT20250927019101,Register 1,,,Payment,Corner Store #1,,Donald Stewart,CUST233551,9ec5d42a-3629-44ef-9cd1-5e09dec9cda8
09/27/2025,12:42:57 PM,America/Chicago,Bakery,Chocolate Donut,BAK-007,1,Regular,$1.99,$0.00,$1.99,$0.14,SQ20250927019135,PMT20250927019135,Mobile POS,,,Payment,Corner Store #1,,,,
09/27/2025,07:20:05 PM,America/Chicago,Health & OTC,Antacid Tablets Roll,HOT-005,1,Regular,$5.49,$0.00,$5.49,$0.38,SQ20250927019149,PMT20250927019149,Register 1,,,Payment,Corner Store #1,,,,
09/27/2025,07:20:05 PM,America/Chicago,Beverages,Energy Drink Sugar-Free 16oz,BEV-012,1,Regular,$3.99,$0.00,$3.99,$0.28,SQ20250927019149,PMT20250927019149,Mobile POS,,,Payment,Corner Store #1,,,,
09/28/2025,12:07:02 PM,America/Chicago,Snacks,Pork Rinds 2.5oz,SNK-008,1,Regular,$1.49,$0.00,$1.49,$0.10,SQ20250928019208,PMT20250928019208,Register 1,,,Payment,Corner Store #1,,,,
09/28/2025,12:32:11 PM,America/Chicago,Beverages,Gatorade Lemon-Lime 28oz,BEV-006,1,Regular,$1.49,$0.00,$1.49,$0.10,SQ20250928019209,PMT20250928019209,Mobile POS,,,Payment,Corner Store #1,,,,
09/28/2025,12:32:11 PM,America/Chicago,Health & OTC,Vitamin C Tablets Bottle,HOT-006,1,Regular,$11.49,$0.00,$11.49,$0.80,SQ20250928019209,PMT20250928019209,Register 1,,,Payment,Corner Store #1,,,,
09/28/2025,12:19:53 PM,America/Chicago,Personal Care,Hair Gel Small,PCR-013,1,Regular,$7.49,$0.00,$7.49,$0.52,SQ20250928019223,PMT20250928019223,Register 2,,,Payment,Corner Store #1,,,,
09/29/2025,06:22:12 PM,America/Chicago,Dairy,Whole Milk 1 Gallon,DAI-001,1,Regular,$3.49,$0.00,$3.49,$0.24,SQ20250929019245,PMT20250929019245,Register 2,,,Payment,Corner Store #1,,,,
09/29/2025,12:07:59 PM,America/Chicago,Bakery,Chocolate Donut,BAK-007,1,Regular,$1.99,$0.00,$1.99,$0.14,SQ20250929019273,PMT20250929019273,Mobile POS,,,Payment,Corner Store #1,,Heidi Turner,CUST255240,df8798f2-4d4e-4528-8477-5de9bb4099bf
09/30/2025,07:43:27 AM,America/Chicago,Candy,M&M's Plain Bag,CDY-003,1,Regular,$1.99,-$0.20,$1.79,$0.13,SQ20250930019328,PMT20250930019328,Register 1,,,Payment,Corner Store #1,,,,
09/30/2025,07:43:27 AM,America/Chicago,Dairy,Greek Yogurt Cup,DAI-008,1,Regular,$4.49,$0.00,$4.49,$0.31,SQ20250930019328,PMT20250930019328,Register 2,,,Payment,Corner Store #1,,,,
09/30/2025,07:43:27 AM,America/Chicago,Snacks,Pita Chips Sea Salt 1.5oz,SNK-015,3,Regular,$10.47,$0.00,$10.47,$0.73,SQ20250930019328,PMT20250930019328,Register 2,,,Payment,Corner Store #1,,,,
09/30/2025,06:40:47 PM,America/Chicago,Personal Care,Band-Aids Box,PCR-011,1,Regular,$5.49,$0.00,$5.49,$0.38,SQ20250930019344,PMT20250930019344,Register 2,,,Payment,Corner Store #1,,,,
10/01/2025,01:51:50 PM,America/Chicago,Beverages,Energy Drink Sugar-Free 16oz,BEV-012,1,Regular,$3.99,$0.00,$3.99,$0.28,SQ20251001019415,PMT20251001019415,Register 2,,,Payment,Corner Store #1,,,,
10/01/2025,09:00:27 AM,America/Chicago,Grocery & Pantry,White Rice 2lb Bag,GRO-001,2,Regular,$8.98,$0.00,$8.98,$0.63,SQ20251001019418,PMT20251001019418,Register 2,,,Payment,Corner Store #1,,,,
10/01/2025,09:00:27 AM,America/Chicago,Dairy,Greek Yogurt Cup,DAI-008,1,Regular,$4.49,$0.00,$4.49,$0.31,SQ20251001019418,PMT20251001019418,Register 1,,,Payment,Corner Store #1,,,,
10/01/2025,09:00:27 AM,America/Chicago,Household & Cleaning,Plastic Wrap Roll,HHC-009,3,Regular,$22.47,$0.00,$22.47,$1.57,SQ20251001019418,PMT20251001019418,Mobile POS,,,Payment,Corner Store #1,,,,
10/01/2025,09:00:27 AM,America/Chicago,Candy,Milky Way Bar,CDY-012,2,Regular,$2.98,$0.00,$2.98,$0.21,SQ20251001019418,PMT20251001019418,Mobile POS,,,Payment,Corner Store #1,,,,
10/01/2025,04:46:51 PM,America/Chicago,Grocery & Pantry,Cooking Oil Small Bottle,GRO-012,1,Regular,$6.49,$0.00,$6.49,$0.45,SQ20251001019429,PMT20251001019429,Mobile POS,,,Payment,Corner Store #1,,,,
10/01/2025,04:46:51 PM,America/Chicago,Household & Cleaning,All-Purpose Cleaner Spray,HHC-005,1,Regular,$8.49,$0.00,$8.49,$0.59,SQ20251001019429,PMT20251001019429,Register 2,,,Payment,Corner Store #1,,,,
10/01/2025,11:35:02 AM,America/Chicago,Household & Cleaning,Lighter Fluid,HHC-015,3,Regular,$11.97,$0.00,$11.97,$0.84,SQ20251001019433,PMT20251001019433,Mobile POS,,,Payment,Corner Store #1,,Kelly Cox,CUST814863,f6285e40-b9cf-483f-8358-d08134450610
10/02/2025,01:58:57 PM,America/Chicago,Bakery,Chocolate Chip Muffin,BAK-005,1,Regular,$3.49,$0.00,$3.49,$0.24,SQ20251002019452,PMT20251002019452,Register 1,,,Payment,Corner Store #1,,,,
10/02/2025,01:58:57 PM,America/Chicago,Frozen Foods,Frozen Chicken Nuggets Bag,FRZ-005,2,Regular,$6.98,$0.00,$6.98,$0.49,SQ20251002019452,PMT20251002019452,Mobile POS,,,Payment,Corner Store #1,,,,
10/02/2025,06:35:10 PM,America/Chicago,Frozen Foods,Frozen Breakfast Sandwich,FRZ-008,1,Regular,$6.49,$0.00,$6.49,$0.45,SQ20251002019454,PMT20251002019454,Mobile POS,,,Payment,Corner Store #1,,Margaret Saunders,CUST611569,39209ed6-752e-4f49-a56f-7bcd673cdc9b
10/02/2025,10:33:37 AM,America/Chicago,Beverages,Gatorade Lemon-Lime 28oz,BEV-006,1,Regular,$1.49,$0.00,$1.49,$0.10,SQ20251002019500,PMT20251002019500,Register 2,,,Payment,Corner Store #1,,Scott Moore,CUST843740,c1657c6e-ec89-4be4-8de0-7f104f3e2166
10/02/2025,10:33:37 AM,America/Chicago,Beverages,Bottled Water 16.9oz,BEV-008,2,Regular,$7.98,$0.00,$7.98,$0.56,SQ20251002019500,PMT20251002019500,Register 2,,,Payment,Corner Store #1,,Scott Moore,CUST843740,c1657c6e-ec89-4be4-8de0-7f104f3e2166
10/02/2025,07:51:46 PM,America/Chicago,Candy,3 Musketeers Bar,CDY-013,2,Regular,$3.98,$0.00,$3.98,$0.28,SQ20251002019518,PMT20251002019518,Register 2,,,Payment,Corner Store #1,,Michelle Barnes,CUST744652,4cd6701c-d5dc-4956-931c-2818f61c1661
10/02/2025,07:51:46 PM,America/Chicago,Personal Care,Travel Size Shampoo,PCR-005,1,Regular,$3.99,$0.00,$3.99,$0.28,SQ20251002019518,PMT20251002019518,Register 2,,,Payment,Corner Store #1,,Michelle Barnes,CUST744652,4cd6701c-d5dc-4956-931c-2818f61c1661
10/03/2025,01:15:18 PM,America/Chicago,Personal Care,Toothpaste Tube,PCR-001,1,Regular,$5.99,$0.00,$5.99,$0.42,SQ20251003019545,PMT20251003019545,Register 1,,,Payment,Corner Store #1,,Leslie Nunez,CUST794094,9bb6eb7e-cd5d-47bc-a4ae-14a647c98691
10/03/2025,08:23:47 AM,America/Chicago,Beverages,Coca-Cola 20oz Bottle,BEV-001,1,Regular,$3.49,$0.00,$3.49,$0.24,SQ20251003019595,PMT20251003019595,Register 1,,,Payment,Corner Store #1,,,,
10/03/2025,11:16:34 AM,America/Chicago,Beverages,Bottled Water 16.9oz,BEV-008,1,Regular,$3.99,$0.00,$3.99,$0.28,SQ20251003019623,PMT20251003019623,Mobile POS,,,Payment,Corner Store #1,,Adam Collins,CUST677496,d9c6ce2c-98f2-4299-a5c9-51cdf2aaec2f
10/03/2025,06:25:44 PM,America/Chicago,Health & OTC,Digital Thermometer,HOT-012,1,Regular,$3.99,$0.00,$3.99,$0.28,SQ20251003019632,PMT20251003019632,Register 2,,,Payment,Corner Store #1,,,,
10/04/2025,12:42:08 PM,America/Chicago,Frozen Foods,Frozen Burritos 4-Pack,FRZ-003,1,Regular,$8.99,$0.00,$8.99,$0.63,SQ20251004019694,PMT20251004019694,Register 1,,,Payment,Corner Store #1,,,,
10/04/2025,12:42:08 PM,America/Chicago,Bakery,Banana Bread Slice,BAK-011,1,Regular,$1.99,$0.00,$1.99,$0.14,SQ20251004019694,PMT20251004019694,Register 2,,,Payment,Corner Store #1,,,,
10/04/2025,12:42:08 PM,America/Chicago,Health & OTC,Face Masks 5-Pack,HOT-011,1,Regular,$12.49,$0.00,$12.49,$0.87,SQ20251004019694,PMT20251004019694,Register 1,,,Payment,Corner Store #1,,,,
10/04/2025,12:42:08 PM,America/Chicago,Grocery & Pantry,White Rice 2lb Bag,GRO-001,1,Regular,$4.49,$0.00,$4.49,$0.31,SQ20251004019694,PMT20251004019694,Register 2,,,Payment,Corner Store #1,,,,
10/04/2025,12:42:08 PM,America/Chicago,Household & Cleaning,All-Purpose Cleaner Spray,HHC-005,1,Regular,$8.49,$0.00,$8.49,$0.59,SQ20251004019694,PMT20251004019694,Mobile POS,,,Payment,Corner Store #1,,,,
10/04/2025,01:20:17 PM,America/Chicago,Snacks,Rice Cakes Snack Pack,SNK-013,1,Regular,$1.99,$0.00,$1.99,$0.14,SQ20251004019709,PMT20251004019709,Register 1,,,Payment,Corner Store #1,,,,
10/04/2025,08:26:29 AM,America/Chicago,Beverages,Iced Latte Bottle 13oz,BEV-015,2,Regular,$3.98,$0.00,$3.98,$0.28,SQ20251004019719,PMT20251004019719,Register 2,,,Payment,Corner Store #1,,Joyce Peterson,CUST735824,386ea9a9-8eb8-4119-9818-50976ea48dc0
10/05/2025,05:21:23 PM,America/Chicago,Frozen Foods,Frozen Corn Dogs 4-Pack,FRZ-012,1,Regular,$5.99,$0.00,$5.99,$0.42,SQ20251005019744,PMT20251005019744,Mobile POS,,,Payment,Corner Store #1,,Melissa Anderson,CUST626473,6359812c-f512-4698-b22c-6cf7ce7fd550
10/05/2025,05:46:07 PM,America/Chicago,Snacks,Pita Chips Sea Salt 1.5oz,SNK-015,1,Regular,$3.49,$0.00,$3.49,$0.24,SQ20251005019754,PMT20251005019754,Register 2,,,Payment,Corner Store #1,,,,
10/05/2025,05:46:07 PM,America/Chicago,Candy,Sour Patch Kids Bag,CDY-010,1,Regular,$1.99,$0.00,$1.99,$0.14,SQ20251005019754,PMT20251005019754,Register 1,,,Payment,Corner Store #1,,,,
10/06/2025,01:20:48 PM,America/Chicago,Candy,M&M's Plain Bag,CDY-003,1,Regular,$1.99,$0.00,$1.99,$0.14,SQ20251006019785,PMT20251006019785,Mobile POS,,,Payment,Corner Store #1,,,,
10/06/2025,04:15:42 PM,America/Chicago,Household & Cleaning,LED Light Bulbs 2-Pack,HHC-013,1,Regular,$2.49,$0.00,$2.49,$0.17,SQ20251006019804,PMT20251006019804,Register 2,,,Payment,Corner Store #1,,Melissa Torres,CUST640985,ed8f75ba-18bf-4a71-a609-d490c19e8315
10/07/2025,12:51:37 PM,America/Chicago,Beverages,Iced Latte Bottle 13oz,BEV-015,1,Regular,$1.99,$0.00,$1.99,$0.14,SQ20251007019860,PMT20251007019860,Register 1,,,Payment,Corner Store #1,,,,
10/07/2025,08:29:24 AM,America/Chicago,Bakery,Banana Bread Slice,BAK-011,1,Regular,$1.99,$0.00,$1.99,$0.14,SQ20251007019880,PMT20251007019880,Register 2,,,Payment,Corner Store #1,,,,
10/08/2025,01:09:16 PM,America/Chicago,Household & Cleaning,Aluminum Foil Roll,HHC-008,1,Regular,$4.49,$0.00,$4.49,$0.31,SQ20251008019930,PMT20251008019930,Mobile POS,,,Payment,Corner Store #1,,,,
10/08/2025,01:06:35 PM,America/Chicago,Bakery,Wheat Sandwich Bread,BAK-002,1,Regular,$5.99,-$0.60,$5.39,$0.38,SQ20251008019932,PMT20251008019932,Register 1,,,Payment,Corner Store #1,,,,
10/09/2025,09:33:55 PM,America/Chicago,Personal Care,Disposable Razors 2-Pack,PCR-009,1,Regular,$7.49,$0.00,$7.49,$0.52,SQ20251009019955,PMT20251009019955,Mobile POS,,,Payment,Corner Store #1,,,,
10/09/2025,09:33:55 PM,America/Chicago,Health & OTC,Cough Drops Bag,HOT-004,1,Regular,$13.49,-$1.35,$12.14,$0.85,SQ20251009019955,PMT20251009019955,Register 1,,,Payment,Corner Store #1,,,,
10/09/2025,09:33:55 PM,America/Chicago,Beverages,Gatorade Lemon-Lime 28oz,BEV-006,2,Regular,$2.98,$0.00,$2.98,$0.21,SQ20251009019955,PMT20251009019955,Register 1,,,Payment,Corner Store #1,,,,
10/09/2025,09:33:55 PM,America/Chicago,Health & OTC,Ibuprofen Tablets Small Bottle,HOT-001,1,Regular,$9.49,$0.00,$9.49,$0.66,SQ20251009019955,PMT20251009019955,Register 1,,,Payment,Corner Store #1,,,,
10/09/2025,09:33:55 PM,America/Chicago,Beverages,Orange Juice 12oz,BEV-013,2,Regular,$4.98,$0.00,$4.98,$0.35,SQ20251009019955,PMT20251009019955,Register 1,,,Payment,Corner Store #1,,,,
10/09/2025,11:58:59 AM,America/Chicago,Candy,Twix Bar,CDY-008,1,Regular,$1.49,$0.00,$1.49,$0.10,SQ20251009019998,PMT20251009019998,Register 2,,,Payment,Corner Store #1,,Toni Pearson,CUST918639,6eaeb002-2ddd-4e33-8c3b-519ecca894f1
10/10/2025,04:48:52 PM,America/Chicago,Personal Care,Facial Tissues Box,PCR-008,3,Regular,$16.47,$0.00,$16.47,$1.15,SQ20251010020003,PMT20251010020003,Mobile POS,,,Payment,Corner Store #1,,,,
10/10/2025,01:22:02 PM,America/Chicago,Beverages,Bottled Water 16.9oz,BEV-008,1,Regular,$3.99,$0.00,$3.99,$0.28,SQ20251010020060,PMT20251010020060,Register 1,,,Payment,Corner Store #1,,,,
10/10/2025,07:18:55 PM,America/Chicago,Beverages,Energy Drink Original 16oz,BEV-011,1,Regular,$3.49,$0.00,$3.49,$0.24,SQ20251010020075,PMT20251010020075,Register 1,,,Payment,Corner Store #1,,Leslie Calderon,CUST163895,31cdda4b-ea72-4e7c-b265-7cedf2eaa100
10/10/2025,04:38:10 PM,America/Chicago,Candy,Hershey's Milk Chocolate Bar,CDY-009,3,Regular,$8.97,$0.00,$8.97,$0.63,SQ20251010020076,PMT20251010020076,Register 1,,,Payment,Corner Store #1,,,,
10/11/2025,01:33:48 PM,America/Chicago,Beverages,Iced Tea Lemon 18.5oz,BEV-010,1,Regular,$3.49,$0.00,$3.49,$0.24,SQ20251011020094,PMT20251011020094,Mobile POS,,,Payment,Corner Store #1,,Dawn Hampton,CUST605007,2b6e6210-7ec2-4a2f-b153-b57a3dc84bf1
10/11/2025,03:03:24 PM,America/Chicago,Bakery,Wheat Sandwich Bread,BAK-002,1,Regular,$5.99,$0.00,$5.99,$0.42,SQ20251011020099,PMT20251011020099,Register 1,,,Payment,Corner Store #1,,,,
10/11/2025,10:50:12 AM,America/Chicago,Dairy,2% Milk 1 Gallon,DAI-002,2,Regular,$8.98,$0.00,$8.98,$0.63,SQ20251011020138,PMT20251011020138,Register 1,,,Payment,Corner Store #1,,,,
10/11/2025,10:50:12 AM,America/Chicago,Personal Care,Band-Aids Box,PCR-011,1,Regular,$5.49,$0.00,$5.49,$0.38,SQ20251011020138,PMT20251011020138,Register 1,,,Payment,Corner Store #1,,,,
10/11/2025,10:50:12 AM,America/Chicago,Snacks,Lay's Classic Chips 1oz,SNK-001,1,Regular,$1.99,$0.00,$1.99,$0.14,SQ20251011020138,PMT20251011020138,Register 1,,,Payment,Corner Store #1,,,,
10/12/2025,08:04:48 AM,America/Chicago,Dairy,Half and Half Pint,DAI-012,1,Regular,$2.99,$0.00,$2.99,$0.21,SQ20251012020188,PMT20251012020188,Mobile POS,,,Payment,Corner Store #1,,Cody Murray,CUST946565,96978820-a505-44a2-9925-0e145d29915e
10/12/2025,08:04:48 AM,America/Chicago,Frozen Foods,Frozen French Fries Bag,FRZ-004,1,Regular,$5.99,$0.00,$5.99,$0.42,SQ20251012020188,PMT20251012020188,Register 1,,,Payment,Corner Store #1,,Cody Murray,CUST946565,96978820-a505-44a2-9925-0e145d29915e
10/12/2025,09:18:28 AM,America/Chicago,Candy,Skittles Original Bag,CDY-005,1,Regular,$2.49,$0.00,$2.49,$0.17,SQ20251012020208,PMT20251012020208,Mobile POS,,,Payment,Corner Store #1,,,,
10/13/2025,01:13:04 PM,America/Chicago,Beverages,Energy Drink Original 16oz,BEV-011,1,Regular,$3.49,$0.00,$3.49,$0.24,SQ20251013020231,PMT20251013020231,Register 1,,,Payment,Corner Store #1,,,,
10/13/2025,01:13:04 PM,America/Chicago,Grocery & Pantry,Spaghetti Pasta Box,GRO-002,1,Regular,$4.99,$0.00,$4.99,$0.35,SQ20251013020231,PMT20251013020231,Register 1,,,Payment,Corner Store #1,,,,
10/13/2025,01:13:04 PM,America/Chicago,Bakery,Pound Cake Slice,BAK-012,1,Regular,$5.49,$0.00,$5.49,$0.38,SQ20251013020231,PMT20251013020231,Mobile POS,,,Payment,Corner Store #1,,,,
10/13/2025,09:16:21 PM,America/Chicago,Bakery,Flour Tortillas 10-Pack,BAK-015,1,Regular,$2.99,$0.00,$2.99,$0.21,SQ20251013020239,PMT20251013020239,Register 2,,,Payment,Corner Store #1,,Zachary Bonilla,CUST932641,e330e3e1-a057-4129-b60f-1514089ee15c
10/14/2025,05:30:43 PM,America/Chicago,Frozen Foods,Frozen French Fries Bag,FRZ-004,1,Regular,$5.99,$0.00,$5.99,$0.42,SQ20251014020301,PMT20251014020301,Register 1,,,Payment,Corner Store #1,,Andrew Brown,CUST305205,6c58456e-933f-4d2f-9fba-1b1b8367c2d1
10/14/2025,05:30:43 PM,America/Chicago,Household & Cleaning,Sandwich Bags Box,HHC-010,2,Regular,$11.98,$0.00,$11.98,$0.84,SQ20251014020301,PMT20251014020301,Register 2,,,Payment,Corner Store #1,,Andrew Brown,CUST305205,6c58456e-933f-4d2f-9fba-1b1b8367c2d1
10/14/2025,05:30:43 PM,America/Chicago,Beverages,Orange Juice 12oz,BEV-013,1,Regular,$2.49,$0.00,$2.49,$0.17,SQ20251014020301,PMT20251014020301,Register 2,,,Payment,Corner Store #1,,Andrew Brown,CUST305205,6c58456e-933f-4d2f-9fba-1b1b8367c2d1
10/14/2025,10:10:15 AM,America/Chicago,Beverages,Bottled Water 16.9oz,BEV-008,1,Regular,$3.99,$0.00,$3.99,$0.28,SQ20251014020303,PMT20251014020303,Register 2,,,Payment,Corner Store #1,,,,
10/15/2025,08:23:56 PM,America/Chicago,Grocery & Pantry,Instant Oatmeal Packets,GRO-010,1,Regular,$1.49,$0.00,$1.49,$0.10,SQ20251015020345,PMT20251015020345,Mobile POS,,,Payment,Corner Store #1,,,,
10/15/2025,07:56:27 AM,America/Chicago,Household & Cleaning,Plastic Wrap Roll,HHC-009,2,Regular,$14.98,$0.00,$14.98,$1.05,SQ20251015020396,PMT20251015020396,Register 1,,,Payment,Corner Store #1,,,,
10/15/2025,07:56:27 AM,America/Chicago,Beverages,Energy Drink Sugar-Free 16oz,BEV-012,1,Regular,$3.99,$0.00,$3.99,$0.28,SQ20251015020396,PMT20251015020396,Register 2,,,Payment,Corner Store #1,,,,
10/15/2025,07:56:27 AM,America/Chicago,Candy,Milky Way Bar,CDY-012,1,Regular,$1.49,$0.00,$1.49,$0.10,SQ20251015020396,PMT20251015020396,Register 2,,,Payment,Corner Store #1,,,,
10/15/2025,07:56:27 AM,America/Chicago,Snacks,Cheetos Crunchy 1oz,SNK-003,1,Regular,$3.49,$0.00,$3.49,$0.24,SQ20251015020396,PMT20251015020396,Mobile POS,,,Payment,Corner Store #1,,,,
10/15/2025,07:20:38 AM,America/Chicago,Bakery,Hot Dog Buns 8-Pack,BAK-014,1,Regular,$5.49,$0.00,$5.49,$0.38,SQ20251015020401,PMT20251015020401,Register 2,,,Payment,Corner Store #1,,,,
10/16/2025,05:00:02 PM,America/Chicago,Snacks,Tortilla Chips Family Size,SNK-011,1,Regular,$2.99,$0.00,$2.99,$0.21,SQ20251016020458,PMT20251016020458,Mobile POS,,,Payment,Corner Store #1,,,,
10/16/2025,05:00:02 PM,America/Chicago,Beverages,Orange Juice 12oz,BEV-013,1,Regular,$2.49,$0.00,$2.49,$0.17,SQ20251016020458,PMT20251016020458,Mobile POS,,,Payment,Corner Store #1,,,,
10/16/2025,09:00:12 AM,America/Chicago,Candy,Tic Tac Mints,CDY-014,1,Regular,$2.99,$0.00,$2.99,$0.21,SQ20251016020475,PMT20251016020475,Register 2,,,Payment,Corner Store #1,,Erika Rowe,CUST196948,d1c735e7-a6d7-460b-a63e-b777a99fa70e
10/16/2025,01:02:06 PM,America/Chicago,Health & OTC,Digital Thermometer,HOT-012,2,Regular,$7.98,$0.00,$7.98,$0.56,SQ20251016020477,PMT20251016020477,Register 2,,,Payment,Corner Store #1,,,,
10/17/2025,07:31:54 AM,America/Chicago,Personal Care,Band-Aids Box,PCR-011,1,Regular,$5.49,$0.00,$5.49,$0.38,SQ20251017020528,PMT20251017020528,Register 2,,,Payment,Corner Store #1,,,,
10/17/2025,07:31:54 AM,America/Chicago,Beverages,Sprite 20oz Bottle,BEV-003,1,Regular,$1.49,$0.00,$1.49,$0.10,SQ20251017020528,PMT20251017020528,Mobile POS,,,Payment,Corner Store #1,,,,
10/17/2025,07:31:54 AM,America/Chicago,Beverages,Energy Drink Sugar-Free 16oz,BEV-012,3,Regular,$11.97,$0.00,$11.97,$0.84,SQ20251017020528,PMT20251017020528,Register 2,,,Payment,Corner Store #1,,,,
10/17/2025,10:53:00 AM,America/Chicago,Personal Care,Travel Size Shampoo,PCR-005,2,Regular,$7.98,$0.00,$7.98,$0.56,SQ20251017020539,PMT20251017020539,Register 2,,,Payment,Corner Store #1,,,,
10/17/2025,05:23:28 PM,America/Chicago,Beverages,Energy Drink Sugar-Free 16oz,BEV-012,2,Regular,$7.98,$0.00,$7.98,$0.56,SQ20251017020547,PMT20251017020547,Mobile POS,,,Payment,Corner Store #1,,,,
10/18/2025,07:33:30 PM,America/Chicago,Candy,Gummy Bears Bag,CDY-011,1,Regular,$1.99,$0.00,$1.99,$0.14,SQ20251018020596,PMT20251018020596,Mobile POS,,,Payment,Corner Store #1,,,,
10/18/2025,05:17:58 PM,America/Chicago,Beverages,Sprite 20oz Bottle,BEV-003,1,Regular,$1.49,$0.00,$1.49,$0.10,SQ20251018020610,PMT20251018020610,Register 2,,,Payment,Corner Store #1,,,,
10/18/2025,05:17:58 PM,America/Chicago,Bakery,Butter Croissant,BAK-008,2,Regular,$11.98,$0.00,$11.98,$0.84,SQ20251018020610,PMT20251018020610,Register 2,,,Payment,Corner Store #1,,,,
10/18/2025,07:32:17 PM,America/Chicago,Dairy,Cream Cheese 8oz,DAI-011,1,Regular,$6.99,$0.00,$6.99,$0.49,SQ20251018020634,PMT20251018020634,Register 1,,,Payment,Corner Store #1,,,,
10/18/2025,07:32:17 PM,America/Chicago,Personal Care,Mouthwash 8oz,PCR-003,1,Regular,$4.99,$0.00,$4.99,$0.35,SQ20251018020634,PMT20251018020634,Mobile POS,,,Payment,Corner Store #1,,,,
10/18/2025,04:57:11 PM,America/Chicago,Health & OTC,Allergy Relief Tablets,HOT-003,1,Regular,$13.49,$0.00,$13.49,$0.94,SQ20251018020664,PMT20251018020664,Register 2,,,Payment,Corner Store #1,,,,
10/18/2025,04:57:11 PM,America/Chicago,Beverages,Energy Drink Sugar-Free 16oz,BEV-012,1,Regular,$3.99,$0.00,$3.99,$0.28,SQ20251018020664,PMT20251018020664,Mobile POS,,,Payment,Corner Store #1,,,,
10/19/2025,04:52:08 PM,America/Chicago,Bakery,Wheat Sandwich Bread,BAK-002,1,Regular,$5.99,-$0.60,$5.39,$0.38,SQ20251019020688,PMT20251019020688,Register 1,,,Payment,Corner Store #1,,Ruth Sharp,CUST456995,b446eef2-59b2-4d8d-a2bd-b3360b0c8ee1
10/19/2025,05:05:42 PM,America/Chicago,Candy,Starburst Original Bag,CDY-006,2,Regular,$2.98,$0.00,$2.98,$0.21,SQ20251019020699,PMT20251019020699,Mobile POS,,,Payment,Corner Store #1,,,,
10/19/2025,11:11:29 AM,America/Chicago,Beverages,Iced Latte Bottle 13oz,BEV-015,1,Regular,$1.99,$0.00,$1.99,$0.14,SQ20251019020744,PMT20251019020744,Mobile POS,,,Payment,Corner Store #1,,,,
10/19/2025,11:11:29 AM,America/Chicago,Snacks,Cheetos Crunchy 1oz,SNK-003,2,Regular,$6.98,$0.00,$6.98,$0.49,SQ20251019020744,PMT20251019020744,Register 1,,,Payment,Corner Store #1,,,,
10/20/2025,05:49:52 PM,America/Chicago,Health & OTC,Nasal Spray,HOT-013,1,Regular,$12.49,$0.00,$12.49,$0.87,SQ20251020020752,PMT20251020020752,Register 1,,,Payment,Corner Store #1,,,,
10/20/2025,05:49:52 PM,America/Chicago,Household & Cleaning,Batteries AA 4-Pack,HHC-012,2,Regular,$12.98,$0.00,$12.98,$0.91,SQ20251020020752,PMT20251020020752,Mobile POS,,,Payment,Corner Store #1,,,,
10/20/2025,09:29:39 PM,America/Chicago,Candy,Snickers Bar,CDY-001,3,Regular,$7.47,$0.00,$7.47,$0.52,SQ20251020020798,PMT20251020020798,Mobile POS,,,Payment,Corner Store #1,,,,
10/21/2025,11:35:41 AM,America/Chicago,Personal Care,Toothpaste Tube,PCR-001,1,Regular,$5.99,$0.00,$5.99,$0.42,SQ20251021020816,PMT20251021020816,Mobile POS,,,Payment,Corner Store #1,,,,
10/21/2025,11:35:41 AM,America/Chicago,Health & OTC,Antacid Tablets Roll,HOT-005,1,Regular,$5.49,$0.00,$5.49,$0.38,SQ20251021020816,PMT20251021020816,Register 1,,,Payment,Corner Store #1,,,,
10/21/2025,09:42:06 AM,America/Chicago,Bakery,Blueberry Muffin,BAK-004,1,Regular,$2.49,-$0.25,$2.24,$0.16,SQ20251021020819,PMT20251021020819,Register 1,,,Payment,Corner Store #1,,,,
10/21/2025,09:42:06 AM,America/Chicago,Bakery,Chocolate Donut,BAK-007,3,Regular,$5.97,$0.00,$5.97,$0.42,SQ20251021020819,PMT20251021020819,Register 2,,,Payment,Corner Store #1,,,,
10/21/2025,09:42:06 AM,America/Chicago,Candy,Milky Way Bar,CDY-012,1,Regular,$1.49,$0.00,$1.49,$0.10,SQ20251021020819,PMT20251021020819,Register 2,,,Payment,Corner Store #1,,,,
10/22/2025,06:05:27 PM,America/Chicago,Beverages,Iced Latte Bottle 13oz,BEV-015,1,Regular,$1.99,$0.00,$1.99,$0.14,SQ20251022020895,PMT20251022020895,Register 2,,,Payment,Corner Store #1,,,,
10/22/2025,09:02:50 PM,America/Chicago,Snacks,Mixed Nuts 1.5oz,SNK-014,2,Regular,$3.98,$0.00,$3.98,$0.28,SQ20251022020909,PMT20251022020909,Mobile POS,,,Payment,Corner Store #1,,,,
10/23/2025,12:40:09 PM,America/Chicago,Snacks,Rice Cakes Snack Pack,SNK-013,1,Regular,$1.99,$0.00,$1.99,$0.14,SQ20251023020937,PMT20251023020937,Mobile POS,,,Payment,Corner Store #1,,,,
10/23/2025,12:40:09 PM,America/Chicago,Beverages,Orange Juice 12oz,BEV-013,1,Regular,$2.49,$0.00,$2.49,$0.17,SQ20251023020937,PMT20251023020937,Mobile POS,,,Payment,Corner Store #1,,,,
10/23/2025,12:40:09 PM,America/Chicago,Household & Cleaning,Aluminum Foil Roll,HHC-008,1,Regular,$4.49,$0.00,$4.49,$0.31,SQ20251023020937,PMT20251023020937,Mobile POS,,,Payment,Corner Store #1,,,,
10/23/2025,11:04:01 AM,America/Chicago,Grocery & Pantry,Pasta Sauce Jar,GRO-003,2,Regular,$9.98,$0.00,$9.98,$0.70,SQ20251023020951,PMT20251023020951,Register 2,,,Payment,Corner Store #1,,,,
10/23/2025,11:04:01 AM,America/Chicago,Personal Care,Travel Size Shampoo,PCR-005,1,Regular,$3.99,$0.00,$3.99,$0.28,SQ20251023020951,PMT20251023020951,Register 1,,,Payment,Corner Store #1,,,,
10/23/2025,11:04:01 AM,America/Chicago,Household & Cleaning,Air Freshener Spray,HHC-011,1,Regular,$6.49,$0.00,$6.49,$0.45,SQ20251023020951,PMT20251023020951,Register 2,,,Payment,Corner Store #1,,,,
10/23/2025,04:42:39 PM,America/Chicago,Grocery & Pantry,Grape Jelly Jar,GRO-008,1,Regular,$3.49,$0.00,$3.49,$0.24,SQ20251023020968,PMT20251023020968,Register 1,,,Payment,Corner Store #1,,,,
10/23/2025,04:42:39 PM,America/Chicago,Candy,Snickers Bar,CDY-001,2,Regular,$4.98,$0.00,$4.98,$0.35,SQ20251023020968,PMT20251023020968,Mobile POS,,,Payment,Corner Store #1,,,,
10/24/2025,05:14:00 PM,America/Chicago,Candy,Reese's Peanut Butter Cups,CDY-004,1,Regular,$1.49,$0.00,$1.49,$0.10,SQ20251024020984,PMT20251024020984,Register 2,,,Payment,Corner Store #1,,,,
10/24/2025,05:14:00 PM,America/Chicago,Candy,Kit Kat Bar,CDY-007,1,Regular,$2.99,$0.00,$2.99,$0.21,SQ20251024020984,PMT20251024020984,Register 2,,,Payment,Corner Store #1,,,,
10/24/2025,05:14:00 PM,America/Chicago,Dairy,Whole Milk 1 Gallon,DAI-001,1,Regular,$3.49,$0.00,$3.49,$0.24,SQ20251024020984,PMT20251024020984,Register 2,,,Payment,Corner Store #1,,,,
10/24/2025,08:54:54 AM,America/Chicago,Snacks,Tortilla Chips Family Size,SNK-011,1,Regular,$2.99,$0.00,$2.99,$0.21,SQ20251024020992,PMT20251024020992,Mobile POS,,,Payment,Corner Store #1,,,,
10/24/2025,06:03:11 PM,America/Chicago,Household & Cleaning,Plastic Wrap Roll,HHC-009,1,Regular,$7.49,$0.00,$7.49,$0.52,SQ20251024021055,PMT20251024021055,Register 2,,,Payment,Corner Store #1,,,,
10/24/2025,06:03:11 PM,America/Chicago,Health & OTC,Nasal Spray,HOT-013,1,Regular,$12.49,-$1.25,$11.24,$0.79,SQ20251024021055,PMT20251024021055,Mobile POS,,,Payment,Corner Store #1,,,,
10/25/2025,02:57:00 PM,America/Chicago,Grocery & Pantry,Peanut Butter Jar,GRO-007,1,Regular,$1.99,$0.00,$1.99,$0.14,SQ20251025021124,PMT20251025021124,Register 1,,,Payment,Corner Store #1,,,,
10/25/2025,02:57:00 PM,America/Chicago,Health & OTC,Face Masks 5-Pack,HOT-011,1,Regular,$12.49,$0.00,$12.49,$0.87,SQ20251025021124,PMT20251025021124,Register 1,,,Payment,Corner Store #1,,,,
10/25/2025,06:24:09 PM,America/Chicago,Candy,Starburst Original Bag,CDY-006,1,Regular,$1.49,$0.00,$1.49,$0.10,SQ20251025021125,PMT20251025021125,Mobile POS,,,Payment,Corner Store #1,,,,
10/25/2025,01:47:41 PM,America/Chicago,Grocery & Pantry,White Rice 2lb Bag,GRO-001,2,Regular,$8.98,$0.00,$8.98,$0.63,SQ20251025021138,PMT20251025021138,Register 1,,,Payment,Corner Store #1,,,,
10/25/2025,01:47:41 PM,America/Chicago,Beverages,Bottled Water 16.9oz,BEV-008,1,Regular,$3.99,$0.00,$3.99,$0.28,SQ20251025021138,PMT20251025021138,Mobile POS,,,Payment,Corner Store #1,,,,
10/25/2025,03:29:27 PM,America/Chicago,Snacks,Doritos Nacho Cheese 1oz,SNK-002,1,Regular,$2.49,$0.00,$2.49,$0.17,SQ20251025021139,PMT20251025021139,Register 1,,,Payment,Corner Store #1,,Nicole Gomez,CUST518360,717054c9-acbc-4fa0-8ea5-258fdc581b2e
10/26/2025,06:04:42 PM,America/Chicago,Health & OTC,Allergy Relief Tablets,HOT-003,2,Regular,$26.98,$0.00,$26.98,$1.89,SQ20251026021182,PMT20251026021182,Register 1,,,Payment,Corner Store #1,,,,
10/26/2025,01:28:26 PM,America/Chicago,Household & Cleaning,Toilet Paper 4-Pack,HHC-002,1,Regular,$2.99,$0.00,$2.99,$0.21,SQ20251026021193,PMT20251026021193,Mobile POS,,,Payment,Corner Store #1,,James Jones,CUST744472,3303dccc-1c4b-4f94-8ad3-e848a1068c7c
10/26/2025,01:28:26 PM,America/Chicago,Personal Care,Travel Size Body Wash,PCR-014,2,Regular,$10.98,$0.00,$10.98,$0.77,SQ20251026021193,PMT20251026021193,Mobile POS,,,Payment,Corner Store #1,,James Jones,CUST744472,3303dccc-1c4b-4f94-8ad3-e848a1068c7c
10/26/2025,01:28:26 PM,America/Chicago,Candy,M&M's Plain Bag,CDY-003,1,Regular,$1.99,$0.00,$1.99,$0.14,SQ20251026021193,PMT20251026021193,Register 2,,,Payment,Corner Store #1,,James Jones,CUST744472,3303dccc-1c4b-4f94-8ad3-e848a1068c7c
10/26/2025,11:34:47 AM,America/Chicago,Dairy,American Cheese Slices,DAI-014,1,Regular,$7.50,$0.00,$7.50,$0.53,SQ20251026021210,PMT20251026021210,Register 1,,,Payment,Corner Store #1,,,,
10/26/2025,11:34:47 AM,America/Chicago,Health & OTC,First Aid Spray,HOT-009,1,Regular,$10.99,$0.00,$10.99,$0.77,SQ20251026021210,PMT20251026021210,Mobile POS,,,Payment,Corner Store #1,,,,
10/27/2025,06:31:02 PM,America/Chicago,Beverages,Pepsi 20oz Bottle,BEV-004,1,Regular,$3.49,$0.00,$3.49,$0.24,SQ20251027021247,PMT20251027021247,Mobile POS,,,Payment,Corner Store #1,,John Flores,CUST150132,e83c77a1-3155-4a42-9eac-4a1554da025a
10/27/2025,04:16:44 PM,America/Chicago,Grocery & Pantry,Spaghetti Pasta Box,GRO-002,1,Regular,$4.99,$0.00,$4.99,$0.35,SQ20251027021272,PMT20251027021272,Register 2,,,Payment,Corner Store #1,,Jimmy Douglas,CUST164108,e53428c5-afd1-4343-8e1f-9be02f97e3ae
10/27/2025,04:16:44 PM,America/Chicago,Beverages,Coca-Cola 20oz Bottle,BEV-001,1,Regular,$3.49,$0.00,$3.49,$0.24,SQ20251027021272,PMT20251027021272,Mobile POS,,,Payment,Corner Store #1,,Jimmy Douglas,CUST164108,e53428c5-afd1-4343-8e1f-9be02f97e3ae
10/27/2025,04:16:44 PM,America/Chicago,Health & OTC,Ibuprofen Tablets Small Bottle,HOT-001,1,Regular,$9.49,$0.00,$9.49,$0.66,SQ20251027021272,PMT20251027021272,Register 2,,,Payment,Corner Store #1,,Jimmy Douglas,CUST164108,e53428c5-afd1-4343-8e1f-9be02f97e3ae
10/28/2025,04:03:27 PM,America/Chicago,Bakery,Chocolate Donut,BAK-007,2,Regular,$3.98,$0.00,$3.98,$0.28,SQ20251028021318,PMT20251028021318,Register 2,,,Payment,Corner Store #1,,,,
10/28/2025,11:37:53 AM,America/Chicago,Beverages,Orange Juice 12oz,BEV-013,1,Regular,$2.49,$0.00,$2.49,$0.17,SQ20251028021329,PMT20251028021329,Mobile POS,,,Payment,Corner Store #1,,,,
10/29/2025,11:41:04 AM,America/Chicago,Candy,Tic Tac Mints,CDY-014,2,Regular,$5.98,$0.00,$5.98,$0.42,SQ20251029021351,PMT20251029021351,Register 2,,,Payment,Corner Store #1,,,,
10/29/2025,04:50:00 PM,America/Chicago,Beverages,Energy Drink Sugar-Free 16oz,BEV-012,2,Regular,$7.98,$0.00,$7.98,$0.56,SQ20251029021366,PMT20251029021366,Register 1,,,Payment,Corner Store #1,,,,
10/29/2025,04:50:00 PM,America/Chicago,Frozen Foods,Frozen Pepperoni Pizza,FRZ-001,1,Regular,$8.49,$0.00,$8.49,$0.59,SQ20251029021366,PMT20251029021366,Mobile POS,,,Payment,Corner Store #1,,,,
10/30/2025,03:53:54 PM,America/Chicago,Bakery,Glazed Donut,BAK-006,1,Regular,$4.99,$0.00,$4.99,$0.35,SQ20251030021426,PMT20251030021426,Register 2,,,Payment,Corner Store #1,,,,
10/30/2025,03:53:54 PM,America/Chicago,Candy,Reese's Peanut Butter Cups,CDY-004,1,Regular,$1.49,$0.00,$1.49,$0.10,SQ20251030021426,PMT20251030021426,Mobile POS,,,Payment,Corner Store #1,,,,
10/30/2025,05:12:40 PM,America/Chicago,Grocery & Pantry,Canned Corn,GRO-005,1,Regular,$4.99,$0.00,$4.99,$0.35,SQ20251030021438,PMT20251030021438,Mobile POS,,,Payment,Corner Store #1,,,,
10/31/2025,12:45:13 PM,America/Chicago,Grocery & Pantry,Canned Tuna,GRO-006,3,Regular,$8.97,$0.00,$8.97,$0.63,SQ20251031021457,PMT20251031021457,Mobile POS,,,Payment,Corner Store #1,,,,
10/31/2025,07:38:33 PM,America/Chicago,Beverages,Orange Juice 12oz,BEV-013,1,Regular,$2.49,$0.00,$2.49,$0.17,SQ20251031021475,PMT20251031021475,Mobile POS,,,Payment,Corner Store #1,,,,
10/31/2025,07:38:33 PM,America/Chicago,Personal Care,Hair Gel Small,PCR-013,1,Regular,$7.49,$0.00,$7.49,$0.52,SQ20251031021475,PMT20251031021475,Register 1,,,Payment,Corner Store #1,,,,
10/31/2025,07:38:33 PM,America/Chicago,Health & OTC,Allergy Relief Tablets,HOT-003,1,Regular,$13.49,$0.00,$13.49,$0.94,SQ20251031021475,PMT20251031021475,Register 1,,,Payment,Corner Store #1,,,,
10/31/2025,11:39:33 AM,America/Chicago,Frozen Foods,Frozen Corn Dogs 4-Pack,FRZ-012,1,Regular,$5.99,$0.00,$5.99,$0.42,SQ20251031021490,PMT20251031021490,Register 1,,,Payment,Corner Store #1,,Ashley Woods,CUST846388,64ed08c9-af85-4328-9fd7-0d6f3387dc6b
11/01/2025,11:12:26 AM,America/Chicago,Bakery,Chocolate Donut,BAK-007,1,Regular,$1.99,$0.00,$1.99,$0.14,SQ20251101021529,PMT20251101021529,Mobile POS,,,Payment,Corner Store #1,,,,
11/01/2025,12:19:07 PM,America/Chicago,Dairy,Heavy Whipping Cream Pint,DAI-015,1,Regular,$7.49,$0.00,$7.49,$0.52,SQ20251101021550,PMT20251101021550,Mobile POS,,,Payment,Corner Store #1,,Bonnie Higgins,CUST196152,c662ca41-7a11-4484-89b1-4301297496de
11/01/2025,07:05:52 PM,America/Chicago,Snacks,Pork Rinds 2.5oz,SNK-008,1,Regular,$1.49,$0.00,$1.49,$0.10,SQ20251101021551,PMT20251101021551,Mobile POS,,,Payment,Corner Store #1,,Meghan Morgan,CUST415293,f2417077-cb0b-43b3-ab71-fe065b440dac
11/01/2025,07:05:52 PM,America/Chicago,Snacks,Pita Chips Sea Salt 1.5oz,SNK-015,1,Regular,$3.49,$0.00,$3.49,$0.24,SQ20251101021551,PMT20251101021551,Mobile POS,,,Payment,Corner Store #1,,Meghan Morgan,CUST415293,f2417077-cb0b-43b3-ab71-fe065b440dac
11/01/2025,04:06:08 PM,America/Chicago,Dairy,Greek Yogurt Cup,DAI-008,1,Regular,$4.49,-$0.45,$4.04,$0.28,SQ20251101021614,PMT20251101021614,Mobile POS,,,Payment,Corner Store #1,,,,
11/01/2025,04:06:08 PM,America/Chicago,Household & Cleaning,Dish Soap 12oz,HHC-003,1,Regular,$5.99,$0.00,$5.99,$0.42,SQ20251101021614,PMT20251101021614,Register 1,,,Payment,Corner Store #1,,,,
11/02/2025,11:15:10 AM,America/Chicago,Snacks,Trail Mix Pouch 2oz,SNK-006,1,Regular,$3.99,$0.00,$3.99,$0.28,SQ20251102021623,PMT20251102021623,Mobile POS,,,Payment,Corner Store #1,,,,
11/02/2025,11:15:10 AM,America/Chicago,Snacks,Mixed Nuts 1.5oz,SNK-014,1,Regular,$1.99,$0.00,$1.99,$0.14,SQ20251102021623,PMT20251102021623,Mobile POS,,,Payment,Corner Store #1,,,,
11/02/2025,11:15:10 AM,America/Chicago,Snacks,Lay's Classic Chips 1oz,SNK-001,1,Regular,$1.99,$0.00,$1.99,$0.14,SQ20251102021623,PMT20251102021623,Register 2,,,Payment,Corner Store #1,,,,
11/02/2025,10:42:06 AM,America/Chicago,Frozen Foods,Frozen Breakfast Sandwich,FRZ-008,1,Regular,$6.49,$0.00,$6.49,$0.45,SQ20251102021630,PMT20251102021630,Register 2,,,Payment,Corner Store #1,,,,
11/02/2025,10:42:06 AM,America/Chicago,Snacks,Cheetos Crunchy 1oz,SNK-003,1,Regular,$3.49,$0.00,$3.49,$0.24,SQ20251102021630,PMT20251102021630,Register 2,,,Payment,Corner Store #1,,,,
11/02/2025,10:42:06 AM,America/Chicago,Dairy,Butter Stick 4oz,DAI-005,2,Regular,$13.98,$0.00,$13.98,$0.98,SQ20251102021630,PMT20251102021630,Register 1,,,Payment,Corner Store #1,,,,
11/02/2025,10:42:06 AM,America/Chicago,Household & Cleaning,LED Light Bulbs 2-Pack,HHC-013,1,Regular,$2.49,$0.00,$2.49,$0.17,SQ20251102021630,PMT20251102021630,Register 2,,,Payment,Corner Store #1,,,,
11/02/2025,05:57:44 PM,America/Chicago,Household & Cleaning,Aluminum Foil Roll,HHC-008,1,Regular,$4.49,$0.00,$4.49,$0.31,SQ20251102021641,PMT20251102021641,Mobile POS,,,Payment,Corner Store #1,,William Matthews,CUST205065,4dbcb679-18d2-4380-80c8-56109335d876
11/02/2025,05:57:44 PM,America/Chicago,Household & Cleaning,LED Light Bulbs 2-Pack,HHC-013,2,Regular,$4.98,$0.00,$4.98,$0.35,SQ20251102021641,PMT20251102021641,Mobile POS,,,Payment,Corner Store #1,,William Matthews,CUST205065,4dbcb679-18d2-4380-80c8-56109335d876
11/03/2025,06:06:16 PM,America/Chicago,Snacks,Lay's Classic Chips 1oz,SNK-001,3,Regular,$5.97,$0.00,$5.97,$0.42,SQ20251103021707,PMT20251103021707,Register 1,,,Payment,Corner Store #1,,,,
11/03/2025,01:53:37 PM,America/Chicago,Beverages,Orange Juice 12oz,BEV-013,2,Regular,$4.98,$0.00,$4.98,$0.35,SQ20251103021746,PMT20251103021746,Mobile POS,,,Payment,Corner Store #1,,,,
11/03/2025,04:06:28 PM,America/Chicago,Bakery,Bagels Plain 6-Pack,BAK-003,1,Regular,$5.49,$0.00,$5.49,$0.38,SQ20251103021747,PMT20251103021747,Register 1,,,Payment,Corner Store #1,,,,
11/03/2025,04:06:28 PM,America/Chicago,Candy,Twix Bar,CDY-008,1,Regular,$1.49,$0.00,$1.49,$0.10,SQ20251103021747,PMT20251103021747,Register 1,,,Payment,Corner Store #1,,,,
11/04/2025,01:33:22 PM,America/Chicago,Frozen Foods,Frozen Mixed Vegetables Bag,FRZ-006,1,Regular,$2.50,$0.00,$2.50,$0.18,SQ20251104021781,PMT20251104021781,Mobile POS,,,Payment,Corner Store #1,,,,
11/04/2025,01:33:22 PM,America/Chicago,Frozen Foods,Frozen Popsicles 6-Pack,FRZ-015,1,Regular,$4.99,$0.00,$4.99,$0.35,SQ20251104021781,PMT20251104021781,Register 2,,,Payment,Corner Store #1,,,,
11/04/2025,07:52:00 PM,America/Chicago,Household & Cleaning,Batteries AA 4-Pack,HHC-012,1,Regular,$6.49,$0.00,$6.49,$0.45,SQ20251104021790,PMT20251104021790,Register 2,,,Payment,Corner Store #1,,,,
11/05/2025,06:43:26 PM,America/Chicago,Personal Care,Toothbrush Single,PCR-002,1,Regular,$8.49,$0.00,$8.49,$0.59,SQ20251105021838,PMT20251105021838,Register 1,,,Payment,Corner Store #1,,Dr. Cynthia Hoover DVM,CUST482109,cd0c7586-1cae-4ac7-abf9-c85b1bc646fb
11/05/2025,02:40:23 PM,America/Chicago,Personal Care,Cotton Swabs Box,PCR-010,1,Regular,$1.99,$0.00,$1.99,$0.14,SQ20251105021852,PMT20251105021852,Register 1,,,Payment,Corner Store #1,,,,
11/05/2025,12:13:21 PM,America/Chicago,Dairy,String Cheese Pack,DAI-007,1,Regular,$3.99,$0.00,$3.99,$0.28,SQ20251105021856,PMT20251105021856,Register 1,,,Payment,Corner Store #1,,David Gibson,CUST916058,513fe5be-360c-4575-85f5-d6b3f42597f7
11/05/2025,12:13:21 PM,America/Chicago,Household & Cleaning,LED Light Bulbs 2-Pack,HHC-013,2,Regular,$4.98,-$0.50,$4.48,$0.31,SQ20251105021856,PMT20251105021856,Register 2,,,Payment,Corner Store #1,,David Gibson,CUST916058,513fe5be-360c-4575-85f5-d6b3f42597f7
11/06/2025,08:42:39 AM,America/Chicago,Dairy,American Cheese Slices,DAI-014,2,Regular,$15.00,$0.00,$15.00,$1.05,SQ20251106021916,PMT20251106021916,Register 2,,,Payment,Corner Store #1,,,,
11/06/2025,08:42:39 AM,America/Chicago,Personal Care,Hand Sanitizer 2oz,PCR-007,1,Regular,$3.49,$0.00,$3.49,$0.24,SQ20251106021916,PMT20251106021916,Register 1,,,Payment,Corner Store #1,,,,
11/06/2025,08:42:39 AM,America/Chicago,Household & Cleaning,Plastic Wrap Roll,HHC-009,2,Regular,$14.98,$0.00,$14.98,$1.05,SQ20251106021916,PMT20251106021916,Register 2,,,Payment,Corner Store #1,,,,
11/06/2025,08:42:39 AM,America/Chicago,Frozen Foods,Frozen Pot Pie,FRZ-014,1,Regular,$6.99,-$0.70,$6.29,$0.44,SQ20251106021916,PMT20251106021916,Mobile POS,,,Payment,Corner Store #1,,,,
11/06/2025,12:12:54 PM,America/Chicago,Dairy,2% Milk 1 Gallon,DAI-002,1,Regular,$4.49,$0.00,$4.49,$0.31,SQ20251106021938,PMT20251106021938,Register 1,,,Payment,Corner Store #1,,,,
11/07/2025,11:41:22 AM,America/Chicago,Beverages,Bottled Water 16.9oz,BEV-008,1,Regular,$3.99,$0.00,$3.99,$0.28,SQ20251107021973,PMT20251107021973,Mobile POS,,,Payment,Corner Store #1,,Latoya Cobb,CUST405680,eb8abe03-aaff-43d0-b642-faa550a7a813
11/07/2025,01:46:34 PM,America/Chicago,Grocery & Pantry,Canned Black Beans,GRO-004,3,Regular,$19.47,-$1.95,$17.52,$1.23,SQ20251107022000,PMT20251107022000,Mobile POS,,,Payment,Corner Store #1,,,,
11/07/2025,01:46:34 PM,America/Chicago,Beverages,Orange Juice 12oz,BEV-013,1,Regular,$2.49,$0.00,$2.49,$0.17,SQ20251107022000,PMT20251107022000,Register 2,,,Payment,Corner Store #1,,,,
11/07/2025,11:41:04 AM,America/Chicago,Health & OTC,Digital Thermometer,HOT-012,1,Regular,$3.99,$0.00,$3.99,$0.28,SQ20251107022003,PMT20251107022003,Mobile POS,,,Payment,Corner Store #1,,,,
11/07/2025,11:41:04 AM,America/Chicago,Candy,Starburst Original Bag,CDY-006,1,Regular,$1.49,$0.00,$1.49,$0.10,SQ20251107022003,PMT20251107022003,Mobile POS,,,Payment,Corner Store #1,,,,
11/08/2025,05:18:53 PM,America/Chicago,Candy,Starburst Original Bag,CDY-006,2,Regular,$2.98,-$0.30,$2.68,$0.19,SQ20251108022050,PMT20251108022050,Register 2,,,Payment,Corner Store #1,,,,
11/08/2025,05:18:53 PM,America/Chicago,Health & OTC,Allergy Relief Tablets,HOT-003,1,Regular,$13.49,$0.00,$13.49,$0.94,SQ20251108022050,PMT20251108022050,Mobile POS,,,Payment,Corner Store #1,,,,
11/08/2025,03:37:14 PM,America/Chicago,Beverages,Orange Juice 12oz,BEV-013,2,Regular,$4.98,$0.00,$4.98,$0.35,SQ20251108022054,PMT20251108022054,Register 1,,,Payment,Corner Store #1,,Ashley Daniel,CUST799637,91a23603-6558-4bb9-bfec-2d67fe0d884c
11/08/2025,03:37:14 PM,America/Chicago,Grocery & Pantry,Canned Black Beans,GRO-004,1,Regular,$6.49,$0.00,$6.49,$0.45,SQ20251108022054,PMT20251108022054,Mobile POS,,,Payment,Corner Store #1,,Ashley Daniel,CUST799637,91a23603-6558-4bb9-bfec-2d67fe0d884c
11/08/2025,03:37:14 PM,America/Chicago,Bakery,Blueberry Muffin,BAK-004,1,Regular,$2.49,$0.00,$2.49,$0.17,SQ20251108022054,PMT20251108022054,Register 1,,,Payment,Corner Store #1,,Ashley Daniel,CUST799637,91a23603-6558-4bb9-bfec-2d67fe0d884c
11/08/2025,07:37:11 AM,America/Chicago,Household & Cleaning,Aluminum Foil Roll,HHC-008,1,Regular,$4.49,$0.00,$4.49,$0.31,SQ20251108022071,PMT20251108022071,Mobile POS,,,Payment,Corner Store #1,,,,
11/08/2025,11:24:18 AM,America/Chicago,Personal Care,Toothbrush Single,PCR-002,1,Regular,$8.49,$0.00,$8.49,$0.59,SQ20251108022107,PMT20251108022107,Register 1,,,Payment,Corner Store #1,,,,
11/08/2025,11:24:18 AM,America/Chicago,Grocery & Pantry,Spaghetti Pasta Box,GRO-002,1,Regular,$4.99,$0.00,$4.99,$0.35,SQ20251108022107,PMT20251108022107,Register 1,,,Payment,Corner Store #1,,,,
11/09/2025,01:50:27 PM,America/Chicago,Candy,3 Musketeers Bar,CDY-013,1,Regular,$1.99,$0.00,$1.99,$0.14,SQ20251109022122,PMT20251109022122,Register 1,,,Payment,Corner Store #1,,Walter Schultz,CUST583537,816c5065-6891-4c18-849e-4d5d35da4222
11/09/2025,01:50:27 PM,America/Chicago,Snacks,Popcorn Butter Bag 3oz,SNK-005,1,Regular,$1.99,$0.00,$1.99,$0.14,SQ20251109022122,PMT20251109022122,Register 1,,,Payment,Corner Store #1,,Walter Schultz,CUST583537,816c5065-6891-4c18-849e-4d5d35da4222
11/09/2025,01:50:27 PM,America/Chicago,Beverages,Bottled Water 16.9oz,BEV-008,1,Regular,$3.99,$0.00,$3.99,$0.28,SQ20251109022122,PMT20251109022122,Register 1,,,Payment,Corner Store #1,,Walter Schultz,CUST583537,816c5065-6891-4c18-849e-4d5d35da4222
11/09/2025,01:50:27 PM,America/Chicago,Beverages,Orange Juice 12oz,BEV-013,1,Regular,$2.49,$0.00,$2.49,$0.17,SQ20251109022122,PMT20251109022122,Mobile POS,,,Payment,Corner Store #1,,Walter Schultz,CUST583537,816c5065-6891-4c18-849e-4d5d35da4222
11/09/2025,06:52:29 PM,America/Chicago,Beverages,Bottled Water 16.9oz,BEV-008,1,Regular,$3.99,-$0.40,$3.59,$0.25,SQ20251109022138,PMT20251109022138,Mobile POS,,,Payment,Corner Store #1,,,,
11/09/2025,06:52:29 PM,America/Chicago,Grocery & Pantry,Cereal Small Box,GRO-009,1,Regular,$1.49,$0.00,$1.49,$0.10,SQ20251109022138,PMT20251109022138,Mobile POS,,,Payment,Corner Store #1,,,,
11/09/2025,06:52:29 PM,America/Chicago,Snacks,Doritos Nacho Cheese 1oz,SNK-002,1,Regular,$2.49,$0.00,$2.49,$0.17,SQ20251109022138,PMT20251109022138,Register 2,,,Payment,Corner Store #1,,,,
11/09/2025,06:52:29 PM,America/Chicago,Frozen Foods,Frozen Breakfast Sandwich,FRZ-008,1,Regular,$6.49,$0.00,$6.49,$0.45,SQ20251109022138,PMT20251109022138,Register 2,,,Payment,Corner Store #1,,,,
11/09/2025,05:36:43 PM,America/Chicago,Candy,M&M's Plain Bag,CDY-003,1,Regular,$1.99,$0.00,$1.99,$0.14,SQ20251109022180,PMT20251109022180,Register 2,,,Payment,Corner Store #1,,Rachel Welch,CUST381537,009a912f-ce9b-45f6-8d10-96489c23cdc1
11/10/2025,07:13:26 PM,America/Chicago,Frozen Foods,Frozen Mozzarella Sticks Bag,FRZ-013,1,Regular,$6.49,$0.00,$6.49,$0.45,SQ20251110022214,PMT20251110022214,Register 2,,,Payment,Corner Store #1,,,,
11/10/2025,07:13:26 PM,America/Chicago,Bakery,Wheat Sandwich Bread,BAK-002,2,Regular,$11.98,-$1.20,$10.78,$0.75,SQ20251110022214,PMT20251110022214,Mobile POS,,,Payment,Corner Store #1,,,,
11/10/2025,07:46:24 AM,America/Chicago,Beverages,Energy Drink Sugar-Free 16oz,BEV-012,3,Regular,$11.97,$0.00,$11.97,$0.84,SQ20251110022237,PMT20251110022237,Register 2,,,Payment,Corner Store #1,,,,
11/10/2025,07:46:24 AM,America/Chicago,Personal Care,Travel Size Body Wash,PCR-014,3,Regular,$16.47,$0.00,$16.47,$1.15,SQ20251110022237,PMT20251110022237,Register 1,,,Payment,Corner Store #1,,,,
11/10/2025,07:46:24 AM,America/Chicago,Health & OTC,Cough Drops Bag,HOT-004,1,Regular,$13.49,$0.00,$13.49,$0.94,SQ20251110022237,PMT20251110022237,Register 2,,,Payment,Corner Store #1,,,,
11/11/2025,01:24:33 PM,America/Chicago,Frozen Foods,Frozen Chocolate Ice Cream Pint,FRZ-011,1,Regular,$8.49,$0.00,$8.49,$0.59,SQ20251111022276,PMT20251111022276,Mobile POS,,,Payment,Corner Store #1,,Eddie Hickman,CUST345624,c81b77a4-3b91-4c6b-8ff1-e4a272532182
11/11/2025,01:24:33 PM,America/Chicago,Candy,Milky Way Bar,CDY-012,1,Regular,$1.49,$0.00,$1.49,$0.10,SQ20251111022276,PMT20251111022276,Mobile POS,,,Payment,Corner Store #1,,Eddie Hickman,CUST345624,c81b77a4-3b91-4c6b-8ff1-e4a272532182
11/11/2025,01:24:33 PM,America/Chicago,Personal Care,Disposable Razors 2-Pack,PCR-009,1,Regular,$7.49,-$0.75,$6.74,$0.47,SQ20251111022276,PMT20251111022276,Register 2,,,Payment,Corner Store #1,,Eddie Hickman,CUST345624,c81b77a4-3b91-4c6b-8ff1-e4a272532182
11/11/2025,11:48:05 AM,America/Chicago,Personal Care,Hand Sanitizer 2oz,PCR-007,3,Regular,$10.47,-$1.05,$9.42,$0.66,SQ20251111022298,PMT20251111022298,Mobile POS,,,Payment,Corner Store #1,,,,
11/11/2025,11:48:05 AM,America/Chicago,Health & OTC,Small Multivitamin Bottle,HOT-007,1,Regular,$5.49,$0.00,$5.49,$0.38,SQ20251111022298,PMT20251111022298,Register 1,,,Payment,Corner Store #1,,,,
11/12/2025,11:29:26 AM,America/Chicago,Candy,M&M's Plain Bag,CDY-003,1,Regular,$1.99,$0.00,$1.99,$0.14,SQ20251112022324,PMT20251112022324,Register 2,,,Payment,Corner Store #1,,,,
11/12/2025,11:29:26 AM,America/Chicago,Personal Care,Band-Aids Box,PCR-011,2,Regular,$10.98,$0.00,$10.98,$0.77,SQ20251112022324,PMT20251112022324,Register 2,,,Payment,Corner Store #1,,,,
11/12/2025,04:57:15 PM,America/Chicago,Bakery,Flour Tortillas 10-Pack,BAK-015,2,Regular,$5.98,$0.00,$5.98,$0.42,SQ20251112022353,PMT20251112022353,Mobile POS,,,Payment,Corner Store #1,,Betty Hernandez,CUST960268,4067b6e0-0113-447c-8e1c-447334a48af8
11/12/2025,04:57:15 PM,America/Chicago,Frozen Foods,Frozen Pepperoni Pizza,FRZ-001,1,Regular,$8.49,$0.00,$8.49,$0.59,SQ20251112022353,PMT20251112022353,Register 1,,,Payment,Corner Store #1,,Betty Hernandez,CUST960268,4067b6e0-0113-447c-8e1c-447334a48af8
11/13/2025,05:38:10 PM,America/Chicago,Bakery,Wheat Sandwich Bread,BAK-002,1,Regular,$5.99,$0.00,$5.99,$0.42,SQ20251113022376,PMT20251113022376,Register 1,,,Payment,Corner Store #1,,,,
11/13/2025,05:38:10 PM,America/Chicago,Grocery & Pantry,Cereal Small Box,GRO-009,1,Regular,$1.49,$0.00,$1.49,$0.10,SQ20251113022376,PMT20251113022376,Register 1,,,Payment,Corner Store #1,,,,
11/13/2025,05:38:10 PM,America/Chicago,Health & OTC,Allergy Relief Tablets,HOT-003,1,Regular,$13.49,$0.00,$13.49,$0.94,SQ20251113022376,PMT20251113022376,Register 2,,,Payment,Corner Store #1,,,,
11/13/2025,05:38:10 PM,America/Chicago,Dairy,Shredded Cheddar Cheese 8oz,DAI-006,1,Regular,$5.99,$0.00,$5.99,$0.42,SQ20251113022376,PMT20251113022376,Register 2,,,Payment,Corner Store #1,,,,
11/13/2025,05:38:10 PM,America/Chicago,Dairy,2% Milk 1 Gallon,DAI-002,1,Regular,$4.49,$0.00,$4.49,$0.31,SQ20251113022376,PMT20251113022376,Mobile POS,,,Payment,Corner Store #1,,,,
11/13/2025,02:35:11 PM,America/Chicago,Beverages,Sprite 20oz Bottle,BEV-003,2,Regular,$2.98,$0.00,$2.98,$0.21,SQ20251113022393,PMT20251113022393,Register 1,,,Payment,Corner Store #1,,Dennis Rich,CUST831940,b0910f50-65fa-4328-9fd8-9dfd17848b08
11/13/2025,02:35:11 PM,America/Chicago,Bakery,Hamburger Buns 8-Pack,BAK-013,1,Regular,$2.99,$0.00,$2.99,$0.21,SQ20251113022393,PMT20251113022393,Mobile POS,,,Payment,Corner Store #1,,Dennis Rich,CUST831940,b0910f50-65fa-4328-9fd8-9dfd17848b08
11/13/2025,02:35:11 PM,America/Chicago,Beverages,Pepsi 20oz Bottle,BEV-004,1,Regular,$3.49,$0.00,$3.49,$0.24,SQ20251113022393,PMT20251113022393,Mobile POS,,,Payment,Corner Store #1,,Dennis Rich,CUST831940,b0910f50-65fa-4328-9fd8-9dfd17848b08
11/14/2025,06:08:47 PM,America/Chicago,Household & Cleaning,Matches Box,HHC-014,1,Regular,$11.49,$0.00,$11.49,$0.80,SQ20251114022436,PMT20251114022436,Register 1,,,Payment,Corner Store #1,,Phillip Hudson Jr.,CUST472011,0fa7df9b-0089-41ea-9aa4-24f83d67d2df
11/14/2025,06:08:47 PM,America/Chicago,Personal Care,Disposable Razors 2-Pack,PCR-009,1,Regular,$7.49,$0.00,$7.49,$0.52,SQ20251114022436,PMT20251114022436,Mobile POS,,,Payment,Corner Store #1,,Phillip Hudson Jr.,CUST472011,0fa7df9b-0089-41ea-9aa4-24f83d67d2df
11/14/2025,05:17:50 PM,America/Chicago,Dairy,Whole Milk Half Gallon,DAI-003,2,Regular,$12.98,$0.00,$12.98,$0.91,SQ20251114022437,PMT20251114022437,Register 1,,,Payment,Corner Store #1,,Robert Green,CUST923344,13467e7e-a6a2-415f-b1a1-72e3fb485114
11/14/2025,04:11:59 PM,America/Chicago,Beverages,Iced Latte Bottle 13oz,BEV-015,1,Regular,$1.99,-$0.20,$1.79,$0.13,SQ20251114022451,PMT20251114022451,Register 2,,,Payment,Corner Store #1,,,,
11/15/2025,09:59:29 PM,America/Chicago,Frozen Foods,Frozen Corn Dogs 4-Pack,FRZ-012,1,Regular,$5.99,-$0.60,$5.39,$0.38,SQ20251115022483,PMT20251115022483,Register 1,,,Payment,Corner Store #1,,,,
11/15/2025,09:59:29 PM,America/Chicago,Snacks,Rice Cakes Snack Pack,SNK-013,1,Regular,$1.99,$0.00,$1.99,$0.14,SQ20251115022483,PMT20251115022483,Mobile POS,,,Payment,Corner Store #1,,,,
11/15/2025,09:59:29 PM,America/Chicago,Frozen Foods,Frozen Chicken Nuggets Bag,FRZ-005,2,Regular,$6.98,$0.00,$6.98,$0.49,SQ20251115022483,PMT20251115022483,Mobile POS,,,Payment,Corner Store #1,,,,
11/15/2025,09:59:29 PM,America/Chicago,Candy,M&M's Plain Bag,CDY-003,1,Regular,$1.99,$0.00,$1.99,$0.14,SQ20251115022483,PMT20251115022483,Register 2,,,Payment,Corner Store #1,,,,
11/15/2025,09:59:29 PM,America/Chicago,Household & Cleaning,Aluminum Foil Roll,HHC-008,1,Regular,$4.49,$0.00,$4.49,$0.31,SQ20251115022483,PMT20251115022483,Register 1,,,Payment,Corner Store #1,,,,
11/15/2025,03:00:18 PM,America/Chicago,Household & Cleaning,Paper Towels 2-Pack,HHC-001,1,Regular,$9.49,$0.00,$9.49,$0.66,SQ20251115022518,PMT20251115022518,Mobile POS,,,Payment,Corner Store #1,,,,
11/15/2025,06:32:43 PM,America/Chicago,Snacks,Lay's Classic Chips 1oz,SNK-001,3,Regular,$5.97,$0.00,$5.97,$0.42,SQ20251115022558,PMT20251115022558,Register 2,,,Payment,Corner Store #1,,,,
11/16/2025,10:38:38 AM,America/Chicago,Candy,Starburst Original Bag,CDY-006,1,Regular,$1.49,$0.00,$1.49,$0.10,SQ20251116022565,PMT20251116022565,Mobile POS,,,Payment,Corner Store #1,,,,
11/16/2025,05:41:15 PM,America/Chicago,Beverages,Energy Drink Original 16oz,BEV-011,1,Regular,$3.49,$0.00,$3.49,$0.24,SQ20251116022566,PMT20251116022566,Register 1,,,Payment,Corner Store #1,,,,
11/16/2025,05:41:15 PM,America/Chicago,Bakery,Butter Croissant,BAK-008,1,Regular,$5.99,-$0.60,$5.39,$0.38,SQ20251116022566,PMT20251116022566,Register 1,,,Payment,Corner Store #1,,,,
11/16/2025,09:20:04 AM,America/Chicago,Health & OTC,Vitamin C Tablets Bottle,HOT-006,1,Regular,$11.49,$0.00,$11.49,$0.80,SQ20251116022575,PMT20251116022575,Mobile POS,,,Payment,Corner Store #1,,,,
11/16/2025,01:31:59 PM,America/Chicago,Frozen Foods,Frozen Mixed Vegetables Bag,FRZ-006,2,Regular,$5.00,$0.00,$5.00,$0.35,SQ20251116022595,PMT20251116022595,Mobile POS,,,Payment,Corner Store #1,,,,
11/17/2025,12:58:25 PM,America/Chicago,Household & Cleaning,LED Light Bulbs 2-Pack,HHC-013,1,Regular,$2.49,$0.00,$2.49,$0.17,SQ20251117022698,PMT20251117022698,Register 1,,,Payment,Corner Store #1,,,,
11/17/2025,12:58:25 PM,America/Chicago,Grocery & Pantry,White Rice 2lb Bag,GRO-001,1,Regular,$4.49,$0.00,$4.49,$0.31,SQ20251117022698,PMT20251117022698,Register 2,,,Payment,Corner Store #1,,,,
11/17/2025,12:58:25 PM,America/Chicago,Health & OTC,Face Masks 5-Pack,HOT-011,1,Regular,$12.49,$0.00,$12.49,$0.87,SQ20251117022698,PMT20251117022698,Register 2,,,Payment,Corner Store #1,,,,
11/17/2025,06:01:01 PM,America/Chicago,Personal Care,Toothbrush Single,PCR-002,2,Regular,$16.98,$0.00,$16.98,$1.19,SQ20251117022712,PMT20251117022712,Register 2,,,Payment,Corner Store #1,,,,
11/17/2025,06:01:01 PM,America/Chicago,Household & Cleaning,Aluminum Foil Roll,HHC-008,3,Regular,$13.47,$0.00,$13.47,$0.94,SQ20251117022712,PMT20251117022712,Mobile POS,,,Payment,Corner Store #1,,,,
11/17/2025,06:01:01 PM,America/Chicago,Grocery & Pantry,Canned Corn,GRO-005,1,Regular,$4.99,$0.00,$4.99,$0.35,SQ20251117022712,PMT20251117022712,Register 1,,,Payment,Corner Store #1,,,,
11/17/2025,01:48:21 PM,America/Chicago,Grocery & Pantry,Instant Oatmeal Packets,GRO-010,2,Regular,$2.98,$0.00,$2.98,$0.21,SQ20251117022721,PMT20251117022721,Register 1,,,Payment,Corner Store #1,,,,
11/17/2025,01:48:21 PM,America/Chicago,Beverages,Iced Tea Lemon 18.5oz,BEV-010,1,Regular,$3.49,$0.00,$3.49,$0.24,SQ20251117022721,PMT20251117022721,Register 1,,,Payment,Corner Store #1,,,,
11/17/2025,01:48:21 PM,America/Chicago,Candy,Gummy Bears Bag,CDY-011,1,Regular,$1.99,$0.00,$1.99,$0.14,SQ20251117022721,PMT20251117022721,Register 1,,,Payment,Corner Store #1,,,,
11/18/2025,04:03:00 PM,America/Chicago,Beverages,Sparkling Water Lime 12oz,BEV-009,1,Regular,$1.99,$0.00,$1.99,$0.14,SQ20251118022770,PMT20251118022770,Register 2,,,Payment,Corner Store #1,,,,
11/18/2025,11:04:50 AM,America/Chicago,Personal Care,Hand Sanitizer 2oz,PCR-007,1,Regular,$3.49,$0.00,$3.49,$0.24,SQ20251118022776,PMT20251118022776,Register 2,,,Payment,Corner Store #1,,,,
11/19/2025,05:40:25 PM,America/Chicago,Personal Care,Toothbrush Single,PCR-002,1,Regular,$8.49,$0.00,$8.49,$0.59,SQ20251119022821,PMT20251119022821,Register 2,,,Payment,Corner Store #1,,Brian Robertson,CUST434787,f720a35d-034b-4b25-a6b8-1db9c0b739f3
11/19/2025,07:17:50 PM,America/Chicago,Grocery & Pantry,White Rice 2lb Bag,GRO-001,1,Regular,$4.49,$0.00,$4.49,$0.31,SQ20251119022823,PMT20251119022823,Register 2,,,Payment,Corner Store #1,,,,
11/20/2025,06:22:13 PM,America/Chicago,Health & OTC,Allergy Relief Tablets,HOT-003,1,Regular,$13.49,$0.00,$13.49,$0.94,SQ20251120022873,PMT20251120022873,Register 2,,,Payment,Corner Store #1,,Jacob Mason,CUST124847,ca28e2e8-74c1-4e74-8fc4-350e8e31e669
11/20/2025,06:22:13 PM,America/Chicago,Frozen Foods,Frozen Burritos 4-Pack,FRZ-003,1,Regular,$8.99,$0.00,$8.99,$0.63,SQ20251120022873,PMT20251120022873,Register 2,,,Payment,Corner Store #1,,Jacob Mason,CUST124847,ca28e2e8-74c1-4e74-8fc4-350e8e31e669
11/20/2025,09:08:42 AM,America/Chicago,Health & OTC,Reading Glasses +2.0,HOT-010,1,Regular,$8.99,$0.00,$8.99,$0.63,SQ20251120022891,PMT20251120022891,Register 2,,,Payment,Corner Store #1,,,,
11/20/2025,09:08:42 AM,America/Chicago,Household & Cleaning,Aluminum Foil Roll,HHC-008,1,Regular,$4.49,$0.00,$4.49,$0.31,SQ20251120022891,PMT20251120022891,Register 1,,,Payment,Corner Store #1,,,,
11/20/2025,09:08:42 AM,America/Chicago,Personal Care,Toothbrush Single,PCR-002,1,Regular,$8.49,$0.00,$8.49,$0.59,SQ20251120022891,PMT20251120022891,Register 1,,,Payment,Corner Store #1,,,,
11/21/2025,11:32:04 AM,America/Chicago,Household & Cleaning,Sponges 3-Pack,HHC-007,1,Regular,$9.49,$0.00,$9.49,$0.66,SQ20251121022941,PMT20251121022941,Mobile POS,,,Payment,Corner Store #1,,,,
11/21/2025,11:32:04 AM,America/Chicago,Candy,M&M's Plain Bag,CDY-003,2,Regular,$3.98,$0.00,$3.98,$0.28,SQ20251121022941,PMT20251121022941,Register 2,,,Payment,Corner Store #1,,,,
11/21/2025,11:32:04 AM,America/Chicago,Personal Care,Band-Aids Box,PCR-011,2,Regular,$10.98,$0.00,$10.98,$0.77,SQ20251121022941,PMT20251121022941,Mobile POS,,,Payment,Corner Store #1,,,,
11/21/2025,07:53:40 AM,America/Chicago,Candy,M&M's Plain Bag,CDY-003,1,Regular,$1.99,$0.00,$1.99,$0.14,SQ20251121022959,PMT20251121022959,Register 2,,,Payment,Corner Store #1,,Aaron Davidson,CUST577432,00a484e8-b24f-495c-a101-54b5944d58b2
11/21/2025,07:18:37 AM,America/Chicago,Frozen Foods,Frozen Popsicles 6-Pack,FRZ-015,1,Regular,$4.99,$0.00,$4.99,$0.35,SQ20251121022969,PMT20251121022969,Register 1,,,Payment,Corner Store #1,,,,
11/22/2025,01:49:34 PM,America/Chicago,Snacks,Lay's Classic Chips 1oz,SNK-001,1,Regular,$1.99,$0.00,$1.99,$0.14,SQ20251122022986,PMT20251122022986,Mobile POS,,,Payment,Corner Store #1,,,,
11/22/2025,07:05:42 PM,America/Chicago,Beverages,Sparkling Water Lime 12oz,BEV-009,2,Regular,$3.98,$0.00,$3.98,$0.28,SQ20251122023032,PMT20251122023032,Register 1,,,Payment,Corner Store #1,,Leah Chandler,CUST440411,23b7b8bb-c587-4378-82a5-28e23a6fdb21
11/22/2025,10:20:34 AM,America/Chicago,Health & OTC,Antibacterial Ointment Tube,HOT-015,1,Regular,$9.99,$0.00,$9.99,$0.70,SQ20251122023038,PMT20251122023038,Mobile POS,,,Payment,Corner Store #1,,,,
11/22/2025,10:20:34 AM,America/Chicago,Personal Care,Travel Size Shampoo,PCR-005,1,Regular,$3.99,$0.00,$3.99,$0.28,SQ20251122023038,PMT20251122023038,Register 1,,,Payment,Corner Store #1,,,,
11/23/2025,07:16:21 AM,America/Chicago,Personal Care,Bar Soap 2-Pack,PCR-004,2,Regular,$7.98,$0.00,$7.98,$0.56,SQ20251123023092,PMT20251123023092,Register 2,,,Payment,Corner Store #1,,,,
11/23/2025,11:25:56 AM,America/Chicago,Personal Care,Travel Size Shampoo,PCR-005,1,Regular,$3.99,$0.00,$3.99,$0.28,SQ20251123023093,PMT20251123023093,Mobile POS,,,Payment,Corner Store #1,,,,
11/23/2025,09:11:13 AM,America/Chicago,Beverages,Energy Drink Sugar-Free 16oz,BEV-012,1,Regular,$3.99,-$0.40,$3.59,$0.25,SQ20251123023095,PMT20251123023095,Register 1,,,Payment,Corner Store #1,,Emily Chavez,CUST116545,7182d248-5afe-421d-ad7d-9f25c3f8f3cc
11/23/2025,09:11:13 AM,America/Chicago,Household & Cleaning,Aluminum Foil Roll,HHC-008,1,Regular,$4.49,$0.00,$4.49,$0.31,SQ20251123023095,PMT20251123023095,Register 1,,,Payment,Corner Store #1,,Emily Chavez,CUST116545,7182d248-5afe-421d-ad7d-9f25c3f8f3cc
11/24/2025,06:41:52 PM,America/Chicago,Beverages,Iced Latte Bottle 13oz,BEV-015,2,Regular,$3.98,$0.00,$3.98,$0.28,SQ20251124023141,PMT20251124023141,Register 1,,,Payment,Corner Store #1,,,,
11/24/2025,06:41:52 PM,America/Chicago,Household & Cleaning,All-Purpose Cleaner Spray,HHC-005,1,Regular,$8.49,$0.00,$8.49,$0.59,SQ20251124023141,PMT20251124023141,Register 2,,,Payment,Corner Store #1,,,,
11/24/2025,06:41:52 PM,America/Chicago,Dairy,Large Eggs Dozen,DAI-004,2,Regular,$4.98,$0.00,$4.98,$0.35,SQ20251124023141,PMT20251124023141,Mobile POS,,,Payment,Corner Store #1,,,,
11/24/2025,03:37:56 PM,America/Chicago,Beverages,Gatorade Lemon-Lime 28oz,BEV-006,1,Regular,$1.49,$0.00,$1.49,$0.10,SQ20251124023143,PMT20251124023143,Register 2,,,Payment,Corner Store #1,,Peter Goodwin,CUST975068,86cfe03d-69c8-4208-af77-bd64b1efba3f
11/24/2025,07:13:08 PM,America/Chicago,Beverages,Energy Drink Original 16oz,BEV-011,1,Regular,$3.49,$0.00,$3.49,$0.24,SQ20251124023156,PMT20251124023156,Mobile POS,,,Payment,Corner Store #1,,,,
11/24/2025,07:13:08 PM,America/Chicago,Beverages,Iced Latte Bottle 13oz,BEV-015,1,Regular,$1.99,$0.00,$1.99,$0.14,SQ20251124023156,PMT20251124023156,Register 2,,,Payment,Corner Store #1,,,,
11/24/2025,07:13:08 PM,America/Chicago,Candy,M&M's Peanut Bag,CDY-002,1,Regular,$2.49,$0.00,$2.49,$0.17,SQ20251124023156,PMT20251124023156,Register 2,,,Payment,Corner Store #1,,,,
11/25/2025,03:52:31 PM,America/Chicago,Health & OTC,Face Masks 5-Pack,HOT-011,1,Regular,$12.49,$0.00,$12.49,$0.87,SQ20251125023194,PMT20251125023194,Mobile POS,,,Payment,Corner Store #1,,David Christian,CUST943429,1a66957a-0ab8-4bf0-a32f-96e54b23b180
11/25/2025,10:00:09 AM,America/Chicago,Beverages,Energy Drink Sugar-Free 16oz,BEV-012,1,Regular,$3.99,$0.00,$3.99,$0.28,SQ20251125023209,PMT20251125023209,Mobile POS,,,Payment,Corner Store #1,,,,
11/25/2025,03:01:41 PM,America/Chicago,Personal Care,Facial Tissues Box,PCR-008,1,Regular,$5.49,$0.00,$5.49,$0.38,SQ20251125023232,PMT20251125023232,Register 1,,,Payment,Corner Store #1,,Susan Ball,CUST958693,e6ca51f9-2254-4864-9215-f840e42634c1
11/25/2025,03:01:41 PM,America/Chicago,Beverages,Energy Drink Sugar-Free 16oz,BEV-012,2,Regular,$7.98,$0.00,$7.98,$0.56,SQ20251125023232,PMT20251125023232,Register 1,,,Payment,Corner Store #1,,Susan Ball,CUST958693,e6ca51f9-2254-4864-9215-f840e42634c1
11/25/2025,03:01:41 PM,America/Chicago,Beverages,Sparkling Water Lime 12oz,BEV-009,1,Regular,$1.99,$0.00,$1.99,$0.14,SQ20251125023232,PMT20251125023232,Register 1,,,Payment,Corner Store #1,,Susan Ball,CUST958693,e6ca51f9-2254-4864-9215-f840e42634c1
11/26/2025,07:21:24 PM,America/Chicago,Bakery,Flour Tortillas 10-Pack,BAK-015,1,Regular,$2.99,$0.00,$2.99,$0.21,SQ20251126023270,PMT20251126023270,Mobile POS,,,Payment,Corner Store #1,,,,
11/26/2025,07:21:24 PM,America/Chicago,Beverages,Coca-Cola 20oz Bottle,BEV-001,1,Regular,$3.49,$0.00,$3.49,$0.24,SQ20251126023270,PMT20251126023270,Register 2,,,Payment,Corner Store #1,,,,
11/26/2025,07:21:24 PM,America/Chicago,Household & Cleaning,Toilet Paper 4-Pack,HHC-002,2,Regular,$5.98,$0.00,$5.98,$0.42,SQ20251126023270,PMT20251126023270,Register 1,,,Payment,Corner Store #1,,,,
11/26/2025,07:21:24 PM,America/Chicago,Household & Cleaning,Batteries AA 4-Pack,HHC-012,1,Regular,$6.49,-$0.65,$5.84,$0.41,SQ20251126023270,PMT20251126023270,Mobile POS,,,Payment,Corner Store #1,,,,
11/26/2025,03:24:30 PM,America/Chicago,Health & OTC,Antacid Tablets Roll,HOT-005,1,Regular,$5.49,$0.00,$5.49,$0.38,SQ20251126023271,PMT20251126023271,Register 2,,,Payment,Corner Store #1,,,,
11/26/2025,03:24:30 PM,America/Chicago,Grocery & Pantry,Instant Oatmeal Packets,GRO-010,1,Regular,$1.49,$0.00,$1.49,$0.10,SQ20251126023271,PMT20251126023271,Register 2,,,Payment,Corner Store #1,,,,
11/26/2025,03:24:30 PM,America/Chicago,Frozen Foods,Frozen Breakfast Sandwich,FRZ-008,1,Regular,$6.49,$0.00,$6.49,$0.45,SQ20251126023271,PMT20251126023271,Register 1,,,Payment,Corner Store #1,,,,
11/27/2025,06:21:45 PM,America/Chicago,Dairy,Cream Cheese 8oz,DAI-011,1,Regular,$6.99,$0.00,$6.99,$0.49,SQ20251127023338,PMT20251127023338,Mobile POS,,,Payment,Corner Store #1,,David Scott,CUST513844,91687426-3b43-40e2-b0dd-04bc928802db
11/27/2025,06:21:45 PM,America/Chicago,Bakery,Wheat Sandwich Bread,BAK-002,1,Regular,$5.99,$0.00,$5.99,$0.42,SQ20251127023338,PMT20251127023338,Register 2,,,Payment,Corner Store #1,,David Scott,CUST513844,91687426-3b43-40e2-b0dd-04bc928802db
11/27/2025,12:54:16 PM,America/Chicago,Bakery,Wheat Sandwich Bread,BAK-002,1,Regular,$5.99,$0.00,$5.99,$0.42,SQ20251127023347,PMT20251127023347,Register 2,,,Payment,Corner Store #1,,,,
11/28/2025,04:20:09 PM,America/Chicago,Beverages,Iced Latte Bottle 13oz,BEV-015,2,Regular,$3.98,$0.00,$3.98,$0.28,SQ20251128023367,PMT20251128023367,Register 2,,,Payment,Corner Store #1,,Claire Yang,CUST550631,784a1462-667f-4d61-b240-9f986d670d74
11/28/2025,10:29:27 AM,America/Chicago,Bakery,Dinner Rolls 8-Pack,BAK-009,2,Regular,$4.98,$0.00,$4.98,$0.35,SQ20251128023382,PMT20251128023382,Register 2,,,Payment,Corner Store #1,,Jennifer Boyd,CUST644524,302e450c-5881-4e4e-bb4f-ae54898c6d6f
11/28/2025,08:19:22 AM,America/Chicago,Health & OTC,Reading Glasses +2.0,HOT-010,1,Regular,$8.99,$0.00,$8.99,$0.63,SQ20251128023392,PMT20251128023392,Register 1,,,Payment,Corner Store #1,,,,
11/29/2025,08:08:11 AM,America/Chicago,Grocery & Pantry,Spaghetti Pasta Box,GRO-002,1,Regular,$4.99,$0.00,$4.99,$0.35,SQ20251129023462,PMT20251129023462,Mobile POS,,,Payment,Corner Store #1,,,,
11/29/2025,08:08:11 AM,America/Chicago,Health & OTC,First Aid Spray,HOT-009,3,Regular,$32.97,$0.00,$32.97,$2.31,SQ20251129023462,PMT20251129023462,Register 1,,,Payment,Corner Store #1,,,,
11/29/2025,08:08:11 AM,America/Chicago,Beverages,Bottled Water 16.9oz,BEV-008,1,Regular,$3.99,$0.00,$3.99,$0.28,SQ20251129023462,PMT20251129023462,Register 2,,,Payment,Corner Store #1,,,,
11/29/2025,01:51:02 PM,America/Chicago,Beverages,Iced Latte Bottle 13oz,BEV-015,1,Regular,$1.99,$0.00,$1.99,$0.14,SQ20251129023468,PMT20251129023468,Register 1,,,Payment,Corner Store #1,,,,
11/29/2025,01:51:02 PM,America/Chicago,Personal Care,Hair Gel Small,PCR-013,1,Regular,$7.49,$0.00,$7.49,$0.52,SQ20251129023468,PMT20251129023468,Mobile POS,,,Payment,Corner Store #1,,,,
11/29/2025,01:51:02 PM,America/Chicago,Frozen Foods,Frozen Mixed Vegetables Bag,FRZ-006,1,Regular,$2.50,$0.00,$2.50,$0.18,SQ20251129023468,PMT20251129023468,Register 2,,,Payment,Corner Store #1,,,,
11/29/2025,04:56:28 PM,America/Chicago,Grocery & Pantry,Instant Oatmeal Packets,GRO-010,1,Regular,$1.49,$0.00,$1.49,$0.10,SQ20251129023474,PMT20251129023474,Register 1,,,Payment,Corner Store #1,,,,
11/29/2025,10:13:46 AM,America/Chicago,Bakery,Butter Croissant,BAK-008,1,Regular,$5.99,$0.00,$5.99,$0.42,SQ20251129023488,PMT20251129023488,Mobile POS,,,Payment,Corner Store #1,,,,
11/29/2025,10:13:46 AM,America/Chicago,Grocery & Pantry,Hot Sauce Bottle,GRO-014,1,Regular,$2.99,$0.00,$2.99,$0.21,SQ20251129023488,PMT20251129023488,Register 2,,,Payment,Corner Store #1,,,,
11/29/2025,10:13:46 AM,America/Chicago,Snacks,Beef Jerky Original 2.85oz,SNK-007,1,Regular,$2.49,$0.00,$2.49,$0.17,SQ20251129023488,PMT20251129023488,Register 1,,,Payment,Corner Store #1,,,,
11/30/2025,01:34:06 PM,America/Chicago,Personal Care,Mouthwash 8oz,PCR-003,1,Regular,$4.99,$0.00,$4.99,$0.35,SQ20251130023569,PMT20251130023569,Register 1,,,Payment,Corner Store #1,,,,
11/30/2025,01:34:06 PM,America/Chicago,Personal Care,Cotton Swabs Box,PCR-010,1,Regular,$1.99,$0.00,$1.99,$0.14,SQ20251130023569,PMT20251130023569,Register 1,,,Payment,Corner Store #1,,,,
11/30/2025,01:34:06 PM,America/Chicago,Candy,Starburst Original Bag,CDY-006,1,Regular,$1.49,$0.00,$1.49,$0.10,SQ20251130023569,PMT20251130023569,Mobile POS,,,Payment,Corner Store #1,,,,
11/30/2025,08:39:49 AM,America/Chicago,Beverages,Orange Juice 12oz,BEV-013,1,Regular,$2.49,$0.00,$2.49,$0.17,SQ20251130023571,PMT20251130023571,Mobile POS,,,Payment,Corner Store #1,,,,
11/30/2025,08:39:49 AM,America/Chicago,Beverages,Energy Drink Sugar-Free 16oz,BEV-012,2,Regular,$7.98,$0.00,$7.98,$0.56,SQ20251130023571,PMT20251130023571,Register 1,,,Payment,Corner Store #1,,,,
11/30/2025,07:03:12 PM,America/Chicago,Beverages,Orange Juice 12oz,BEV-013,2,Regular,$4.98,$0.00,$4.98,$0.35,SQ20251130023581,PMT20251130023581,Register 2,,,Payment,Corner Store #1,,,,
11/30/2025,07:03:12 PM,America/Chicago,Snacks,Lay's Classic Chips 1oz,SNK-001,1,Regular,$1.99,$0.00,$1.99,$0.14,SQ20251130023581,PMT20251130023581,Register 1,,,Payment,Corner Store #1,,,,
11/30/2025,07:03:12 PM,America/Chicago,Beverages,Iced Tea Lemon 18.5oz,BEV-010,1,Regular,$3.49,$0.00,$3.49,$0.24,SQ20251130023581,PMT20251130023581,Register 2,,,Payment,Corner Store #1,,,,
12/01/2025,06:40:16 PM,America/Chicago,Household & Cleaning,Air Freshener Spray,HHC-011,2,Regular,$12.98,$0.00,$12.98,$0.91,SQ20251201023659,PMT20251201023659,Register 1,,,Payment,Corner Store #1,,,,
12/01/2025,06:40:16 PM,America/Chicago,Grocery & Pantry,Instant Oatmeal Packets,GRO-010,1,Regular,$1.49,$0.00,$1.49,$0.10,SQ20251201023659,PMT20251201023659,Register 1,,,Payment,Corner Store #1,,,,
12/01/2025,04:32:49 PM,America/Chicago,Health & OTC,Nasal Spray,HOT-013,1,Regular,$12.49,$0.00,$12.49,$0.87,SQ20251201023683,PMT20251201023683,Register 2,,,Payment,Corner Store #1,,Gina Pollard,CUST646666,f50acf03-575d-407b-b8aa-cb89b5cfe9f3
12/01/2025,04:32:49 PM,America/Chicago,Beverages,Orange Juice 12oz,BEV-013,1,Regular,$2.49,$0.00,$2.49,$0.17,SQ20251201023683,PMT20251201023683,Register 2,,,Payment,Corner Store #1,,Gina Pollard,CUST646666,f50acf03-575d-407b-b8aa-cb89b5cfe9f3
12/01/2025,04:32:49 PM,America/Chicago,Bakery,Wheat Sandwich Bread,BAK-002,1,Regular,$5.99,$0.00,$5.99,$0.42,SQ20251201023683,PMT20251201023683,Mobile POS,,,Payment,Corner Store #1,,Gina Pollard,CUST646666,f50acf03-575d-407b-b8aa-cb89b5cfe9f3
12/01/2025,01:27:38 PM,America/Chicago,Frozen Foods,Frozen Popsicles 6-Pack,FRZ-015,1,Regular,$4.99,-$0.50,$4.49,$0.31,SQ20251201023686,PMT20251201023686,Register 2,,,Payment,Corner Store #1,,,,
12/01/2025,01:27:38 PM,America/Chicago,Dairy,Vanilla Yogurt Cup,DAI-009,1,Regular,$5.49,$0.00,$5.49,$0.38,SQ20251201023686,PMT20251201023686,Register 1,,,Payment,Corner Store #1,,,,
12/02/2025,07:31:21 AM,America/Chicago,Grocery & Pantry,Instant Oatmeal Packets,GRO-010,1,Regular,$1.49,$0.00,$1.49,$0.10,SQ20251202023703,PMT20251202023703,Mobile POS,,,Payment,Corner Store #1,,,,
12/02/2025,07:31:21 AM,America/Chicago,Beverages,Chocolate Milk 14oz,BEV-014,1,Regular,$4.50,$0.00,$4.50,$0.32,SQ20251202023703,PMT20251202023703,Mobile POS,,,Payment,Corner Store #1,,,,
12/02/2025,07:31:21 AM,America/Chicago,Frozen Foods,Frozen Chocolate Ice Cream Pint,FRZ-011,1,Regular,$8.49,-$0.85,$7.64,$0.53,SQ20251202023703,PMT20251202023703,Register 1,,,Payment,Corner Store #1,,,,
12/02/2025,07:31:21 AM,America/Chicago,Personal Care,Disposable Razors 2-Pack,PCR-009,1,Regular,$7.49,$0.00,$7.49,$0.52,SQ20251202023703,PMT20251202023703,Register 1,,,Payment,Corner Store #1,,,,
12/02/2025,04:59:49 PM,America/Chicago,Health & OTC,Allergy Relief Tablets,HOT-003,2,Regular,$26.98,$0.00,$26.98,$1.89,SQ20251202023763,PMT20251202023763,Register 2,,,Payment,Corner Store #1,,Jeffrey Reyes,CUST180312,2d82fc21-3236-473f-9cfc-4b98618209e9
12/02/2025,04:59:49 PM,America/Chicago,Personal Care,Toothbrush Single,PCR-002,1,Regular,$8.49,$0.00,$8.49,$0.59,SQ20251202023763,PMT20251202023763,Register 2,,,Payment,Corner Store #1,,Jeffrey Reyes,CUST180312,2d82fc21-3236-473f-9cfc-4b98618209e9
12/02/2025,07:05:03 PM,America/Chicago,Personal Care,Hand Sanitizer 2oz,PCR-007,1,Regular,$3.49,-$0.35,$3.14,$0.22,SQ20251202023765,PMT20251202023765,Mobile POS,,,Payment,Corner Store #1,,,,
12/02/2025,07:05:03 PM,America/Chicago,Health & OTC,Allergy Relief Tablets,HOT-003,1,Regular,$13.49,$0.00,$13.49,$0.94,SQ20251202023765,PMT20251202023765,Register 2,,,Payment,Corner Store #1,,,,
12/02/2025,07:05:03 PM,America/Chicago,Frozen Foods,Frozen Mozzarella Sticks Bag,FRZ-013,1,Regular,$6.49,-$0.65,$5.84,$0.41,SQ20251202023765,PMT20251202023765,Register 2,,,Payment,Corner Store #1,,,,
12/02/2025,07:05:03 PM,America/Chicago,Beverages,Bottled Water 16.9oz,BEV-008,1,Regular,$3.99,$0.00,$3.99,$0.28,SQ20251202023765,PMT20251202023765,Register 2,,,Payment,Corner Store #1,,,,
12/03/2025,07:10:53 AM,America/Chicago,Dairy,Whole Milk 1 Gallon,DAI-001,2,Regular,$6.98,$0.00,$6.98,$0.49,SQ20251203023786,PMT20251203023786,Register 2,,,Payment,Corner Store #1,,,,
12/03/2025,01:57:03 PM,America/Chicago,Grocery & Pantry,Cereal Small Box,GRO-009,1,Regular,$1.49,$0.00,$1.49,$0.10,SQ20251203023802,PMT20251203023802,Register 2,,,Payment,Corner Store #1,,Stacy Henderson,CUST659021,41cb3f4f-bea3-4a4b-b5af-07da7c8196fa
12/03/2025,01:57:03 PM,America/Chicago,Bakery,Hamburger Buns 8-Pack,BAK-013,1,Regular,$2.99,$0.00,$2.99,$0.21,SQ20251203023802,PMT20251203023802,Register 2,,,Payment,Corner Store #1,,Stacy Henderson,CUST659021,41cb3f4f-bea3-4a4b-b5af-07da7c8196fa
12/03/2025,04:45:00 PM,America/Chicago,Snacks,Pretzels Snack Bag 1.5oz,SNK-004,1,Regular,$3.99,$0.00,$3.99,$0.28,SQ20251203023820,PMT20251203023820,Register 2,,,Payment,Corner Store #1,,Kelly Cooper,CUST271022,ecf23b29-ef89-48f5-998c-fc3817de36d7
12/03/2025,04:45:00 PM,America/Chicago,Beverages,Iced Tea Lemon 18.5oz,BEV-010,1,Regular,$3.49,$0.00,$3.49,$0.24,SQ20251203023820,PMT20251203023820,Register 2,,,Payment,Corner Store #1,,Kelly Cooper,CUST271022,ecf23b29-ef89-48f5-998c-fc3817de36d7
12/03/2025,04:45:00 PM,America/Chicago,Grocery & Pantry,Pasta Sauce Jar,GRO-003,1,Regular,$4.99,$0.00,$4.99,$0.35,SQ20251203023820,PMT20251203023820,Register 1,,,Payment,Corner Store #1,,Kelly Cooper,CUST271022,ecf23b29-ef89-48f5-998c-fc3817de36d7
12/04/2025,04:51:26 PM,America/Chicago,Personal Care,Hair Gel Small,PCR-013,2,Regular,$14.98,$0.00,$14.98,$1.05,SQ20251204023853,PMT20251204023853,Mobile POS,,,Payment,Corner Store #1,,,,
12/04/2025,04:56:08 PM,America/Chicago,Health & OTC,First Aid Spray,HOT-009,2,Regular,$21.98,$0.00,$21.98,$1.54,SQ20251204023880,PMT20251204023880,Register 2,,,Payment,Corner Store #1,,,,
12/04/2025,04:56:08 PM,America/Chicago,Personal Care,Hand Sanitizer 2oz,PCR-007,1,Regular,$3.49,-$0.35,$3.14,$0.22,SQ20251204023880,PMT20251204023880,Register 2,,,Payment,Corner Store #1,,,,
12/04/2025,11:17:37 AM,America/Chicago,Personal Care,Band-Aids Box,PCR-011,2,Regular,$10.98,$0.00,$10.98,$0.77,SQ20251204023896,PMT20251204023896,Register 1,,,Payment,Corner Store #1,,,,
12/04/2025,11:17:37 AM,America/Chicago,Personal Care,Travel Size Body Wash,PCR-014,1,Regular,$5.49,$0.00,$5.49,$0.38,SQ20251204023896,PMT20251204023896,Mobile POS,,,Payment,Corner Store #1,,,,
12/04/2025,11:17:37 AM,America/Chicago,Household & Cleaning,Lighter Fluid,HHC-015,2,Regular,$7.98,-$0.80,$7.18,$0.50,SQ20251204023896,PMT20251204023896,Mobile POS,,,Payment,Corner Store #1,,,,
12/05/2025,02:24:19 PM,America/Chicago,Grocery & Pantry,Canned Corn,GRO-005,1,Regular,$4.99,$0.00,$4.99,$0.35,SQ20251205023922,PMT20251205023922,Mobile POS,,,Payment,Corner Store #1,,Tony Ford,CUST615955,7beb76a2-ae0a-4bbe-b28f-11c8acee6f28
12/05/2025,02:24:19 PM,America/Chicago,Health & OTC,Digital Thermometer,HOT-012,1,Regular,$3.99,$0.00,$3.99,$0.28,SQ20251205023922,PMT20251205023922,Register 2,,,Payment,Corner Store #1,,Tony Ford,CUST615955,7beb76a2-ae0a-4bbe-b28f-11c8acee6f28
12/05/2025,02:24:19 PM,America/Chicago,Personal Care,Toothbrush Single,PCR-002,1,Regular,$8.49,$0.00,$8.49,$0.59,SQ20251205023922,PMT20251205023922,Register 2,,,Payment,Corner Store #1,,Tony Ford,CUST615955,7beb76a2-ae0a-4bbe-b28f-11c8acee6f28
12/05/2025,04:58:58 PM,America/Chicago,Bakery,Wheat Sandwich Bread,BAK-002,2,Regular,$11.98,$0.00,$11.98,$0.84,SQ20251205023929,PMT20251205023929,Mobile POS,,,Payment,Corner Store #1,,,,
12/05/2025,04:58:58 PM,America/Chicago,Household & Cleaning,Toilet Paper 4-Pack,HHC-002,1,Regular,$2.99,$0.00,$2.99,$0.21,SQ20251205023929,PMT20251205023929,Register 2,,,Payment,Corner Store #1,,,,
12/05/2025,07:30:26 AM,America/Chicago,Personal Care,Travel Size Body Wash,PCR-014,1,Regular,$5.49,$0.00,$5.49,$0.38,SQ20251205023965,PMT20251205023965,Register 1,,,Payment,Corner Store #1,,,,
12/06/2025,07:41:42 AM,America/Chicago,Frozen Foods,Frozen Pepperoni Pizza,FRZ-001,1,Regular,$8.49,$0.00,$8.49,$0.59,SQ20251206024006,PMT20251206024006,Register 2,,,Payment,Corner Store #1,,,,
12/06/2025,07:41:42 AM,America/Chicago,Health & OTC,First Aid Spray,HOT-009,2,Regular,$21.98,$0.00,$21.98,$1.54,SQ20251206024006,PMT20251206024006,Mobile POS,,,Payment,Corner Store #1,,,,
12/06/2025,07:41:42 AM,America/Chicago,Household & Cleaning,Matches Box,HHC-014,1,Regular,$11.49,-$1.15,$10.34,$0.72,SQ20251206024006,PMT20251206024006,Register 2,,,Payment,Corner Store #1,,,,
12/06/2025,01:41:48 PM,America/Chicago,Frozen Foods,Frozen Mozzarella Sticks Bag,FRZ-013,1,Regular,$6.49,$0.00,$6.49,$0.45,SQ20251206024016,PMT20251206024016,Mobile POS,,,Payment,Corner Store #1,,,,
12/06/2025,01:41:48 PM,America/Chicago,Beverages,Energy Drink Sugar-Free 16oz,BEV-012,1,Regular,$3.99,$0.00,$3.99,$0.28,SQ20251206024016,PMT20251206024016,Mobile POS,,,Payment,Corner Store #1,,,,
12/06/2025,07:02:04 PM,America/Chicago,Dairy,Greek Yogurt Cup,DAI-008,3,Regular,$13.47,$0.00,$13.47,$0.94,SQ20251206024042,PMT20251206024042,Register 1,,,Payment,Corner Store #1,,Jeffrey Huerta,CUST295303,999bd9dc-8ed7-4321-9603-df5b5d559a4b
12/06/2025,07:02:04 PM,America/Chicago,Frozen Foods,Frozen Vanilla Ice Cream Pint,FRZ-010,1,Regular,$3.49,$0.00,$3.49,$0.24,SQ20251206024042,PMT20251206024042,Register 2,,,Payment,Corner Store #1,,Jeffrey Huerta,CUST295303,999bd9dc-8ed7-4321-9603-df5b5d559a4b
12/06/2025,07:02:04 PM,America/Chicago,Candy,Skittles Original Bag,CDY-005,1,Regular,$2.49,$0.00,$2.49,$0.17,SQ20251206024042,PMT20251206024042,Mobile POS,,,Payment,Corner Store #1,,Jeffrey Huerta,CUST295303,999bd9dc-8ed7-4321-9603-df5b5d559a4b
12/07/2025,04:11:08 PM,America/Chicago,Grocery & Pantry,White Rice 2lb Bag,GRO-001,2,Regular,$8.98,$0.00,$8.98,$0.63,SQ20251207024078,PMT20251207024078,Mobile POS,,,Payment,Corner Store #1,,,,
12/07/2025,04:11:08 PM,America/Chicago,Frozen Foods,Frozen Burritos 4-Pack,FRZ-003,2,Regular,$17.98,-$1.80,$16.18,$1.13,SQ20251207024078,PMT20251207024078,Register 2,,,Payment,Corner Store #1,,,,
12/07/2025,10:58:25 AM,America/Chicago,Bakery,Blueberry Muffin,BAK-004,1,Regular,$2.49,$0.00,$2.49,$0.17,SQ20251207024091,PMT20251207024091,Register 1,,,Payment,Corner Store #1,,,,
12/07/2025,10:58:25 AM,America/Chicago,Personal Care,Travel Size Body Wash,PCR-014,2,Regular,$10.98,$0.00,$10.98,$0.77,SQ20251207024091,PMT20251207024091,Register 1,,,Payment,Corner Store #1,,,,
12/07/2025,03:22:39 PM,America/Chicago,Beverages,Orange Juice 12oz,BEV-013,1,Regular,$2.49,$0.00,$2.49,$0.17,SQ20251207024106,PMT20251207024106,Register 2,,,Payment,Corner Store #1,,,,
12/08/2025,11:30:25 AM,America/Chicago,Health & OTC,Antibacterial Ointment Tube,HOT-015,1,Regular,$9.99,$0.00,$9.99,$0.70,SQ20251208024129,PMT20251208024129,Register 2,,,Payment,Corner Store #1,,Kristy Martin,CUST816603,f310d097-5afb-4dd8-8509-d4f813770b12
12/08/2025,12:00:23 PM,America/Chicago,Household & Cleaning,Aluminum Foil Roll,HHC-008,1,Regular,$4.49,-$0.45,$4.04,$0.28,SQ20251208024132,PMT20251208024132,Mobile POS,,,Payment,Corner Store #1,,,,
12/08/2025,09:22:40 AM,America/Chicago,Beverages,Iced Tea Lemon 18.5oz,BEV-010,2,Regular,$6.98,$0.00,$6.98,$0.49,SQ20251208024164,PMT20251208024164,Register 2,,,Payment,Corner Store #1,,Dana Cunningham,CUST461324,403fdb3e-7a98-4aad-96c5-42c52e5bf0a8
12/08/2025,09:22:40 AM,America/Chicago,Beverages,Iced Latte Bottle 13oz,BEV-015,2,Regular,$3.98,$0.00,$3.98,$0.28,SQ20251208024164,PMT20251208024164,Register 1,,,Payment,Corner Store #1,,Dana Cunningham,CUST461324,403fdb3e-7a98-4aad-96c5-42c52e5bf0a8
12/09/2025,12:58:48 PM,America/Chicago,Candy,Starburst Original Bag,CDY-006,2,Regular,$2.98,$0.00,$2.98,$0.21,SQ20251209024235,PMT20251209024235,Register 2,,,Payment,Corner Store #1,,,,
12/09/2025,06:09:07 PM,America/Chicago,Frozen Foods,Frozen Corn Dogs 4-Pack,FRZ-012,3,Regular,$17.97,$0.00,$17.97,$1.26,SQ20251209024237,PMT20251209024237,Register 2,,,Payment,Corner Store #1,,,,
12/10/2025,02:14:47 PM,America/Chicago,Snacks,Beef Jerky Original 2.85oz,SNK-007,1,Regular,$2.49,$0.00,$2.49,$0.17,SQ20251210024269,PMT20251210024269,Register 2,,,Payment,Corner Store #1,,Kristen Lambert,CUST655650,80355d33-abd7-44e5-818a-92e7fb72b675
12/10/2025,09:02:40 AM,America/Chicago,Bakery,Cinnamon Roll,BAK-010,1,Regular,$5.49,$0.00,$5.49,$0.38,SQ20251210024277,PMT20251210024277,Register 2,,,Payment,Corner Store #1,,Joseph Harrell,CUST552753,c4f8f025-0882-4553-9ef7-1953f20ffd3d
12/10/2025,05:26:35 PM,America/Chicago,Health & OTC,Face Masks 5-Pack,HOT-011,1,Regular,$12.49,$0.00,$12.49,$0.87,SQ20251210024309,PMT20251210024309,Register 2,,,Payment,Corner Store #1,,,,
12/11/2025,12:25:55 PM,America/Chicago,Dairy,Sour Cream 8oz,DAI-010,1,Regular,$5.99,$0.00,$5.99,$0.42,SQ20251211024342,PMT20251211024342,Register 1,,,Payment,Corner Store #1,,,,
12/11/2025,12:25:55 PM,America/Chicago,Bakery,Wheat Sandwich Bread,BAK-002,1,Regular,$5.99,$0.00,$5.99,$0.42,SQ20251211024342,PMT20251211024342,Register 2,,,Payment,Corner Store #1,,,,
12/11/2025,12:25:55 PM,America/Chicago,Beverages,Iced Latte Bottle 13oz,BEV-015,1,Regular,$1.99,$0.00,$1.99,$0.14,SQ20251211024342,PMT20251211024342,Mobile POS,,,Payment,Corner Store #1,,,,
12/11/2025,12:25:55 PM,America/Chicago,Household & Cleaning,Aluminum Foil Roll,HHC-008,3,Regular,$13.47,$0.00,$13.47,$0.94,SQ20251211024342,PMT20251211024342,Register 1,,,Payment,Corner Store #1,,,,
12/11/2025,07:13:06 PM,America/Chicago,Personal Care,Travel Size Shampoo,PCR-005,1,Regular,$3.99,$0.00,$3.99,$0.28,SQ20251211024351,PMT20251211024351,Register 2,,,Payment,Corner Store #1,,Melanie Mcintosh,CUST127785,ca256296-9b63-4d1f-8f67-3cae6269ce84
12/11/2025,07:13:06 PM,America/Chicago,Snacks,Tortilla Chips Family Size,SNK-011,1,Regular,$2.99,$0.00,$2.99,$0.21,SQ20251211024351,PMT20251211024351,Mobile POS,,,Payment,Corner Store #1,,Melanie Mcintosh,CUST127785,ca256296-9b63-4d1f-8f67-3cae6269ce84
12/12/2025,07:50:18 PM,America/Chicago,Household & Cleaning,Aluminum Foil Roll,HHC-008,1,Regular,$4.49,$0.00,$4.49,$0.31,SQ20251212024399,PMT20251212024399,Register 1,,,Payment,Corner Store #1,,,,
12/12/2025,11:11:56 AM,America/Chicago,Health & OTC,Digital Thermometer,HOT-012,1,Regular,$3.99,$0.00,$3.99,$0.28,SQ20251212024402,PMT20251212024402,Register 1,,,Payment,Corner Store #1,,,,
12/12/2025,11:11:56 AM,America/Chicago,Health & OTC,Digital Thermometer,HOT-012,1,Regular,$3.99,$0.00,$3.99,$0.28,SQ20251212024402,PMT20251212024402,Mobile POS,,,Payment,Corner Store #1,,,,
12/12/2025,12:45:28 PM,America/Chicago,Frozen Foods,Frozen Mozzarella Sticks Bag,FRZ-013,1,Regular,$6.49,$0.00,$6.49,$0.45,SQ20251212024429,PMT20251212024429,Register 1,,,Payment,Corner Store #1,,,,
12/13/2025,08:18:44 AM,America/Chicago,Personal Care,Bar Soap 2-Pack,PCR-004,1,Regular,$3.99,$0.00,$3.99,$0.28,SQ20251213024456,PMT20251213024456,Register 2,,,Payment,Corner Store #1,,Emily Green,CUST755315,00def351-452f-4deb-a4bf-7a1bc34d627f
12/13/2025,07:15:12 PM,America/Chicago,Frozen Foods,Frozen Popsicles 6-Pack,FRZ-015,1,Regular,$4.99,$0.00,$4.99,$0.35,SQ20251213024461,PMT20251213024461,Register 1,,,Payment,Corner Store #1,,,,
12/13/2025,07:15:12 PM,America/Chicago,Health & OTC,Reading Glasses +2.0,HOT-010,2,Regular,$17.98,-$1.80,$16.18,$1.13,SQ20251213024461,PMT20251213024461,Register 1,,,Payment,Corner Store #1,,,,
12/13/2025,12:52:15 PM,America/Chicago,Snacks,Pita Chips Sea Salt 1.5oz,SNK-015,1,Regular,$3.49,$0.00,$3.49,$0.24,SQ20251213024525,PMT20251213024525,Register 1,,,Payment,Corner Store #1,,Brandon Stewart,CUST460699,ac7ae1c0-0580-4992-959f-27e6cdb00b1d
12/13/2025,12:52:15 PM,America/Chicago,Snacks,Beef Jerky Original 2.85oz,SNK-007,1,Regular,$2.49,$0.00,$2.49,$0.17,SQ20251213024525,PMT20251213024525,Register 2,,,Payment,Corner Store #1,,Brandon Stewart,CUST460699,ac7ae1c0-0580-4992-959f-27e6cdb00b1d
12/13/2025,03:26:04 PM,America/Chicago,Household & Cleaning,Sponges 3-Pack,HHC-007,1,Regular,$9.49,-$0.95,$8.54,$0.60,SQ20251213024526,PMT20251213024526,Mobile POS,,,Payment,Corner Store #1,,,,
12/14/2025,10:15:21 AM,America/Chicago,Bakery,Blueberry Muffin,BAK-004,1,Regular,$2.49,$0.00,$2.49,$0.17,SQ20251214024585,PMT20251214024585,Register 1,,,Payment,Corner Store #1,,Roger Orozco,CUST694995,b75d4aef-85ff-40ee-9faa-e3df72ea0f6d
12/14/2025,10:15:21 AM,America/Chicago,Household & Cleaning,Plastic Wrap Roll,HHC-009,1,Regular,$7.49,$0.00,$7.49,$0.52,SQ20251214024585,PMT20251214024585,Register 2,,,Payment,Corner Store #1,,Roger Orozco,CUST694995,b75d4aef-85ff-40ee-9faa-e3df72ea0f6d
12/14/2025,06:53:32 PM,America/Chicago,Health & OTC,Acetaminophen Tablets Small Bottle,HOT-002,1,Regular,$10.99,$0.00,$10.99,$0.77,SQ20251214024612,PMT20251214024612,Register 2,,,Payment,Corner Store #1,,Jordan Williams,CUST356669,d4c69a13-a111-4eaf-9061-b34d79bdc5f9
12/14/2025,04:04:53 PM,America/Chicago,Beverages,Iced Latte Bottle 13oz,BEV-015,1,Regular,$1.99,$0.00,$1.99,$0.14,SQ20251214024613,PMT20251214024613,Register 1,,,Payment,Corner Store #1,,,,
12/14/2025,04:04:53 PM,America/Chicago,Grocery & Pantry,Grape Jelly Jar,GRO-008,1,Regular,$3.49,$0.00,$3.49,$0.24,SQ20251214024613,PMT20251214024613,Register 2,,,Payment,Corner Store #1,,,,
12/14/2025,04:04:53 PM,America/Chicago,Health & OTC,Face Masks 5-Pack,HOT-011,1,Regular,$12.49,$0.00,$12.49,$0.87,SQ20251214024613,PMT20251214024613,Register 2,,,Payment,Corner Store #1,,,,
12/15/2025,11:10:39 AM,America/Chicago,Snacks,Trail Mix Pouch 2oz,SNK-006,1,Regular,$3.99,$0.00,$3.99,$0.28,SQ20251215024652,PMT20251215024652,Register 1,,,Payment,Corner Store #1,,,,
12/15/2025,11:42:36 AM,America/Chicago,Personal Care,Band-Aids Box,PCR-011,1,Regular,$5.49,$0.00,$5.49,$0.38,SQ20251215024653,PMT20251215024653,Register 1,,,Payment,Corner Store #1,,William Paul,CUST109722,660b29ab-62e6-49af-82b2-490621655c1f
12/15/2025,06:50:04 PM,America/Chicago,Personal Care,Toothpaste Tube,PCR-001,2,Regular,$11.98,$0.00,$11.98,$0.84,SQ20251215024682,PMT20251215024682,Register 1,,,Payment,Corner Store #1,,,,
12/16/2025,03:11:40 PM,America/Chicago,Bakery,Wheat Sandwich Bread,BAK-002,2,Regular,$11.98,$0.00,$11.98,$0.84,SQ20251216024694,PMT20251216024694,Register 1,,,Payment,Corner Store #1,,,,
12/16/2025,07:06:34 AM,America/Chicago,Beverages,Orange Juice 12oz,BEV-013,1,Regular,$2.49,-$0.25,$2.24,$0.16,SQ20251216024701,PMT20251216024701,Mobile POS,,,Payment,Corner Store #1,,Jeffrey Ward,CUST284231,a6f3f7af-3d64-4028-9c03-6ebe43840061
12/17/2025,07:40:23 PM,America/Chicago,Snacks,Beef Jerky Original 2.85oz,SNK-007,1,Regular,$2.49,-$0.25,$2.24,$0.16,SQ20251217024770,PMT20251217024770,Register 1,,,Payment,Corner Store #1,,,,
12/17/2025,07:40:23 PM,America/Chicago,Frozen Foods,Frozen Vanilla Ice Cream Pint,FRZ-010,1,Regular,$3.49,$0.00,$3.49,$0.24,SQ20251217024770,PMT20251217024770,Register 2,,,Payment,Corner Store #1,,,,
12/17/2025,07:07:47 PM,America/Chicago,Household & Cleaning,Sponges 3-Pack,HHC-007,1,Regular,$9.49,$0.00,$9.49,$0.66,SQ20251217024797,PMT20251217024797,Mobile POS,,,Payment,Corner Store #1,,,,
12/17/2025,07:24:52 AM,America/Chicago,Grocery & Pantry,Pasta Sauce Jar,GRO-003,1,Regular,$4.99,$0.00,$4.99,$0.35,SQ20251217024798,PMT20251217024798,Mobile POS,,,Payment,Corner Store #1,,,,
12/18/2025,07:14:41 PM,America/Chicago,Household & Cleaning,Trash Bags 13-Gallon 10-Pack,HHC-006,1,Regular,$2.99,$0.00,$2.99,$0.21,SQ20251218024827,PMT20251218024827,Register 2,,,Payment,Corner Store #1,,Rachel Chen,CUST104619,f24c7474-030a-4f26-af00-2913c1c5225b
12/18/2025,10:56:15 AM,America/Chicago,Grocery & Pantry,Cereal Small Box,GRO-009,1,Regular,$1.49,$0.00,$1.49,$0.10,SQ20251218024861,PMT20251218024861,Mobile POS,,,Payment,Corner Store #1,,Kathryn Ward,CUST612373,d630dc94-5ce1-41b9-b37f-9b70d60abbbe
12/18/2025,10:56:15 AM,America/Chicago,Frozen Foods,Frozen Vanilla Ice Cream Pint,FRZ-010,3,Regular,$10.47,$0.00,$10.47,$0.73,SQ20251218024861,PMT20251218024861,Register 2,,,Payment,Corner Store #1,,Kathryn Ward,CUST612373,d630dc94-5ce1-41b9-b37f-9b70d60abbbe
12/18/2025,10:56:15 AM,America/Chicago,Grocery & Pantry,Instant Oatmeal Packets,GRO-010,1,Regular,$1.49,$0.00,$1.49,$0.10,SQ20251218024861,PMT20251218024861,Mobile POS,,,Payment,Corner Store #1,,Kathryn Ward,CUST612373,d630dc94-5ce1-41b9-b37f-9b70d60abbbe
12/19/2025,11:16:09 AM,America/Chicago,Bakery,Chocolate Donut,BAK-007,1,Regular,$1.99,$0.00,$1.99,$0.14,SQ20251219024887,PMT20251219024887,Register 2,,,Payment,Corner Store #1,,,,
12/19/2025,04:54:20 PM,America/Chicago,Dairy,2% Milk 1 Gallon,DAI-002,2,Regular,$8.98,$0.00,$8.98,$0.63,SQ20251219024893,PMT20251219024893,Mobile POS,,,Payment,Corner Store #1,,,,
12/19/2025,04:54:20 PM,America/Chicago,Personal Care,Travel Size Body Wash,PCR-014,1,Regular,$5.49,-$0.55,$4.94,$0.35,SQ20251219024893,PMT20251219024893,Mobile POS,,,Payment,Corner Store #1,,,,
12/19/2025,04:54:20 PM,America/Chicago,Household & Cleaning,Lighter Fluid,HHC-015,2,Regular,$7.98,$0.00,$7.98,$0.56,SQ20251219024893,PMT20251219024893,Register 1,,,Payment,Corner Store #1,,,,
12/19/2025,04:54:20 PM,America/Chicago,Bakery,Chocolate Chip Muffin,BAK-005,3,Regular,$10.47,$0.00,$10.47,$0.73,SQ20251219024893,PMT20251219024893,Mobile POS,,,Payment,Corner Store #1,,,,
12/19/2025,07:08:15 PM,America/Chicago,Household & Cleaning,Trash Bags 13-Gallon 10-Pack,HHC-006,2,Regular,$5.98,$0.00,$5.98,$0.42,SQ20251219024922,PMT20251219024922,Mobile POS,,,Payment,Corner Store #1,,,,
12/19/2025,07:08:15 PM,America/Chicago,Dairy,Greek Yogurt Cup,DAI-008,1,Regular,$4.49,$0.00,$4.49,$0.31,SQ20251219024922,PMT20251219024922,Register 2,,,Payment,Corner Store #1,,,,
12/19/2025,07:08:15 PM,America/Chicago,Personal Care,Cotton Swabs Box,PCR-010,1,Regular,$1.99,$0.00,$1.99,$0.14,SQ20251219024922,PMT20251219024922,Register 1,,,Payment,Corner Store #1,,,,
12/20/2025,06:49:43 PM,America/Chicago,Personal Care,Deodorant Stick,PCR-006,1,Regular,$2.99,$0.00,$2.99,$0.21,SQ20251220024945,PMT20251220024945,Register 1,,,Payment,Corner Store #1,,Debbie Lopez,CUST662015,a717ff18-7f2e-4db1-aca9-ff8fca894a53
12/20/2025,12:49:27 PM,America/Chicago,Household & Cleaning,Batteries AA 4-Pack,HHC-012,1,Regular,$6.49,$0.00,$6.49,$0.45,SQ20251220024967,PMT20251220024967,Register 1,,,Payment,Corner Store #1,,,,
12/20/2025,02:53:12 PM,America/Chicago,Health & OTC,Allergy Relief Tablets,HOT-003,1,Regular,$13.49,$0.00,$13.49,$0.94,SQ20251220025000,PMT20251220025000,Mobile POS,,,Payment,Corner Store #1,,,,
12/20/2025,02:53:12 PM,America/Chicago,Candy,Twix Bar,CDY-008,2,Regular,$2.98,$0.00,$2.98,$0.21,SQ20251220025000,PMT20251220025000,Register 1,,,Payment,Corner Store #1,,,,
12/20/2025,02:53:12 PM,America/Chicago,Beverages,Sparkling Water Lime 12oz,BEV-009,1,Regular,$1.99,$0.00,$1.99,$0.14,SQ20251220025000,PMT20251220025000,Mobile POS,,,Payment,Corner Store #1,,,,
12/21/2025,08:39:12 AM,America/Chicago,Household & Cleaning,Aluminum Foil Roll,HHC-008,1,Regular,$4.49,$0.00,$4.49,$0.31,SQ20251221025028,PMT20251221025028,Register 2,,,Payment,Corner Store #1,,Sarah Turner,CUST138202,8f21f5d6-8b62-47cc-993b-c04fb6e0e668
12/21/2025,04:21:38 PM,America/Chicago,Household & Cleaning,Lighter Fluid,HHC-015,1,Regular,$3.99,$0.00,$3.99,$0.28,SQ20251221025089,PMT20251221025089,Register 2,,,Payment,Corner Store #1,,,,
12/21/2025,04:21:38 PM,America/Chicago,Snacks,Pork Rinds 2.5oz,SNK-008,1,Regular,$1.49,$0.00,$1.49,$0.10,SQ20251221025089,PMT20251221025089,Mobile POS,,,Payment,Corner Store #1,,,,
12/21/2025,04:21:38 PM,America/Chicago,Candy,Milky Way Bar,CDY-012,2,Regular,$2.98,$0.00,$2.98,$0.21,SQ20251221025089,PMT20251221025089,Mobile POS,,,Payment,Corner Store #1,,,,
12/21/2025,12:38:40 PM,America/Chicago,Health & OTC,Antibacterial Ointment Tube,HOT-015,2,Regular,$19.98,$0.00,$19.98,$1.40,SQ20251221025093,PMT20251221025093,Register 1,,,Payment,Corner Store #1,,,,
12/22/2025,06:33:06 PM,America/Chicago,Personal Care,Disposable Razors 2-Pack,PCR-009,1,Regular,$7.49,$0.00,$7.49,$0.52,SQ20251222025108,PMT20251222025108,Mobile POS,,,Payment,Corner Store #1,,Ann Berry,CUST875477,6e459021-b7f8-4fbb-91af-c0bafca68d96
12/22/2025,06:33:06 PM,America/Chicago,Grocery & Pantry,Hot Sauce Bottle,GRO-014,1,Regular,$2.99,$0.00,$2.99,$0.21,SQ20251222025108,PMT20251222025108,Mobile POS,,,Payment,Corner Store #1,,Ann Berry,CUST875477,6e459021-b7f8-4fbb-91af-c0bafca68d96
12/22/2025,06:33:06 PM,America/Chicago,Grocery & Pantry,White Rice 2lb Bag,GRO-001,1,Regular,$4.49,$0.00,$4.49,$0.31,SQ20251222025108,PMT20251222025108,Register 2,,,Payment,Corner Store #1,,Ann Berry,CUST875477,6e459021-b7f8-4fbb-91af-c0bafca68d96
12/22/2025,06:39:48 PM,America/Chicago,Candy,Tic Tac Mints,CDY-014,1,Regular,$2.99,$0.00,$2.99,$0.21,SQ20251222025157,PMT20251222025157,Register 2,,,Payment,Corner Store #1,,,,
12/22/2025,08:26:11 AM,America/Chicago,Frozen Foods,Frozen Mixed Vegetables Bag,FRZ-006,1,Regular,$2.50,$0.00,$2.50,$0.18,SQ20251222025159,PMT20251222025159,Register 1,,,Payment,Corner Store #1,,Michelle Chan,CUST201828,43775a1a-727f-4ed3-baa9-462dd30a0592
12/22/2025,08:26:11 AM,America/Chicago,Grocery & Pantry,Ketchup Bottle,GRO-013,1,Regular,$5.99,$0.00,$5.99,$0.42,SQ20251222025159,PMT20251222025159,Mobile POS,,,Payment,Corner Store #1,,Michelle Chan,CUST201828,43775a1a-727f-4ed3-baa9-462dd30a0592
12/23/2025,06:40:25 PM,America/Chicago,Frozen Foods,Frozen Popsicles 6-Pack,FRZ-015,1,Regular,$4.99,$0.00,$4.99,$0.35,SQ20251223025187,PMT20251223025187,Register 1,,,Payment,Corner Store #1,,,,
12/23/2025,06:40:25 PM,America/Chicago,Candy,Twix Bar,CDY-008,1,Regular,$1.49,$0.00,$1.49,$0.10,SQ20251223025187,PMT20251223025187,Register 1,,,Payment,Corner Store #1,,,,
12/23/2025,06:40:25 PM,America/Chicago,Candy,3 Musketeers Bar,CDY-013,2,Regular,$3.98,$0.00,$3.98,$0.28,SQ20251223025187,PMT20251223025187,Register 1,,,Payment,Corner Store #1,,,,
12/23/2025,11:27:56 AM,America/Chicago,Grocery & Pantry,Pasta Sauce Jar,GRO-003,2,Regular,$9.98,$0.00,$9.98,$0.70,SQ20251223025210,PMT20251223025210,Register 2,,,Payment,Corner Store #1,,,,
12/24/2025,08:17:04 PM,America/Chicago,Frozen Foods,Frozen Breakfast Sandwich,FRZ-008,1,Regular,$6.49,$0.00,$6.49,$0.45,SQ20251224025236,PMT20251224025236,Register 1,,,Payment,Corner Store #1,,,,
12/24/2025,08:17:04 PM,America/Chicago,Health & OTC,Digital Thermometer,HOT-012,1,Regular,$3.99,$0.00,$3.99,$0.28,SQ20251224025236,PMT20251224025236,Register 2,,,Payment,Corner Store #1,,,,
12/24/2025,08:17:04 PM,America/Chicago,Beverages,Gatorade Lemon-Lime 28oz,BEV-006,1,Regular,$1.49,$0.00,$1.49,$0.10,SQ20251224025236,PMT20251224025236,Mobile POS,,,Payment,Corner Store #1,,,,
12/24/2025,04:01:22 PM,America/Chicago,Beverages,Energy Drink Original 16oz,BEV-011,1,Regular,$3.49,$0.00,$3.49,$0.24,SQ20251224025241,PMT20251224025241,Register 2,,,Payment,Corner Store #1,,,,
12/24/2025,04:01:22 PM,America/Chicago,Candy,M&M's Plain Bag,CDY-003,2,Regular,$3.98,$0.00,$3.98,$0.28,SQ20251224025241,PMT20251224025241,Mobile POS,,,Payment,Corner Store #1,,,,
12/24/2025,04:01:22 PM,America/Chicago,Candy,M&M's Peanut Bag,CDY-002,2,Regular,$4.98,$0.00,$4.98,$0.35,SQ20251224025241,PMT20251224025241,Register 1,,,Payment,Corner Store #1,,,,
12/24/2025,04:01:22 PM,America/Chicago,Dairy,Cream Cheese 8oz,DAI-011,1,Regular,$6.99,$0.00,$6.99,$0.49,SQ20251224025241,PMT20251224025241,Register 1,,,Payment,Corner Store #1,,,,
12/25/2025,07:32:36 AM,America/Chicago,Frozen Foods,Frozen Chicken Nuggets Bag,FRZ-005,1,Regular,$3.49,$0.00,$3.49,$0.24,SQ20251225025292,PMT20251225025292,Mobile POS,,,Payment,Corner Store #1,,,,
12/25/2025,07:32:36 AM,America/Chicago,Grocery & Pantry,Cooking Oil Small Bottle,GRO-012,2,Regular,$12.98,$0.00,$12.98,$0.91,SQ20251225025292,PMT20251225025292,Register 1,,,Payment,Corner Store #1,,,,
12/25/2025,12:14:15 PM,America/Chicago,Grocery & Pantry,Instant Oatmeal Packets,GRO-010,2,Regular,$2.98,$0.00,$2.98,$0.21,SQ20251225025293,PMT20251225025293,Mobile POS,,,Payment,Corner Store #1,,Leah Guzman,CUST604417,616b9643-29e7-4d83-9d62-4823e4e5917e
12/25/2025,07:45:03 PM,America/Chicago,Grocery & Pantry,White Rice 2lb Bag,GRO-001,1,Regular,$4.49,-$0.45,$4.04,$0.28,SQ20251225025295,PMT20251225025295,Mobile POS,,,Payment,Corner Store #1,,,,
12/25/2025,07:45:03 PM,America/Chicago,Candy,Life Savers Roll,CDY-015,1,Regular,$2.99,$0.00,$2.99,$0.21,SQ20251225025295,PMT20251225025295,Register 2,,,Payment,Corner Store #1,,,,
12/26/2025,08:53:13 PM,America/Chicago,Bakery,Chocolate Donut,BAK-007,1,Regular,$1.99,$0.00,$1.99,$0.14,SQ20251226025328,PMT20251226025328,Mobile POS,,,Payment,Corner Store #1,,Kara Dunlap,CUST334915,68f5ca43-ac51-4301-80b9-dbe1f084d41b
12/26/2025,08:53:13 PM,America/Chicago,Health & OTC,Acetaminophen Tablets Small Bottle,HOT-002,2,Regular,$21.98,$0.00,$21.98,$1.54,SQ20251226025328,PMT20251226025328,Register 1,,,Payment,Corner Store #1,,Kara Dunlap,CUST334915,68f5ca43-ac51-4301-80b9-dbe1f084d41b
12/26/2025,01:01:02 PM,America/Chicago,Frozen Foods,Frozen Vanilla Ice Cream Pint,FRZ-010,1,Regular,$3.49,$0.00,$3.49,$0.24,SQ20251226025349,PMT20251226025349,Register 2,,,Payment,Corner Store #1,,,,
12/26/2025,04:00:27 PM,America/Chicago,Grocery & Pantry,Instant Oatmeal Packets,GRO-010,2,Regular,$2.98,$0.00,$2.98,$0.21,SQ20251226025392,PMT20251226025392,Register 2,,,Payment,Corner Store #1,,,,
12/27/2025,02:10:22 PM,America/Chicago,Grocery & Pantry,Peanut Butter Jar,GRO-007,1,Regular,$1.99,-$0.20,$1.79,$0.13,SQ20251227025399,PMT20251227025399,Register 2,,,Payment,Corner Store #1,,Elizabeth Mclaughlin,CUST927525,f26ac7c0-3560-4649-a434-0ac904b4baef
12/27/2025,04:15:57 PM,America/Chicago,Health & OTC,Digital Thermometer,HOT-012,1,Regular,$3.99,$0.00,$3.99,$0.28,SQ20251227025457,PMT20251227025457,Register 1,,,Payment,Corner Store #1,,Briana Finley,CUST723978,b5183180-c325-47ee-b61c-2613b7fc799a
12/27/2025,04:15:57 PM,America/Chicago,Beverages,Sprite 20oz Bottle,BEV-003,2,Regular,$2.98,$0.00,$2.98,$0.21,SQ20251227025457,PMT20251227025457,Register 1,,,Payment,Corner Store #1,,Briana Finley,CUST723978,b5183180-c325-47ee-b61c-2613b7fc799a
12/27/2025,12:17:13 PM,America/Chicago,Snacks,Trail Mix Pouch 2oz,SNK-006,2,Regular,$7.98,$0.00,$7.98,$0.56,SQ20251227025466,PMT20251227025466,Register 1,,,Payment,Corner Store #1,,Angela Jackson,CUST866532,7143f782-6faa-4d30-b7af-962c86cd22c1
12/27/2025,12:17:13 PM,America/Chicago,Personal Care,Cotton Swabs Box,PCR-010,1,Regular,$1.99,$0.00,$1.99,$0.14,SQ20251227025466,PMT20251227025466,Register 2,,,Payment,Corner Store #1,,Angela Jackson,CUST866532,7143f782-6faa-4d30-b7af-962c86cd22c1
12/27/2025,09:58:04 AM,America/Chicago,Bakery,Wheat Sandwich Bread,BAK-002,1,Regular,$5.99,$0.00,$5.99,$0.42,SQ20251227025483,PMT20251227025483,Register 1,,,Payment,Corner Store #1,,,,
12/28/2025,09:00:03 PM,America/Chicago,Frozen Foods,Frozen Vanilla Ice Cream Pint,FRZ-010,1,Regular,$3.49,$0.00,$3.49,$0.24,SQ20251228025507,PMT20251228025507,Register 2,,,Payment,Corner Store #1,,Julia Bradley,CUST536147,73757c15-f37a-4ed7-a7ba-8e10179f5e2a
12/28/2025,09:00:03 PM,America/Chicago,Health & OTC,Digital Thermometer,HOT-012,2,Regular,$7.98,$0.00,$7.98,$0.56,SQ20251228025507,PMT20251228025507,Register 2,,,Payment,Corner Store #1,,Julia Bradley,CUST536147,73757c15-f37a-4ed7-a7ba-8e10179f5e2a
12/28/2025,09:00:03 PM,America/Chicago,Beverages,Orange Juice 12oz,BEV-013,1,Regular,$2.49,$0.00,$2.49,$0.17,SQ20251228025507,PMT20251228025507,Register 1,,,Payment,Corner Store #1,,Julia Bradley,CUST536147,73757c15-f37a-4ed7-a7ba-8e10179f5e2a
12/28/2025,06:28:09 PM,America/Chicago,Bakery,Chocolate Donut,BAK-007,1,Regular,$1.99,$0.00,$1.99,$0.14,SQ20251228025517,PMT20251228025517,Mobile POS,,,Payment,Corner Store #1,,,,
12/28/2025,06:28:09 PM,America/Chicago,Candy,Life Savers Roll,CDY-015,1,Regular,$2.99,$0.00,$2.99,$0.21,SQ20251228025517,PMT20251228025517,Register 2,,,Payment,Corner Store #1,,,,
12/28/2025,11:44:32 AM,America/Chicago,Frozen Foods,Frozen Mixed Vegetables Bag,FRZ-006,3,Regular,$7.50,$0.00,$7.50,$0.53,SQ20251228025537,PMT20251228025537,Register 1,,,Payment,Corner Store #1,,,,
12/28/2025,11:44:32 AM,America/Chicago,Bakery,Butter Croissant,BAK-008,1,Regular,$5.99,$0.00,$5.99,$0.42,SQ20251228025537,PMT20251228025537,Mobile POS,,,Payment,Corner Store #1,,,,
12/28/2025,11:44:32 AM,America/Chicago,Snacks,Doritos Nacho Cheese 1oz,SNK-002,1,Regular,$2.49,$0.00,$2.49,$0.17,SQ20251228025537,PMT20251228025537,Register 1,,,Payment,Corner Store #1,,,,
12/29/2025,08:00:14 AM,America/Chicago,Snacks,Rice Cakes Snack Pack,SNK-013,2,Regular,$3.98,$0.00,$3.98,$0.28,SQ20251229025605,PMT20251229025605,Mobile POS,,,Payment,Corner Store #1,,Jenna Mclaughlin,CUST735595,40673e2d-5019-4df2-8c20-8a50aee44208
12/29/2025,03:16:18 PM,America/Chicago,Personal Care,Travel Size Shampoo,PCR-005,1,Regular,$3.99,$0.00,$3.99,$0.28,SQ20251229025606,PMT20251229025606,Register 2,,,Payment,Corner Store #1,,,,
12/29/2025,03:16:18 PM,America/Chicago,Candy,M&M's Plain Bag,CDY-003,1,Regular,$1.99,$0.00,$1.99,$0.14,SQ20251229025606,PMT20251229025606,Mobile POS,,,Payment,Corner Store #1,,,,
12/29/2025,04:14:42 PM,America/Chicago,Frozen Foods,Frozen Ice Cream Sandwiches 6-Pack,FRZ-009,1,Regular,$2.50,$0.00,$2.50,$0.18,SQ20251229025623,PMT20251229025623,Register 1,,,Payment,Corner Store #1,,,,
12/30/2025,11:52:59 AM,America/Chicago,Grocery & Pantry,Instant Oatmeal Packets,GRO-010,2,Regular,$2.98,$0.00,$2.98,$0.21,SQ20251230025639,PMT20251230025639,Register 1,,,Payment,Corner Store #1,,,,
12/30/2025,11:52:59 AM,America/Chicago,Bakery,Wheat Sandwich Bread,BAK-002,1,Regular,$5.99,$0.00,$5.99,$0.42,SQ20251230025639,PMT20251230025639,Register 1,,,Payment,Corner Store #1,,,,
12/30/2025,11:52:59 AM,America/Chicago,Grocery & Pantry,Peanut Butter Jar,GRO-007,1,Regular,$1.99,$0.00,$1.99,$0.14,SQ20251230025639,PMT20251230025639,Register 2,,,Payment,Corner Store #1,,,,
12/30/2025,05:49:37 PM,America/Chicago,Candy,Snickers Bar,CDY-001,1,Regular,$2.49,$0.00,$2.49,$0.17,SQ20251230025649,PMT20251230025649,Mobile POS,,,Payment,Corner Store #1,,,,
12/31/2025,12:32:14 PM,America/Chicago,Household & Cleaning,Dish Soap 12oz,HHC-003,1,Regular,$5.99,$0.00,$5.99,$0.42,SQ20251231025708,PMT20251231025708,Register 1,,,Payment,Corner Store #1,,Shane Ward,CUST688340,f1fb17e1-fe81-4d3f-8cb1-42a4ce193683
12/31/2025,12:32:14 PM,America/Chicago,Beverages,Orange Juice 12oz,BEV-013,2,Regular,$4.98,-$0.50,$4.48,$0.31,SQ20251231025708,PMT20251231025708,Mobile POS,,,Payment,Corner Store #1,,Shane Ward,CUST688340,f1fb17e1-fe81-4d3f-8cb1-42a4ce193683
12/31/2025,07:44:47 PM,America/Chicago,Beverages,Energy Drink Original 16oz,BEV-011,1,Regular,$3.49,$0.00,$3.49,$0.24,SQ20251231025731,PMT20251231025731,Register 2,,,Payment,Corner Store #1,,,,
12/31/2025,07:44:47 PM,America/Chicago,Dairy,Vanilla Yogurt Cup,DAI-009,1,Regular,$5.49,$0.00,$5.49,$0.38,SQ20251231025731,PMT20251231025731,Register 1,,,Payment,Corner Store #1,,,,
